"","uniID","highest.rtu","Quantity"
"1","4.10.2017 184 open","Cicadellidae",3
"2","4.10.2017 184 open","Eupeodesvolucris",1
"3","4.10.2017 184 open","Melyridae",6
"4","4.10.2017 184 open","Mythicomyiidae",6
"5","4.10.2017 184 open","Sciaridae",1
"6","4.10.2017 184 open","Usiinae",1
"7","4.10.2017 184 shrub","Anthidium",1
"8","4.10.2017 184 shrub","Chrysomelidae",1
"9","4.10.2017 184 shrub","Cicadellidae",8
"10","4.10.2017 184 shrub","Lasioglossum",1
"11","4.10.2017 184 shrub","Melyridae",2
"12","4.10.2017 184 shrub","Nymph",3
"13","4.10.2017 189 open","Chloropidae",2
"14","4.10.2017 189 open","Chrysididae",2
"15","4.10.2017 189 open","Cicadellidae",1
"16","4.10.2017 189 open","Halictus",1
"17","4.10.2017 189 open","Heleomyzidae",1
"18","4.10.2017 189 open","Lasioglossum",1
"19","4.10.2017 189 open","Melyridae",2
"20","4.10.2017 189 open","Miridae",1
"21","4.10.2017 189 open","Muscidae",1
"22","4.10.2017 189 open","Mutillidae",1
"23","4.10.2017 189 open","Mythicomyiidae",4
"24","4.10.2017 189 open","Pronotacanthaannulata",1
"25","4.10.2017 189 open","Sciaridae",1
"26","4.10.2017 189 open","Usiinae",1
"27","4.10.2017 189 shrub","Cercopidae",1
"28","4.10.2017 189 shrub","Cicadellidae",4
"29","4.10.2017 189 shrub","Heleomyzidae",1
"30","4.10.2017 189 shrub","Melyridae",2
"31","4.10.2017 189 shrub","Miridae",1
"32","4.10.2017 189 shrub","Miscophus",1
"33","4.10.2017 189 shrub","Mythicomyiidae",6
"34","4.10.2017 189 shrub","Nymph",1
"35","4.10.2017 189 shrub","Pentamoidae",1
"36","4.10.2017 192 open","Aphididae",1
"37","4.10.2017 192 open","Cicadellidae",7
"38","4.10.2017 192 open","Lasioglossum",2
"39","4.10.2017 192 open","Melyridae",1
"40","4.10.2017 192 open","Miridae",2
"41","4.10.2017 192 open","Miscophus",1
"42","4.10.2017 192 open","Mythicomyiidae",5
"43","4.10.2017 192 open","Nymph",3
"44","4.10.2017 192 shrub","Asilidae",1
"45","4.10.2017 192 shrub","Chrysomelidae",1
"46","4.10.2017 192 shrub","Cicadellidae",9
"47","4.10.2017 192 shrub","Curculionidae",1
"48","4.10.2017 192 shrub","Encyrtidae",1
"49","4.10.2017 192 shrub","Eupeodesvolucris",1
"50","4.10.2017 192 shrub","Miridae",1
"51","4.10.2017 192 shrub","Mythicomyiidae",8
"52","4.10.2017 192 shrub","Nymph",4
"53","4.10.2017 192 shrub","Osmia",1
"54","4.10.2017 192 shrub","Signiphoridae",1
"55","4.10.2017 192 shrub","Sphecidae",1
"56","4.10.2017 194 open","Aphoebantus",1
"57","4.10.2017 194 open","Apismellifera",1
"58","4.10.2017 194 open","Cicadellidae",5
"59","4.10.2017 194 open","Eupeodesvolucris",1
"60","4.10.2017 194 open","Lasioglossum",1
"61","4.10.2017 194 open","Melyridae",7
"62","4.10.2017 194 open","Mythicomyiidae",4
"63","4.10.2017 194 shrub","Cicadellidae",2
"64","4.10.2017 194 shrub","Encyrtidae",1
"65","4.10.2017 194 shrub","Formicidae",1
"66","4.10.2017 194 shrub","Miridae",1
"67","4.10.2017 194 shrub","Mythicomyiidae",5
"68","4.10.2017 194 shrub","Pronotacanthaannulata",1
"69","4.10.2017 275 open","Zeroes",0
"70","4.10.2017 275 shrub","Asilidae",1
"71","4.10.2017 275 shrub","Chrysomelidae",1
"72","4.10.2017 275 shrub","Cicadellidae",6
"73","4.10.2017 275 shrub","Coccinellidae",1
"74","4.10.2017 275 shrub","Eupeodesvolucris",1
"75","4.10.2017 275 shrub","Lasioglossum",1
"76","4.10.2017 275 shrub","Melyridae",2
"77","4.10.2017 275 shrub","Mythicomyiidae",11
"78","4.10.2017 275 shrub","Nymph",3
"79","4.10.2017 275 shrub","Orthoptera",1
"80","4.10.2017 275 shrub","Sarcophagidae",1
"81","4.10.2017 296 open","Andrena",1
"82","4.10.2017 296 open","Asilidae",1
"83","4.10.2017 296 open","Bombyliidae",1
"84","4.10.2017 296 open","Chloropidae",2
"85","4.10.2017 296 open","Cicadellidae",5
"86","4.10.2017 296 open","Eupeodesvolucris",1
"87","4.10.2017 296 open","Harpactorinae",1
"88","4.10.2017 296 open","Lasioglossum",1
"89","4.10.2017 296 open","Melyridae",4
"90","4.10.2017 296 open","Mythicomyiidae",8
"91","4.10.2017 296 open","Orthoptera",1
"92","4.10.2017 296 open","Trichogrammatidae",1
"93","4.10.2017 296 open","Usiinae",1
"94","4.10.2017 296 shrub","Asilidae",1
"95","4.10.2017 296 shrub","Buprestidae",1
"96","4.10.2017 296 shrub","Chrysididae",1
"97","4.10.2017 296 shrub","Cicadellidae",8
"98","4.10.2017 296 shrub","Colletes",1
"99","4.10.2017 296 shrub","Halictus",1
"100","4.10.2017 296 shrub","Lasioglossum",2
"101","4.10.2017 296 shrub","Miridae",1
"102","4.10.2017 296 shrub","Miscophus",3
"103","4.10.2017 296 shrub","Mythicomyiidae",5
"104","4.10.2017 296 shrub","Nomadopsis",1
"105","4.10.2017 296 shrub","Therevidae",1
"106","4.11.2017 187 open","Chrysididae",1
"107","4.11.2017 187 open","Cicadellidae",1
"108","4.11.2017 187 open","Ephydridae",1
"109","4.11.2017 187 open","Formicidae",1
"110","4.11.2017 187 open","Heleomyzidae",1
"111","4.11.2017 187 open","Melyridae",3
"112","4.11.2017 187 open","Mythicomyiidae",5
"113","4.11.2017 187 open","Perilampidae",1
"114","4.11.2017 187 shrub","Cecidomyiidae",1
"115","4.11.2017 187 shrub","Cicadellidae",3
"116","4.11.2017 187 shrub","Halictus",1
"117","4.11.2017 187 shrub","Mythicomyiidae",6
"118","4.11.2017 187 shrub","Thysanoptera",1
"119","4.11.2017 193 open","Chloropidae",1
"120","4.11.2017 193 open","destroyed",1
"121","4.11.2017 193 open","Ephydridae",2
"122","4.11.2017 193 open","Lasioglossum",2
"123","4.11.2017 193 open","Melyridae",4
"124","4.11.2017 193 open","Miridae",2
"125","4.11.2017 193 open","Mythicomyiidae",4
"126","4.11.2017 193 open","Thysanoptera",1
"127","4.11.2017 193 shrub","Cicadellidae",5
"128","4.11.2017 193 shrub","Crabronidae",1
"129","4.11.2017 193 shrub","Formicidae",1
"130","4.11.2017 193 shrub","Miridae",1
"131","4.11.2017 193 shrub","Muscidae",1
"132","4.11.2017 193 shrub","Mythicomyiidae",3
"133","4.11.2017 193 shrub","Nymph",2
"134","4.11.2017 193 shrub","Orthoptera",1
"135","4.11.2017 193 shrub","Sciaridae",1
"136","4.11.2017 193 shrub","Tachinidae",1
"137","4.11.2017 193 shrub","Thysanoptera",3
"138","4.11.2017 197 open","Araneae",1
"139","4.11.2017 197 open","Buprestidae",1
"140","4.11.2017 197 open","Chrysomelidae",1
"141","4.11.2017 197 open","Cicadellidae",2
"142","4.11.2017 197 open","Lasioglossum",2
"143","4.11.2017 197 open","Mythicomyiidae",5
"144","4.11.2017 197 open","Pteromalidae",1
"145","4.11.2017 197 shrub","Chloropidae",1
"146","4.11.2017 197 shrub","Chrysididae",1
"147","4.11.2017 197 shrub","Cicadellidae",1
"148","4.11.2017 197 shrub","Heleomyzidae",1
"149","4.11.2017 197 shrub","Miridae",1
"150","4.11.2017 197 shrub","Mythicomyiidae",1
"151","4.11.2017 197 shrub","Sarcophagidae",1
"152","4.11.2017 197 shrub","Thysanoptera",1
"153","4.11.2017 266 open","Cicadellidae",2
"154","4.11.2017 266 open","Eulophidae",1
"155","4.11.2017 266 open","Heleomyzidae",1
"156","4.11.2017 266 open","Melyridae",16
"157","4.11.2017 266 open","Miridae",1
"158","4.11.2017 266 open","Mythicomyiidae",2
"159","4.11.2017 266 open","Nymph",3
"160","4.11.2017 266 open","Pronotacanthaannulata",1
"161","4.11.2017 266 open","Pteromalidae",1
"162","4.11.2017 266 open","Thysanoptera",3
"163","4.11.2017 266 shrub","Canacidae",1
"164","4.11.2017 266 shrub","Chloropidae",2
"165","4.11.2017 266 shrub","Chrysomelidae",1
"166","4.11.2017 266 shrub","Cicadellidae",2
"167","4.11.2017 266 shrub","Heleomyzidae",1
"168","4.11.2017 266 shrub","Lasioglossum",2
"169","4.11.2017 266 shrub","Miridae",3
"170","4.11.2017 266 shrub","Nymph",2
"171","4.11.2017 266 shrub","Pompilidae",1
"172","4.11.2017 266 shrub","Tersilochinae",1
"173","4.11.2017 273 open","Asilidae",1
"174","4.11.2017 273 open","Cicadellidae",2
"175","4.11.2017 273 open","Melyridae",5
"176","4.11.2017 273 open","Mythicomyiidae",4
"177","4.11.2017 273 open","Thysanoptera",1
"178","4.11.2017 273 open","Usiinae",1
"179","4.11.2017 273 shrub","Buprestidae",1
"180","4.11.2017 273 shrub","Chyromyidae",1
"181","4.11.2017 273 shrub","Cicadellidae",5
"182","4.11.2017 273 shrub","Eupeodesvolucris",1
"183","4.11.2017 273 shrub","Formicidae",1
"184","4.11.2017 273 shrub","Heleomyzidae",1
"185","4.11.2017 273 shrub","Lasioglossum",2
"186","4.11.2017 273 shrub","Melyridae",4
"187","4.11.2017 273 shrub","Miscophus",1
"188","4.11.2017 273 shrub","Orthoptera",1
"189","4.11.2017 273 shrub","Thysanoptera",1
"190","4.11.2017 288 open","Araneae",1
"191","4.11.2017 288 open","Cicadellidae",1
"192","4.11.2017 288 open","damaged",1
"193","4.11.2017 288 open","Ephydridae",1
"194","4.11.2017 288 open","Heleomyzidae",1
"195","4.11.2017 288 open","Lasioglossum",1
"196","4.11.2017 288 open","Melyridae",3
"197","4.11.2017 288 open","Miridae",1
"198","4.11.2017 288 open","Mythicomyiidae",2
"199","4.11.2017 288 open","Tachinidae",1
"200","4.11.2017 288 open","Thysanoptera",2
"201","4.11.2017 288 shrub","Andrena",1
"202","4.11.2017 288 shrub","Cecidomyiidae",1
"203","4.11.2017 288 shrub","Ceraphronidae",1
"204","4.11.2017 288 shrub","Chloropidae",1
"205","4.11.2017 288 shrub","Cicadellidae",5
"206","4.11.2017 288 shrub","Eupelmidae",1
"207","4.11.2017 288 shrub","Formicidae",1
"208","4.11.2017 288 shrub","Geocoridae",1
"209","4.11.2017 288 shrub","Halictus",1
"210","4.11.2017 288 shrub","Heleomyzidae",2
"211","4.11.2017 288 shrub","Lasioglossum",2
"212","4.11.2017 288 shrub","Mythicomyiidae",4
"213","4.11.2017 288 shrub","Nymph",2
"214","4.11.2017 288 shrub","Tachinidae",1
"215","4.11.2017 288 shrub","Thysanoptera",3
"216","4.12.2017 180 open","Araneae",1
"217","4.12.2017 180 open","Cicadellidae",3
"218","4.12.2017 180 open","Eupeodesvolucris",1
"219","4.12.2017 180 open","Heleomyzidae",1
"220","4.12.2017 180 open","Lasioglossum",2
"221","4.12.2017 180 open","Lytta",1
"222","4.12.2017 180 open","Melyridae",6
"223","4.12.2017 180 open","Mutillidae",1
"224","4.12.2017 180 open","Mythicomyiidae",7
"225","4.12.2017 180 open","Phoridae",2
"226","4.12.2017 180 open","Tachinidae",1
"227","4.12.2017 180 shrub","Asilidae",1
"228","4.12.2017 180 shrub","Cecidomyiidae",1
"229","4.12.2017 180 shrub","Cicadellidae",7
"230","4.12.2017 180 shrub","Ephydridae",1
"231","4.12.2017 180 shrub","Heleomyzidae",1
"232","4.12.2017 180 shrub","Melyridae",4
"233","4.12.2017 180 shrub","Miridae",2
"234","4.12.2017 180 shrub","Mythicomyiidae",2
"235","4.12.2017 180 shrub","Rhopalidae",1
"236","4.12.2017 180 shrub","Thysanoptera",1
"237","4.12.2017 191 open","Buprestidae",1
"238","4.12.2017 191 open","Cecidomyiidae",1
"239","4.12.2017 191 open","Cicadellidae",1
"240","4.12.2017 191 open","Eupelmidae",1
"241","4.12.2017 191 open","Heleomyzidae",1
"242","4.12.2017 191 open","Melyridae",11
"243","4.12.2017 191 open","Miridae",2
"244","4.12.2017 191 open","Mythicomyiidae",2
"245","4.12.2017 191 open","Pronotacanthaannulata",1
"246","4.12.2017 191 open","Thysanoptera",1
"247","4.12.2017 191 shrub","Cecidomyiidae",1
"248","4.12.2017 191 shrub","Cicadellidae",6
"249","4.12.2017 191 shrub","Heleomyzidae",1
"250","4.12.2017 191 shrub","Lasioglossum",1
"251","4.12.2017 191 shrub","Lygaeoidea",1
"252","4.12.2017 191 shrub","Melyridae",1
"253","4.12.2017 191 shrub","Miridae",1
"254","4.12.2017 191 shrub","Mythicomyiidae",1
"255","4.12.2017 191 shrub","Phoridae",1
"256","4.12.2017 191 shrub","Tachinidae",1
"257","4.12.2017 196 open","Cicadellidae",1
"258","4.12.2017 196 open","Crabronidae",1
"259","4.12.2017 196 open","Heleomyzidae",1
"260","4.12.2017 196 open","Lasioglossum",3
"261","4.12.2017 196 open","Melyridae",5
"262","4.12.2017 196 open","Milichiidae",1
"263","4.12.2017 196 open","Miridae",2
"264","4.12.2017 196 open","Mythicomyiidae",2
"265","4.12.2017 196 open","Nymphalidae",1
"266","4.12.2017 196 open","Phoridae",1
"267","4.12.2017 196 shrub","Asilidae",1
"268","4.12.2017 196 shrub","Cicadellidae",3
"269","4.12.2017 196 shrub","Miridae",2
"270","4.12.2017 196 shrub","Mythicomyiidae",3
"271","4.12.2017 196 shrub","Pronotacanthaannulata",1
"272","4.12.2017 196 shrub","Thysanoptera",1
"273","4.12.2017 198 open","Anthomyiidae",1
"274","4.12.2017 198 open","Cicadellidae",1
"275","4.12.2017 198 open","Melyridae",5
"276","4.12.2017 198 open","Miridae",1
"277","4.12.2017 198 open","Mythicomyiidae",2
"278","4.12.2017 198 open","Pteromalidae",1
"279","4.12.2017 198 open","Tachinidae",1
"280","4.12.2017 198 shrub","Araneae",1
"281","4.12.2017 198 shrub","Asilidae",1
"282","4.12.2017 198 shrub","Cecidomyiidae",1
"283","4.12.2017 198 shrub","Cicadellidae",7
"284","4.12.2017 198 shrub","Crabronidae",1
"285","4.12.2017 198 shrub","Curculionidae",1
"286","4.12.2017 198 shrub","Eupelmidae",1
"287","4.12.2017 198 shrub","Heleomyzidae",1
"288","4.12.2017 198 shrub","Mythicomyiidae",3
"289","4.12.2017 198 shrub","Pronotacanthaannulata",1
"290","4.12.2017 198 shrub","Thysanoptera",2
"291","4.12.2017 265 open","Crabronidae",1
"292","4.12.2017 265 open","Dryinidae",1
"293","4.12.2017 265 open","Eupeodesvolucris",1
"294","4.12.2017 265 open","Lyttaauriculata",1
"295","4.12.2017 265 open","Melyridae",6
"296","4.12.2017 265 open","Mythicomyiidae",1
"297","4.12.2017 265 shrub","Cicadellidae",1
"298","4.12.2017 265 shrub","Diadasia",1
"299","4.12.2017 265 shrub","Eupeodesvolucris",1
"300","4.12.2017 265 shrub","Lasioglossum",1
"301","4.12.2017 265 shrub","Melyridae",4
"302","4.12.2017 265 shrub","Miridae",3
"303","4.12.2017 265 shrub","Mythicomyiidae",3
"304","4.12.2017 265 shrub","Thysanoptera",2
"305","4.12.2017 289 open","Cecidomyiidae",1
"306","4.12.2017 289 open","Cicadellidae",1
"307","4.12.2017 289 open","Melyridae",6
"308","4.12.2017 289 open","Milichiidae",2
"309","4.12.2017 289 open","Mythicomyiidae",4
"310","4.12.2017 289 open","Nymph",1
"311","4.12.2017 289 open","Pronotacanthaannulata",1
"312","4.12.2017 289 open","Tachinidae",2
"313","4.12.2017 289 shrub","Araneae",2
"314","4.12.2017 289 shrub","Asilidae",1
"315","4.12.2017 289 shrub","Cecidomyiidae",1
"316","4.12.2017 289 shrub","Cercopidae",1
"317","4.12.2017 289 shrub","Chloropidae",1
"318","4.12.2017 289 shrub","Cicadellidae",2
"319","4.12.2017 289 shrub","Lasioglossum",1
"320","4.12.2017 289 shrub","Melyridae",1
"321","4.12.2017 289 shrub","Milichiidae",1
"322","4.12.2017 289 shrub","Mythicomyiidae",2
"323","4.12.2017 289 shrub","Tephritidae",1
"324","4.13.2017 190 open","Asilidae",2
"325","4.13.2017 190 open","Chrysomelidae",1
"326","4.13.2017 190 open","Cicadellidae",1
"327","4.13.2017 190 open","Drosophilidae",1
"328","4.13.2017 190 open","Eupeodesvolucris",1
"329","4.13.2017 190 open","Halictus",1
"330","4.13.2017 190 open","Heleomyzidae",6
"331","4.13.2017 190 open","Melyridae",7
"332","4.13.2017 190 open","Mythicomyiidae",1
"333","4.13.2017 190 open","Tephritidae",1
"334","4.13.2017 190 open","Thysanoptera",4
"335","4.13.2017 190 shrub","Cicadellidae",6
"336","4.13.2017 190 shrub","Encyrtidae",2
"337","4.13.2017 190 shrub","Eulophidae",1
"338","4.13.2017 190 shrub","Eupeodesvolucris",1
"339","4.13.2017 190 shrub","Lasioglossum",1
"340","4.13.2017 190 shrub","Melyridae",1
"341","4.13.2017 190 shrub","Milichiidae",1
"342","4.13.2017 190 shrub","Miscophus",1
"343","4.13.2017 190 shrub","Mythicomyiidae",1
"344","4.13.2017 190 shrub","Nymph",1
"345","4.13.2017 190 shrub","Thysanoptera",1
"346","4.13.2017 267 open","Eupeodesvolucris",1
"347","4.13.2017 267 open","Melyridae",16
"348","4.13.2017 267 open","Miridae",3
"349","4.13.2017 267 open","Signiphoridae",1
"350","4.13.2017 267 open","Thysanoptera",1
"351","4.13.2017 267 open","Usiinae",1
"352","4.13.2017 267 shrub","Cecidomyiidae",1
"353","4.13.2017 267 shrub","Cicadellidae",2
"354","4.13.2017 267 shrub","Crabronidae",1
"355","4.13.2017 267 shrub","Heleomyzidae",2
"356","4.13.2017 267 shrub","Melyridae",7
"357","4.13.2017 267 shrub","Miridae",2
"358","4.13.2017 267 shrub","Miscophus",1
"359","4.13.2017 267 shrub","Nymph",2
"360","4.13.2017 267 shrub","Tachinidae",1
"361","4.13.2017 267 shrub","Thysanoptera",2
"362","4.13.2017 272 open","Melyridae",7
"363","4.13.2017 272 open","Mythicomyiidae",1
"364","4.13.2017 272 open","Nymph",3
"365","4.13.2017 272 open","Sarcophagidae",1
"366","4.13.2017 272 open","Thysanoptera",1
"367","4.13.2017 272 shrub","Asilidae",1
"368","4.13.2017 272 shrub","Cecidomyiidae",2
"369","4.13.2017 272 shrub","Cicadellidae",1
"370","4.13.2017 272 shrub","Lasioglossum",1
"371","4.13.2017 272 shrub","Melyridae",2
"372","4.13.2017 272 shrub","Miridae",1
"373","4.13.2017 272 shrub","Mythicomyiidae",1
"374","4.13.2017 272 shrub","Nymph",4
"375","4.13.2017 284 open","Curculionidae",1
"376","4.13.2017 284 open","Heleomyzidae",1
"377","4.13.2017 284 open","Lasioglossum",1
"378","4.13.2017 284 open","Melyridae",6
"379","4.13.2017 284 open","Miridae",3
"380","4.13.2017 284 open","Mythicomyiidae",2
"381","4.13.2017 284 open","Nymph",2
"382","4.13.2017 284 shrub","Cecidomyiidae",1
"383","4.13.2017 284 shrub","Cicadellidae",1
"384","4.13.2017 284 shrub","destroyed",1
"385","4.13.2017 284 shrub","Heleomyzidae",1
"386","4.13.2017 284 shrub","Milichiidae",1
"387","4.13.2017 284 shrub","Mythicomyiidae",2
"388","4.13.2017 284 shrub","Thysanoptera",1
"389","4.13.2017 293 open","Eupeodesvolucris",1
"390","4.13.2017 293 open","Heleomyzidae",4
"391","4.13.2017 293 open","Melyridae",3
"392","4.13.2017 293 open","Mythicomyiidae",2
"393","4.13.2017 293 open","Nymph",3
"394","4.13.2017 293 shrub","Aphididae",1
"395","4.13.2017 293 shrub","Cephranoidea",1
"396","4.13.2017 293 shrub","Cicadellidae",7
"397","4.13.2017 293 shrub","Eupelmidae",1
"398","4.13.2017 293 shrub","Formicidae",3
"399","4.13.2017 293 shrub","Heleomyzidae",2
"400","4.13.2017 293 shrub","Melyridae",2
"401","4.13.2017 293 shrub","Miridae",1
"402","4.13.2017 293 shrub","Mythicomyiidae",3
"403","4.13.2017 293 shrub","Thysanoptera",2
"404","4.13.2017 294 open","Ephydridae",1
"405","4.13.2017 294 open","Eupeodesvolucris",1
"406","4.13.2017 294 open","Melyridae",3
"407","4.13.2017 294 open","Mythicomyiidae",3
"408","4.13.2017 294 open","Nymph",1
"409","4.13.2017 294 shrub","Cecidomyiidae",1
"410","4.13.2017 294 shrub","Cicadellidae",4
"411","4.13.2017 294 shrub","Heleomyzidae",1
"412","4.13.2017 294 shrub","Miridae",3
"413","4.13.2017 294 shrub","Mythicomyiidae",2
"414","4.13.2017 294 shrub","Nymph",2
"415","4.13.2017 294 shrub","Orthoptera",1
"416","4.13.2017 294 shrub","Phoridae",1
"417","4.13.2017 294 shrub","Thysanoptera",2
"418","4.15.2017 186 open","Heleomyzidae",1
"419","4.15.2017 186 open","Melyridae",19
"420","4.15.2017 186 open","Miridae",3
"421","4.15.2017 186 open","Mythicomyiidae",1
"422","4.15.2017 186 shrub","Cicadellidae",7
"423","4.15.2017 186 shrub","Curculionidae",1
"424","4.15.2017 186 shrub","destroyed",1
"425","4.15.2017 186 shrub","Formicidae",1
"426","4.15.2017 186 shrub","Lasioglossum",3
"427","4.15.2017 186 shrub","Melyridae",10
"428","4.15.2017 186 shrub","Miridae",1
"429","4.15.2017 186 shrub","Mythicomyiidae",4
"430","4.15.2017 186 shrub","Nymph",1
"431","4.15.2017 186 shrub","Thysanoptera",12
"432","4.15.2017 199 open","Cecidomyiidae",1
"433","4.15.2017 199 open","Chloropidae",1
"434","4.15.2017 199 open","Cicadellidae",7
"435","4.15.2017 199 open","Lasioglossum",1
"436","4.15.2017 199 open","Melyridae",10
"437","4.15.2017 199 open","Mythicomyiidae",4
"438","4.15.2017 199 open","Nymph",1
"439","4.15.2017 199 open","Pipunculidae",1
"440","4.15.2017 199 open","Thysanoptera",5
"441","4.15.2017 199 shrub","Berytidae",2
"442","4.15.2017 199 shrub","Cicadellidae",9
"443","4.15.2017 199 shrub","destroyed",1
"444","4.15.2017 199 shrub","Harpactorinae",1
"445","4.15.2017 199 shrub","Lasioglossum",1
"446","4.15.2017 199 shrub","Melyridae",9
"447","4.15.2017 199 shrub","Miridae",3
"448","4.15.2017 199 shrub","Mythicomyiidae",2
"449","4.15.2017 199 shrub","Nymph",3
"450","4.15.2017 199 shrub","Pompilidae",1
"451","4.15.2017 262 open","Asilidae",1
"452","4.15.2017 262 open","Cicadellidae",1
"453","4.15.2017 262 open","Heleomyzidae",2
"454","4.15.2017 262 open","Melyridae",30
"455","4.15.2017 262 open","Mythicomyiidae",2
"456","4.15.2017 262 open","Thysanoptera",4
"457","4.15.2017 262 shrub","Asilidae",2
"458","4.15.2017 262 shrub","Cicadellidae",4
"459","4.15.2017 262 shrub","Cysteodemus",1
"460","4.15.2017 262 shrub","Delphacidae",1
"461","4.15.2017 262 shrub","Heleomyzidae",14
"462","4.15.2017 262 shrub","Lasioglossum",1
"463","4.15.2017 262 shrub","Melyridae",12
"464","4.15.2017 262 shrub","Miridae",1
"465","4.15.2017 262 shrub","Mythicomyiidae",3
"466","4.15.2017 262 shrub","Nymph",1
"467","4.15.2017 262 shrub","Orthoptera",1
"468","4.15.2017 269 open","Buprestidae",1
"469","4.15.2017 269 open","Cicadellidae",2
"470","4.15.2017 269 open","Coccinellidae",1
"471","4.15.2017 269 open","Encyrtidae",1
"472","4.15.2017 269 open","Heleomyzidae",1
"473","4.15.2017 269 open","Lygaeoidea",1
"474","4.15.2017 269 open","Melyridae",6
"475","4.15.2017 269 open","Mythicomyiidae",1
"476","4.15.2017 269 open","Nymph",1
"477","4.15.2017 269 open","Thysanoptera",3
"478","4.15.2017 269 shrub","Cercopidae",1
"479","4.15.2017 269 shrub","Chalcididae",1
"480","4.15.2017 269 shrub","Cicadellidae",5
"481","4.15.2017 269 shrub","Encyrtidae",1
"482","4.15.2017 269 shrub","Eupelmidae",1
"483","4.15.2017 269 shrub","Eupeodesvolucris",2
"484","4.15.2017 269 shrub","Eupomphaelegans",1
"485","4.15.2017 269 shrub","Formicidae",1
"486","4.15.2017 269 shrub","Melyridae",3
"487","4.15.2017 269 shrub","Miridae",2
"488","4.15.2017 269 shrub","Mythicomyiidae",2
"489","4.15.2017 269 shrub","Nymph",1
"490","4.15.2017 269 shrub","Thysanoptera",2
"491","4.15.2017 276 open","Cercopidae",1
"492","4.15.2017 276 open","Cicadellidae",3
"493","4.15.2017 276 open","Melyridae",8
"494","4.15.2017 276 open","Mythicomyiidae",4
"495","4.15.2017 276 open","Phoridae",1
"496","4.15.2017 276 open","Rhopalidae",1
"497","4.15.2017 276 open","Thysanoptera",2
"498","4.15.2017 276 shrub","Cicadellidae",7
"499","4.15.2017 276 shrub","Formicidae",1
"500","4.15.2017 276 shrub","Lasioglossum",1
"501","4.15.2017 276 shrub","Melyridae",4
"502","4.15.2017 276 shrub","Miridae",1
"503","4.15.2017 276 shrub","Nymph",2
"504","4.15.2017 276 shrub","Sciaridae",1
"505","4.15.2017 276 shrub","Therevidae",1
"506","4.15.2017 276 shrub","Thysanoptera",1
"507","4.15.2017 300 open","Cicadellidae",2
"508","4.15.2017 300 open","Curculionidae",1
"509","4.15.2017 300 open","destroyed",1
"510","4.15.2017 300 open","Heleomyzidae",1
"511","4.15.2017 300 open","Lasioglossum",1
"512","4.15.2017 300 open","Melyridae",6
"513","4.15.2017 300 open","Miscophus",1
"514","4.15.2017 300 open","Muscidae",1
"515","4.15.2017 300 open","Mutillidae",1
"516","4.15.2017 300 open","Pteromalidae",1
"517","4.15.2017 300 shrub","Apismellifera",1
"518","4.15.2017 300 shrub","Cicadellidae",2
"519","4.15.2017 300 shrub","Delphacidae",1
"520","4.15.2017 300 shrub","destroyed",1
"521","4.15.2017 300 shrub","Eulophidae",1
"522","4.15.2017 300 shrub","Figitidae",1
"523","4.15.2017 300 shrub","Geocoridae",1
"524","4.15.2017 300 shrub","Melyridae",5
"525","4.15.2017 300 shrub","Miridae",1
"526","4.15.2017 300 shrub","Mythicomyiidae",2
"527","4.16.2017 146 open","Araneae",1
"528","4.16.2017 146 open","Cicadellidae",5
"529","4.16.2017 146 open","Encyrtidae",1
"530","4.16.2017 146 open","Eupomphaelegans",1
"531","4.16.2017 146 open","Lasioglossum",1
"532","4.16.2017 146 open","Melyridae",13
"533","4.16.2017 146 open","Mythicomyiidae",1
"534","4.16.2017 146 open","Nymph",2
"535","4.16.2017 146 open","Pemphredoninae",1
"536","4.16.2017 146 open","Pteromalidae",1
"537","4.16.2017 146 shrub","Buprestidae",2
"538","4.16.2017 146 shrub","Cicadellidae",1
"539","4.16.2017 146 shrub","Lasioglossum",1
"540","4.16.2017 146 shrub","Melyridae",4
"541","4.16.2017 146 shrub","Miridae",1
"542","4.16.2017 146 shrub","Mythicomyiidae",1
"543","4.16.2017 188 open","Lasioglossum",2
"544","4.16.2017 188 open","Melyridae",13
"545","4.16.2017 188 open","Mythicomyiidae",1
"546","4.16.2017 188 open","Pteromalidae",1
"547","4.16.2017 188 shrub","Cecidomyiidae",1
"548","4.16.2017 188 shrub","Cicadellidae",3
"549","4.16.2017 188 shrub","Lasioglossum",2
"550","4.16.2017 188 shrub","Melyridae",1
"551","4.16.2017 188 shrub","Mythicomyiidae",1
"552","4.16.2017 188 shrub","Nymph",3
"553","4.16.2017 195 open","Asilidae",2
"554","4.16.2017 195 open","Buprestidae",1
"555","4.16.2017 195 open","Curculionidae",1
"556","4.16.2017 195 open","Eupeodesvolucris",1
"557","4.16.2017 195 open","Lasioglossum",1
"558","4.16.2017 195 open","Melyridae",29
"559","4.16.2017 195 open","Miridae",3
"560","4.16.2017 195 open","Mythicomyiidae",1
"561","4.16.2017 195 open","Pemphredoninae",2
"562","4.16.2017 195 shrub","Aphididae",1
"563","4.16.2017 195 shrub","Asilidae",1
"564","4.16.2017 195 shrub","Cicadellidae",2
"565","4.16.2017 195 shrub","Melyridae",7
"566","4.16.2017 195 shrub","Miridae",2
"567","4.16.2017 195 shrub","Mythicomyiidae",3
"568","4.16.2017 195 shrub","Nymph",1
"569","4.16.2017 195 shrub","Pteromalidae",1
"570","4.16.2017 268 open","Cicadellidae",3
"571","4.16.2017 268 open","Curculionidae",1
"572","4.16.2017 268 open","Heleomyzidae",1
"573","4.16.2017 268 open","Lasioglossum",1
"574","4.16.2017 268 open","Melyridae",46
"575","4.16.2017 268 open","Miridae",1
"576","4.16.2017 268 open","Mythicomyiidae",1
"577","4.16.2017 268 open","Thysanoptera",1
"578","4.16.2017 268 shrub","Asilidae",1
"579","4.16.2017 268 shrub","Bombyliidae",1
"580","4.16.2017 268 shrub","Chamaemyiidae",1
"581","4.16.2017 268 shrub","Cicadellidae",1
"582","4.16.2017 268 shrub","Encyrtidae",1
"583","4.16.2017 268 shrub","Melyridae",4
"584","4.16.2017 268 shrub","Miridae",1
"585","4.16.2017 268 shrub","Miscophus",1
"586","4.16.2017 268 shrub","Mythicomyiidae",2
"587","4.16.2017 268 shrub","Nymph",2
"588","4.16.2017 271 open","Melyridae",11
"589","4.16.2017 271 open","Mythicomyiidae",1
"590","4.16.2017 271 open","Nymph",1
"591","4.16.2017 271 shrub","Cecidomyiidae",1
"592","4.16.2017 271 shrub","Cicadellidae",5
"593","4.16.2017 271 shrub","Eurytomidae",1
"594","4.16.2017 271 shrub","Formicidae",1
"595","4.16.2017 271 shrub","Melyridae",7
"596","4.16.2017 271 shrub","Membracidae",1
"597","4.16.2017 271 shrub","Miridae",2
"598","4.16.2017 271 shrub","Mythicomyiidae",3
"599","4.16.2017 271 shrub","Nymph",1
"600","4.16.2017 298 open","Lasioglossum",1
"601","4.16.2017 298 open","Melyridae",10
"602","4.16.2017 298 open","Mythicomyiidae",1
"603","4.16.2017 298 open","Nymph",1
"604","4.16.2017 298 shrub","Aphoebantus",1
"605","4.16.2017 298 shrub","Ashmeadiella",1
"606","4.16.2017 298 shrub","Chrysididae",1
"607","4.16.2017 298 shrub","Cicadellidae",1
"608","4.16.2017 298 shrub","Geocoridae",1
"609","4.16.2017 298 shrub","Miridae",1
"610","4.16.2017 298 shrub","Mythicomyiidae",1
"611","4.16.2017 298 shrub","Orthoptera",1
"612","4.17.2017 278 open","Cicadellidae",2
"613","4.17.2017 278 open","Melyridae",9
"614","4.17.2017 278 open","Nymph",1
"615","4.17.2017 278 shrub","Asilidae",1
"616","4.17.2017 278 shrub","Cecidomyiidae",1
"617","4.17.2017 278 shrub","Cicadellidae",1
"618","4.17.2017 278 shrub","Coccinellidae",1
"619","4.17.2017 278 shrub","Encyrtidae",1
"620","4.17.2017 278 shrub","Eulophidae",1
"621","4.17.2017 278 shrub","Eupelmidae",1
"622","4.17.2017 278 shrub","Formicidae",2
"623","4.17.2017 278 shrub","Melyridae",2
"624","4.17.2017 278 shrub","Nymph",1
"625","4.17.2017 278 shrub","Orthoptera",1
"626","4.17.2017 278 shrub","Sciaridae",1
"627","4.17.2017 278 shrub","Thysanoptera",3
"628","4.17.2017 278 shrub","Torymidae",2
"629","4.17.2017 280 open","Cicadellidae",1
"630","4.17.2017 280 open","Eucera",1
"631","4.17.2017 280 open","Melyridae",1
"632","4.17.2017 280 open","Mythicomyiidae",1
"633","4.17.2017 280 open","Phoridae",1
"634","4.17.2017 280 open","Pteromalidae",1
"635","4.17.2017 280 open","Sarcophagidae",2
"636","4.17.2017 280 open","Thysanoptera",1
"637","4.17.2017 280 shrub","Buprestidae",1
"638","4.17.2017 280 shrub","Cecidomyiidae",1
"639","4.17.2017 280 shrub","Cicadellidae",4
"640","4.17.2017 280 shrub","Encyrtidae",1
"641","4.17.2017 280 shrub","Eulophidae",2
"642","4.17.2017 280 shrub","Eupeodesvolucris",1
"643","4.17.2017 280 shrub","Heleomyzidae",1
"644","4.17.2017 280 shrub","Melyridae",1
"645","4.17.2017 280 shrub","Mythicomyiidae",3
"646","4.17.2017 280 shrub","Nymph",2
"647","4.17.2017 280 shrub","Pentamoidae",1
"648","4.17.2017 280 shrub","Platygastridae",1
"649","4.17.2017 280 shrub","Thysanoptera",4
"650","4.17.2017 282 open","Chloropidae",1
"651","4.17.2017 282 open","Cicadellidae",2
"652","4.17.2017 282 open","Eulophidae",1
"653","4.17.2017 282 open","Eupelmidae",1
"654","4.17.2017 282 open","Lasioglossum",1
"655","4.17.2017 282 open","Melyridae",3
"656","4.17.2017 282 open","Mythicomyiidae",5
"657","4.17.2017 282 open","Nymph",2
"658","4.17.2017 282 shrub","Cicadellidae",1
"659","4.17.2017 282 shrub","Crabronidae",1
"660","4.17.2017 282 shrub","Eulophidae",1
"661","4.17.2017 282 shrub","Melyridae",1
"662","4.17.2017 282 shrub","Mythicomyiidae",8
"663","4.17.2017 282 shrub","Nymph",1
"664","4.17.2017 282 shrub","Thysanoptera",1
"665","4.17.2017 291 open","Cecidomyiidae",1
"666","4.17.2017 291 open","Cicadellidae",1
"667","4.17.2017 291 open","Crabronidae",1
"668","4.17.2017 291 open","Curculionidae",1
"669","4.17.2017 291 open","Melyridae",3
"670","4.17.2017 291 open","Miridae",1
"671","4.17.2017 291 open","Mythicomyiidae",1
"672","4.17.2017 291 open","Nymph",1
"673","4.17.2017 291 open","Sarcophagidae",1
"674","4.17.2017 291 open","Thysanoptera",3
"675","4.17.2017 291 shrub","Cicadellidae",2
"676","4.17.2017 291 shrub","Curculionidae",1
"677","4.17.2017 291 shrub","Formicidae",1
"678","4.17.2017 291 shrub","Melyridae",1
"679","4.17.2017 291 shrub","Mythicomyiidae",4
"680","4.17.2017 291 shrub","Nymph",2
"681","4.17.2017 291 shrub","Pteromalidae",2
"682","4.17.2017 291 shrub","Thysanoptera",5
"683","4.17.2017 295 open","Cicadellidae",2
"684","4.17.2017 295 open","Crabronidae",1
"685","4.17.2017 295 open","Mutillidae",1
"686","4.17.2017 295 open","Mythicomyiidae",1
"687","4.17.2017 295 open","Nymph",1
"688","4.17.2017 295 open","Trichoptera",1
"689","4.17.2017 295 shrub","Ammophila",1
"690","4.17.2017 295 shrub","Aphididae",1
"691","4.17.2017 295 shrub","Curculionidae",1
"692","4.17.2017 295 shrub","Encyrtidae",2
"693","4.17.2017 295 shrub","Eupelmidae",2
"694","4.17.2017 295 shrub","Miridae",2
"695","4.17.2017 295 shrub","Mythicomyiidae",3
"696","4.17.2017 295 shrub","Nymph",1
"697","4.17.2017 299 open","Cecidomyiidae",1
"698","4.17.2017 299 open","Melyridae",5
"699","4.17.2017 299 open","Mythicomyiidae",1
"700","4.17.2017 299 open","Tachinidae",1
"701","4.17.2017 299 open","Thysanoptera",2
"702","4.17.2017 299 shrub","Cecidomyiidae",3
"703","4.17.2017 299 shrub","Chloropidae",1
"704","4.17.2017 299 shrub","destroyed",1
"705","4.17.2017 299 shrub","Eulophidae",1
"706","4.17.2017 299 shrub","Eupelmidae",1
"707","4.17.2017 299 shrub","Lasioglossum",1
"708","4.17.2017 299 shrub","Melyridae",3
"709","4.17.2017 299 shrub","Mythicomyiidae",1
"710","4.17.2017 299 shrub","Phoridae",1
"711","4.17.2017 299 shrub","Thysanoptera",1
"712","4.19.2017 264 open","Buprestidae",1
"713","4.19.2017 264 open","Melyridae",1
"714","4.19.2017 264 open","Mythicomyiidae",2
"715","4.19.2017 264 open","Nymph",2
"716","4.19.2017 264 open","Pompilidae",1
"717","4.19.2017 264 shrub","Ammophila",1
"718","4.19.2017 264 shrub","Encyrtidae",2
"719","4.19.2017 264 shrub","Miridae",1
"720","4.19.2017 264 shrub","Nymph",5
"721","4.19.2017 264 shrub","Pipunculidae",1
"722","4.19.2017 264 shrub","Platygastridae",1
"723","4.19.2017 264 shrub","Thysanoptera",2
"724","4.19.2017 270 open","Asilidae",2
"725","4.19.2017 270 open","Cicadellidae",1
"726","4.19.2017 270 open","Encyrtidae",1
"727","4.19.2017 270 open","Geocoridae",1
"728","4.19.2017 270 open","Melyridae",11
"729","4.19.2017 270 open","Nymph",1
"730","4.19.2017 270 open","Sarcophagidae",1
"731","4.19.2017 270 shrub","Cecidomyiidae",1
"732","4.19.2017 270 shrub","Cicadellidae",2
"733","4.19.2017 270 shrub","Eupelmidae",2
"734","4.19.2017 270 shrub","Formicidae",1
"735","4.19.2017 270 shrub","Melyridae",5
"736","4.19.2017 270 shrub","Mythicomyiidae",2
"737","4.19.2017 270 shrub","Nymph",1
"738","4.19.2017 270 shrub","Torymidae",1
"739","4.19.2017 283 open","Cicadellidae",1
"740","4.19.2017 283 open","Curculionidae",1
"741","4.19.2017 283 open","Melyridae",4
"742","4.19.2017 283 shrub","Cicadellidae",3
"743","4.19.2017 283 shrub","Melyridae",1
"744","4.19.2017 283 shrub","Pronotacanthaannulata",1
"745","4.19.2017 283 shrub","Torymidae",1
"746","4.19.2017 286 open","Asilidae",1
"747","4.19.2017 286 open","Buprestidae",1
"748","4.19.2017 286 open","Heleomyzidae",1
"749","4.19.2017 286 open","Melyridae",2
"750","4.19.2017 286 open","Mythicomyiidae",1
"751","4.19.2017 286 open","Tachinidae",1
"752","4.19.2017 286 open","Thysanoptera",1
"753","4.19.2017 286 shrub","Ceraphronidae",1
"754","4.19.2017 286 shrub","Chrysopidae",1
"755","4.19.2017 286 shrub","Cicadellidae",2
"756","4.19.2017 286 shrub","Curculionidae",1
"757","4.19.2017 286 shrub","Formicidae",3
"758","4.19.2017 286 shrub","Melyridae",4
"759","4.19.2017 286 shrub","Nymph",1
"760","4.19.2017 286 shrub","Pemphredoninae",1
"761","4.19.2017 290 open","Ceraphronidae",1
"762","4.19.2017 290 open","Heleomyzidae",1
"763","4.19.2017 290 open","Melyridae",7
"764","4.19.2017 290 open","Phoridae",1
"765","4.19.2017 290 open","Thysanoptera",2
"766","4.19.2017 290 shrub","Ammophila",1
"767","4.19.2017 290 shrub","Cicadellidae",2
"768","4.19.2017 290 shrub","Cysteodemus",1
"769","4.19.2017 290 shrub","Eupomphaelegans",1
"770","4.19.2017 290 shrub","Formicidae",1
"771","4.19.2017 290 shrub","Heleomyzidae",1
"772","4.19.2017 290 shrub","Melyridae",4
"773","4.19.2017 290 shrub","Miscophus",1
"774","4.19.2017 290 shrub","Nymph",2
"775","4.19.2017 290 shrub","Phoridae",1
"776","4.19.2017 297 open","Cecidomyiidae",1
"777","4.19.2017 297 open","Cicadellidae",3
"778","4.19.2017 297 open","Heleomyzidae",1
"779","4.19.2017 297 open","Melyridae",13
"780","4.19.2017 297 open","Mythicomyiidae",1
"781","4.19.2017 297 open","Nymph",1
"782","4.19.2017 297 shrub","Cecidomyiidae",1
"783","4.19.2017 297 shrub","Cicadellidae",2
"784","4.19.2017 297 shrub","Curculionidae",1
"785","4.19.2017 297 shrub","Mythicomyiidae",1
"786","4.19.2017 297 shrub","Nymph",1
"787","4.19.2017 297 shrub","Thysanoptera",1
"788","4.20.2017 181 open","Buprestidae",1
"789","4.20.2017 181 open","Cicadellidae",1
"790","4.20.2017 181 open","Encrytidae",1
"791","4.20.2017 181 open","Geocoridae",1
"792","4.20.2017 181 open","Melyridae",16
"793","4.20.2017 181 open","Mythicomyiidae",1
"794","4.20.2017 181 open","Nymph",1
"795","4.20.2017 181 open","Sarcophagidae",1
"796","4.20.2017 181 open","Thysanoptera",1
"797","4.20.2017 181 open","Usiinae",1
"798","4.20.2017 181 shrub","Buprestidae",1
"799","4.20.2017 181 shrub","Cecidomyiidae",1
"800","4.20.2017 181 shrub","Cicadellidae",2
"801","4.20.2017 181 shrub","Melyridae",7
"802","4.20.2017 183 open","Araneae",1
"803","4.20.2017 183 open","Cecidomyiidae",1
"804","4.20.2017 183 open","Chloropidae",1
"805","4.20.2017 183 open","Coccinellidae",1
"806","4.20.2017 183 open","Melyridae",24
"807","4.20.2017 183 open","Miridae",2
"808","4.20.2017 183 open","Mythicomyiidae",1
"809","4.20.2017 183 open","Nymph",1
"810","4.20.2017 183 open","Tachinidae",1
"811","4.20.2017 183 open","Thysanoptera",1
"812","4.20.2017 183 shrub","Cicadellidae",1
"813","4.20.2017 183 shrub","Eupelmidae",1
"814","4.20.2017 183 shrub","Formicidae",4
"815","4.20.2017 183 shrub","Melyridae",9
"816","4.20.2017 183 shrub","Nymph",3
"817","4.20.2017 183 shrub","Sciaridae",1
"818","4.20.2017 183 shrub","Thysanoptera",1
"819","4.20.2017 185 open","Buprestidae",1
"820","4.20.2017 185 open","Cecidomyiidae",1
"821","4.20.2017 185 open","Encrytidae",1
"822","4.20.2017 185 open","Melyridae",18
"823","4.20.2017 185 open","Nymph",1
"824","4.20.2017 185 shrub","Cicadellidae",2
"825","4.20.2017 185 shrub","Heleomyzidae",1
"826","4.20.2017 185 shrub","Mellisodes",1
"827","4.20.2017 185 shrub","Melyridae",7
"828","4.20.2017 185 shrub","Osmia",1
"829","4.20.2017 185 shrub","Therevidae",1
"830","4.20.2017 274 open","Acalypterate",1
"831","4.20.2017 274 open","Anthocoridae",1
"832","4.20.2017 274 open","Asilidae",1
"833","4.20.2017 274 open","Cicadellidae",2
"834","4.20.2017 274 open","Lasioglossum",1
"835","4.20.2017 274 open","Melyridae",14
"836","4.20.2017 274 open","Milichiidae",2
"837","4.20.2017 274 open","Mythicomyiidae",1
"838","4.20.2017 274 open","Usiinae",1
"839","4.20.2017 274 shrub","Asilidae",1
"840","4.20.2017 274 shrub","Cecidomyiidae",1
"841","4.20.2017 274 shrub","Ceraphronidae",1
"842","4.20.2017 274 shrub","Cicadellidae",4
"843","4.20.2017 274 shrub","Encrytidae",1
"844","4.20.2017 274 shrub","Eurytomidae",1
"845","4.20.2017 274 shrub","Heleomyzidae",1
"846","4.20.2017 274 shrub","Melyridae",3
"847","4.20.2017 274 shrub","Miridae",1
"848","4.20.2017 274 shrub","Nymph",7
"849","4.20.2017 274 shrub","Orthoptera",1
"850","4.20.2017 274 shrub","Pentamoidae",1
"851","4.20.2017 274 shrub","Phoridae",2
"852","4.20.2017 274 shrub","Pteromalidae",1
"853","4.20.2017 274 shrub","Sarcophagidae",1
"854","4.20.2017 274 shrub","Thysanoptera",1
"855","4.20.2017 281 open","Heleomyzidae",1
"856","4.20.2017 281 open","Melyridae",6
"857","4.20.2017 281 open","Omomyia",1
"858","4.20.2017 281 open","Tephritidae",1
"859","4.20.2017 281 open","Tingidae",1
"860","4.20.2017 281 shrub","Cicadellidae",1
"861","4.20.2017 281 shrub","Phoridae",1
"862","4.20.2017 287 open","Apismellifera",1
"863","4.20.2017 287 open","Atoposmia",1
"864","4.20.2017 287 open","Buprestidae",2
"865","4.20.2017 287 open","Chloropidae",1
"866","4.20.2017 287 open","Cicadellidae",1
"867","4.20.2017 287 open","Dryudella",1
"868","4.20.2017 287 open","Melyridae",3
"869","4.20.2017 287 open","Tephritidae",1
"870","4.20.2017 287 shrub","Braconidae",1
"871","4.20.2017 287 shrub","Cecidomyiidae",1
"872","4.20.2017 287 shrub","Chloropidae",1
"873","4.20.2017 287 shrub","Melyridae",1
"874","4.20.2017 287 shrub","Miridae",1
"875","4.20.2017 287 shrub","Tephritidae",1
"876","4.20.2017 287 shrub","Thysanoptera",1
"877","4.20.2017 287 shrub","Torymidae",1
"878","4.22.2017 180 open","Buprestidae",1
"879","4.22.2017 180 open","Lygaeoidea",1
"880","4.22.2017 180 open","Melyridae",9
"881","4.22.2017 180 open","Mutillidae",1
"882","4.22.2017 180 open","Orthoptera",1
"883","4.22.2017 180 open","Tephritidae",1
"884","4.22.2017 180 shrub","Cicadellidae",2
"885","4.22.2017 180 shrub","Harpactorinae",1
"886","4.22.2017 180 shrub","Lyttaauriculata",1
"887","4.22.2017 180 shrub","Melyridae",7
"888","4.22.2017 180 shrub","Miridae",1
"889","4.22.2017 180 shrub","Mythicomyiidae",1
"890","4.22.2017 180 shrub","Osmia",1
"891","4.22.2017 180 shrub","Psylloidea",1
"892","4.22.2017 180 shrub","Pteromalidae",1
"893","4.22.2017 180 shrub","Thysanoptera",2
"894","4.22.2017 180 shrub","Toxomerusmarginatus",1
"895","4.22.2017 182 open","Asilidae",1
"896","4.22.2017 182 open","Buprestidae",1
"897","4.22.2017 182 open","Cicadellidae",2
"898","4.22.2017 182 open","Melyridae",22
"899","4.22.2017 182 open","Milichiidae",1
"900","4.22.2017 182 open","Mythicomyiidae",3
"901","4.22.2017 182 open","Nymph",1
"902","4.22.2017 182 shrub","Buprestidae",1
"903","4.22.2017 182 shrub","Halictus",1
"904","4.22.2017 182 shrub","Melyridae",3
"905","4.22.2017 182 shrub","Nymph",1
"906","4.22.2017 182 shrub","Pteromalidae",1
"907","4.22.2017 182 shrub","Thysanoptera",1
"908","4.22.2017 189 open","Encrytidae",1
"909","4.22.2017 189 open","Eulophidae",1
"910","4.22.2017 189 open","Melyridae",10
"911","4.22.2017 189 open","Miridae",2
"912","4.22.2017 189 open","Mythicomyiidae",4
"913","4.22.2017 189 open","Pemphredoninae",1
"914","4.22.2017 189 open","Rhopalidae",1
"915","4.22.2017 189 open","Thysanoptera",3
"916","4.22.2017 189 shrub","Aphididae",1
"917","4.22.2017 189 shrub","Cecidomyiidae",1
"918","4.22.2017 189 shrub","Cicadellidae",1
"919","4.22.2017 189 shrub","Encrytidae",1
"920","4.22.2017 189 shrub","Lyttaauriculata",1
"921","4.22.2017 189 shrub","Melyridae",3
"922","4.22.2017 189 shrub","Mythicomyiidae",1
"923","4.22.2017 189 shrub","Nymph",1
"924","4.22.2017 189 shrub","Pemphredoninae",2
"925","4.22.2017 189 shrub","Pentamoidae",1
"926","4.22.2017 189 shrub","Pipunculidae",1
"927","4.22.2017 189 shrub","Pompilidae",1
"928","4.22.2017 189 shrub","Pronotacanthaannulata",1
"929","4.22.2017 194 open","Cicadellidae",1
"930","4.22.2017 194 open","Lasioglossum",1
"931","4.22.2017 194 open","Melyridae",23
"932","4.22.2017 194 open","Miridae",3
"933","4.22.2017 194 open","Pemphredoninae",1
"934","4.22.2017 194 open","Thysanoptera",2
"935","4.22.2017 194 shrub","Buprestidae",1
"936","4.22.2017 194 shrub","Cicadellidae",4
"937","4.22.2017 194 shrub","Melyridae",7
"938","4.22.2017 275 open","Buprestidae",1
"939","4.22.2017 275 open","Cicadellidae",1
"940","4.22.2017 275 open","Formicidae",1
"941","4.22.2017 275 open","Melyridae",9
"942","4.22.2017 275 open","Psylloidea",1
"943","4.22.2017 275 shrub","Asilidae",1
"944","4.22.2017 275 shrub","Buprestidae",1
"945","4.22.2017 275 shrub","Cicadellidae",3
"946","4.22.2017 275 shrub","Melyridae",7
"947","4.22.2017 275 shrub","Miscophus",3
"948","4.22.2017 275 shrub","Nymph",1
"949","4.22.2017 276 open","Asilidae",1
"950","4.22.2017 276 open","Crabronidae",1
"951","4.22.2017 276 open","Megandrena.encelia",1
"952","4.22.2017 276 open","Melyridae",6
"953","4.22.2017 276 open","Mutillidae",1
"954","4.22.2017 276 open","Mythicomyiidae",1
"955","4.22.2017 276 open","Pemphredoninae",3
"956","4.22.2017 276 open","Thysanoptera",1
"957","4.22.2017 276 shrub","Buprestidae",3
"958","4.22.2017 276 shrub","Cecidomyiidae",1
"959","4.22.2017 276 shrub","Cicadellidae",2
"960","4.22.2017 276 shrub","Colletes",1
"961","4.22.2017 276 shrub","Megaspilidae",1
"962","4.22.2017 276 shrub","Melyridae",3
"963","4.22.2017 276 shrub","Miridae",1
"964","4.22.2017 276 shrub","Miscophus",1
"965","4.22.2017 276 shrub","Platygastridae",1
"966","4.22.2017 276 shrub","Pompilidae",1
"967","4.22.2017 276 shrub","Thysanoptera",1
"968","4.23.2017 146 open","Asilidae",1
"969","4.23.2017 146 open","Bombyliidae",1
"970","4.23.2017 146 open","Cicadellidae",1
"971","4.23.2017 146 open","Encrytidae",1
"972","4.23.2017 146 open","Formicidae",1
"973","4.23.2017 146 open","Melyridae",13
"974","4.23.2017 146 open","Pronotacanthaannulata",1
"975","4.23.2017 146 open","Rhopalidae",1
"976","4.23.2017 146 shrub","Buprestidae",1
"977","4.23.2017 146 shrub","Cicadellidae",1
"978","4.23.2017 146 shrub","Formicidae",1
"979","4.23.2017 146 shrub","Melyridae",2
"980","4.23.2017 146 shrub","Miridae",2
"981","4.23.2017 146 shrub","Nymph",1
"982","4.23.2017 146 shrub","Orthoptera",1
"983","4.23.2017 195 open","Heleomyzidae",2
"984","4.23.2017 195 open","Melyridae",14
"985","4.23.2017 195 open","Miridae",1
"986","4.23.2017 195 open","Pronotacanthaannulata",1
"987","4.23.2017 195 shrub","Bombyliidae",1
"988","4.23.2017 195 shrub","Heleomyzidae",2
"989","4.23.2017 195 shrub","Melyridae",23
"990","4.23.2017 195 shrub","Nymph",1
"991","4.23.2017 195 shrub","Nymphalidae",1
"992","4.23.2017 197 open","Cecidomyiidae",1
"993","4.23.2017 197 open","Ceraphronidae",1
"994","4.23.2017 197 open","Cicadellidae",2
"995","4.23.2017 197 open","Melyridae",18
"996","4.23.2017 197 open","Nymph",1
"997","4.23.2017 197 open","Thysanoptera",3
"998","4.23.2017 197 shrub","Heleomyzidae",1
"999","4.23.2017 197 shrub","Melyridae",4
"1000","4.23.2017 197 shrub","Thysanoptera",1
"1001","4.23.2017 266 open","Chrysididae",1
"1002","4.23.2017 266 open","Cicadellidae",1
"1003","4.23.2017 266 open","Harpactorinae",1
"1004","4.23.2017 266 open","Megandrena.encelia",1
"1005","4.23.2017 266 open","Melyridae",24
"1006","4.23.2017 266 open","Pompilidae",1
"1007","4.23.2017 266 open","Rhopalidae",1
"1008","4.23.2017 266 shrub","Ammophila",1
"1009","4.23.2017 266 shrub","Crabronidae",1
"1010","4.23.2017 266 shrub","Melyridae",12
"1011","4.23.2017 266 shrub","Nymph",1
"1012","4.23.2017 266 shrub","Osmia",1
"1013","4.23.2017 266 shrub","Pronotacanthaannulata",1
"1014","4.23.2017 267 open","Asilidae",1
"1015","4.23.2017 267 open","Buprestidae",1
"1016","4.23.2017 267 open","Crabronidae",1
"1017","4.23.2017 267 open","Melyridae",27
"1018","4.23.2017 267 open","Nymph",1
"1019","4.23.2017 267 shrub","Cecidomyiidae",1
"1020","4.23.2017 267 shrub","Cicadellidae",2
"1021","4.23.2017 267 shrub","Melyridae",11
"1022","4.23.2017 267 shrub","Miridae",1
"1023","4.23.2017 289 open","Buprestidae",3
"1024","4.23.2017 289 open","Chrysididae",1
"1025","4.23.2017 289 open","Cicadellidae",1
"1026","4.23.2017 289 open","Melyridae",5
"1027","4.23.2017 289 open","Nymph",1
"1028","4.23.2017 289 open","Thysanoptera",1
"1029","4.23.2017 289 shrub","Araneae",1
"1030","4.23.2017 289 shrub","Bombyliidae",1
"1031","4.23.2017 289 shrub","Buprestidae",1
"1032","4.23.2017 289 shrub","Cicadellidae",3
"1033","4.23.2017 289 shrub","Coccinellidae",1
"1034","4.23.2017 289 shrub","Eupeodesvolucris",1
"1035","4.23.2017 289 shrub","Melyridae",2
"1036","4.26.2017 192 open","Asilidae",1
"1037","4.26.2017 192 open","Diadasia",1
"1038","4.26.2017 192 open","Lasioglossum",1
"1039","4.26.2017 192 open","Melyridae",14
"1040","4.26.2017 192 open","Mythicomyiidae",2
"1041","4.26.2017 192 shrub","Cecidomyiidae",2
"1042","4.26.2017 192 shrub","Cicadellidae",4
"1043","4.26.2017 192 shrub","Crabronidae",1
"1044","4.26.2017 192 shrub","Melyridae",3
"1045","4.26.2017 192 shrub","Omomyia",1
"1046","4.26.2017 192 shrub","Orthoptera",1
"1047","4.26.2017 192 shrub","Pronotacanthaannulata",1
"1048","4.26.2017 192 shrub","Thysanoptera",1
"1049","4.26.2017 196 open","Aphididae",1
"1050","4.26.2017 196 open","Buprestidae",1
"1051","4.26.2017 196 open","Ceraphronidae",1
"1052","4.26.2017 196 open","Cicadellidae",1
"1053","4.26.2017 196 open","Melyridae",9
"1054","4.26.2017 196 open","Phoridae",1
"1055","4.26.2017 196 open","Thysanoptera",1
"1056","4.26.2017 196 open","Trichogrammatidae",1
"1057","4.26.2017 196 shrub","Asilidae",1
"1058","4.26.2017 196 shrub","Buprestidae",2
"1059","4.26.2017 196 shrub","Crabronidae",1
"1060","4.26.2017 196 shrub","Eulophidae",1
"1061","4.26.2017 196 shrub","Melyridae",8
"1062","4.26.2017 196 shrub","Pteromalidae",2
"1063","4.26.2017 196 shrub","Tephritidae",1
"1064","4.26.2017 264 open","Ashmeadiella",1
"1065","4.26.2017 264 open","Asilidae",1
"1066","4.26.2017 264 open","Bombyliidae",1
"1067","4.26.2017 264 open","Chloropidae",1
"1068","4.26.2017 264 open","Cicadellidae",2
"1069","4.26.2017 264 open","Melyridae",5
"1070","4.26.2017 264 open","Mythicomyiidae",1
"1071","4.26.2017 264 open","Orthoptera",1
"1072","4.26.2017 264 open","Thysanoptera",2
"1073","4.26.2017 264 shrub","Cecidomyiidae",1
"1074","4.26.2017 264 shrub","Chloropidae",1
"1075","4.26.2017 264 shrub","Chrysomelidae",1
"1076","4.26.2017 264 shrub","Eulophidae",1
"1077","4.26.2017 264 shrub","Formicidae",1
"1078","4.26.2017 264 shrub","Melyridae",5
"1079","4.26.2017 264 shrub","Miridae",1
"1080","4.26.2017 264 shrub","Nymph",1
"1081","4.26.2017 264 shrub","Orthoptera",1
"1082","4.26.2017 295 open","Bombyliidae",1
"1083","4.26.2017 295 open","Buprestidae",2
"1084","4.26.2017 295 open","Melyridae",6
"1085","4.26.2017 295 open","Pemphredoninae",1
"1086","4.26.2017 295 open","Phoridae",1
"1087","4.26.2017 295 shrub","Araneae",1
"1088","4.26.2017 295 shrub","Cicadellidae",1
"1089","4.26.2017 295 shrub","Curculionidae",1
"1090","4.26.2017 295 shrub","Eulophidae",1
"1091","4.26.2017 295 shrub","Miscophus",1
"1092","4.26.2017 295 shrub","Nymph",3
"1093","4.26.2017 295 shrub","Thysanoptera",2
"1094","4.26.2017 298 open","Cicadellidae",2
"1095","4.26.2017 298 open","Melyridae",5
"1096","4.26.2017 298 open","Mythicomyiidae",1
"1097","4.26.2017 298 open","Nymph",1
"1098","4.26.2017 298 open","Sarcophagidae",1
"1099","4.26.2017 298 open","Tingidae",1
"1100","4.26.2017 298 shrub","Aphididae",1
"1101","4.26.2017 298 shrub","Buprestidae",1
"1102","4.26.2017 298 shrub","Cecidomyiidae",3
"1103","4.26.2017 298 shrub","Melyridae",8
"1104","4.26.2017 298 shrub","Omomyia",1
"1105","4.26.2017 298 shrub","Pteromalidae",1
"1106","4.26.2017 298 shrub","Thysanoptera",1
"1107","4.26.2017 301 open","Asilidae",1
"1108","4.26.2017 301 open","Bombyliidae",1
"1109","4.26.2017 301 open","Curculionidae",1
"1110","4.26.2017 301 open","Melyridae",4
"1111","4.26.2017 301 open","Osmia",1
"1112","4.26.2017 301 open","Therevidae",1
"1113","4.26.2017 301 shrub","Cicadellidae",3
"1114","4.26.2017 301 shrub","Melyridae",4
"1115","4.26.2017 301 shrub","Mythicomyiidae",1
"1116","4.27.2017 188 open","Bombyliidae",1
"1117","4.27.2017 188 open","Mutillidae",1
"1118","4.27.2017 188 open","Osmia",1
"1119","4.27.2017 188 shrub","Buprestidae",1
"1120","4.27.2017 188 shrub","Formicidae",11
"1121","4.27.2017 262 open","Melyridae",10
"1122","4.27.2017 262 shrub","Aphididae",1
"1123","4.27.2017 262 shrub","Asilidae",2
"1124","4.27.2017 262 shrub","Pteromalidae",2
"1125","4.27.2017 282 open","Asilidae",1
"1126","4.27.2017 282 open","Buprestidae",1
"1127","4.27.2017 282 open","Encrytidae",1
"1128","4.27.2017 282 open","Heleomyzidae",1
"1129","4.27.2017 282 open","Melyridae",4
"1130","4.27.2017 282 open","Mymaridae",1
"1131","4.27.2017 282 open","Sarcophagidae",1
"1132","4.27.2017 282 open","Thysanoptera",1
"1133","4.27.2017 282 shrub","Asilidae",1
"1134","4.27.2017 282 shrub","Cecidomyiidae",2
"1135","4.27.2017 282 shrub","Formicidae",1
"1136","4.27.2017 282 shrub","Melyridae",3
"1137","4.27.2017 293 open","Bombyliidae",1
"1138","4.27.2017 293 open","Melyridae",1
"1139","4.27.2017 293 shrub","Hoplitis",1
"1140","4.27.2017 293 shrub","Melyridae",1
"1141","4.27.2017 293 shrub","Sarcophagidae",1
"1142","4.27.2017 294 open","Crabronidae",1
"1143","4.27.2017 294 shrub","Cecidomyiidae",1
"1144","4.27.2017 294 shrub","Melyridae",1
"1145","4.27.2017 294 shrub","Miscophus",1
"1146","4.27.2017 294 shrub","Mythicomyiidae",1
"1147","4.27.2017 297 open","Zeroes",0
"1148","4.27.2017 297 shrub","Asilidae",1
"1149","4.27.2017 297 shrub","Chloropidae",1
"1150","4.29.2017 114 open","Buprestidae",1
"1151","4.29.2017 114 open","Cecidomyiidae",1
"1152","4.29.2017 114 open","Cicadellidae",1
"1153","4.29.2017 114 open","Encyrtidae",1
"1154","4.29.2017 114 open","Heleomyzidae",1
"1155","4.29.2017 114 open","Lasioglossum",1
"1156","4.29.2017 114 open","Melyridae",12
"1157","4.29.2017 114 open","Mutillidae",1
"1158","4.29.2017 114 open","Myrmosidae",1
"1159","4.29.2017 114 open","Thysanoptera",1
"1160","4.29.2017 114 shrub","Anthocoridae",1
"1161","4.29.2017 114 shrub","Aphididae",1
"1162","4.29.2017 114 shrub","Cecidomyiidae",1
"1163","4.29.2017 114 shrub","Cicadellidae",1
"1164","4.29.2017 114 shrub","Formicidae",2
"1165","4.29.2017 114 shrub","Melyridae",10
"1166","4.29.2017 114 shrub","Nymph",3
"1167","4.29.2017 114 shrub","Orthoptera",1
"1168","4.29.2017 114 shrub","Pemphredoninae",1
"1169","4.29.2017 190 open","Cecidomyiidae",1
"1170","4.29.2017 190 open","Crabronidae",1
"1171","4.29.2017 190 open","Formicidae",1
"1172","4.29.2017 190 open","Geocoridae",1
"1173","4.29.2017 190 open","Melyridae",2
"1174","4.29.2017 190 open","Miridae",1
"1175","4.29.2017 190 open","Nymph",2
"1176","4.29.2017 190 open","Solifugae",1
"1177","4.29.2017 190 open","Thysanoptera",2
"1178","4.29.2017 190 shrub","Asilidae",1
"1179","4.29.2017 190 shrub","Formicidae",3
"1180","4.29.2017 190 shrub","Heleomyzidae",1
"1181","4.29.2017 190 shrub","Hesperapis",1
"1182","4.29.2017 190 shrub","Melyridae",2
"1183","4.29.2017 190 shrub","Miscophus",1
"1184","4.29.2017 190 shrub","Mythicomyiidae",1
"1185","4.29.2017 190 shrub","Nymph",2
"1186","4.29.2017 190 shrub","Tachinidae",1
"1187","4.29.2017 190 shrub","Thysanoptera",1
"1188","4.29.2017 190 shrub","Torymidae",1
"1189","4.29.2017 190 shrub","Usiinae",1
"1190","4.29.2017 269 open","Cecidomyiidae",1
"1191","4.29.2017 269 open","Crabronidae",1
"1192","4.29.2017 269 open","Melyridae",3
"1193","4.29.2017 269 open","Nymph",2
"1194","4.29.2017 269 open","Pteromalidae",1
"1195","4.29.2017 269 shrub","Asilidae",1
"1196","4.29.2017 269 shrub","Cecidomyiidae",1
"1197","4.29.2017 269 shrub","Cicadellidae",1
"1198","4.29.2017 269 shrub","destroyed",1
"1199","4.29.2017 269 shrub","Diadasia",1
"1200","4.29.2017 269 shrub","Heleomyzidae",1
"1201","4.29.2017 269 shrub","Lasioglossum",1
"1202","4.29.2017 269 shrub","Mythicomyiidae",1
"1203","4.29.2017 269 shrub","Phoridae",1
"1204","4.29.2017 269 shrub","Sarcophagidae",1
"1205","4.29.2017 269 shrub","Thysanoptera",2
"1206","4.29.2017 269 shrub","Torymidae",1
"1207","4.29.2017 270 open","Buprestidae",1
"1208","4.29.2017 270 open","Cicadellidae",1
"1209","4.29.2017 270 open","Melyridae",7
"1210","4.29.2017 270 open","Sarcophagidae",1
"1211","4.29.2017 270 open","Tachinidae",1
"1212","4.29.2017 270 shrub","Chloropidae",1
"1213","4.29.2017 270 shrub","Heleomyzidae",1
"1214","4.29.2017 270 shrub","Hesperapis",1
"1215","4.29.2017 270 shrub","Melyridae",5
"1216","4.29.2017 270 shrub","Nymph",2
"1217","4.29.2017 270 shrub","Sarcophagidae",1
"1218","4.29.2017 270 shrub","Torymidae",1
"1219","4.29.2017 286 open","Formicidae",1
"1220","4.29.2017 286 open","Melyridae",3
"1221","4.29.2017 286 open","Mutillidae",2
"1222","4.29.2017 286 open","Phoridae",1
"1223","4.29.2017 286 open","Sarcophagidae",1
"1224","4.29.2017 286 shrub","Anthomyiidae",2
"1225","4.29.2017 286 shrub","Cicadellidae",1
"1226","4.29.2017 286 shrub","Formicidae",1
"1227","4.29.2017 286 shrub","Melyridae",2
"1228","4.29.2017 286 shrub","Mythicomyiidae",1
"1229","4.29.2017 286 shrub","Nymph",3
"1230","4.29.2017 288 open","Formicidae",2
"1231","4.29.2017 288 open","Melyridae",1
"1232","4.29.2017 288 shrub","Asilidae",2
"1233","4.29.2017 288 shrub","Buprestidae",1
"1234","4.29.2017 288 shrub","Cicadellidae",2
"1235","4.29.2017 288 shrub","Diadasia",1
"1236","4.29.2017 288 shrub","Formicidae",2
"1237","4.29.2017 288 shrub","Ichneumonidae",1
"1238","4.29.2017 288 shrub","Lasioglossum",2
"1239","4.29.2017 288 shrub","Megachile",1
"1240","4.29.2017 288 shrub","Melyridae",2
"1241","4.29.2017 288 shrub","Miridae",1
"1242","4.29.2017 288 shrub","Miscophus",1
"1243","4.29.2017 288 shrub","Orthoptera",1
"1244","4.30.2017 104 open","Asilidae",1
"1245","4.30.2017 104 open","Cicadellidae",2
"1246","4.30.2017 104 open","Crabronidae",1
"1247","4.30.2017 104 open","Melyridae",7
"1248","4.30.2017 104 open","Mutillidae",1
"1249","4.30.2017 104 open","Nymph",4
"1250","4.30.2017 104 open","Pemphredoninae",1
"1251","4.30.2017 104 open","Thysanoptera",2
"1252","4.30.2017 104 shrub","Asilidae",1
"1253","4.30.2017 104 shrub","Cercopidae",1
"1254","4.30.2017 104 shrub","Chalcididae",1
"1255","4.30.2017 104 shrub","Eulophidae",1
"1256","4.30.2017 104 shrub","Melyridae",3
"1257","4.30.2017 104 shrub","Nymph",1
"1258","4.30.2017 104 shrub","Pteromalidae",1
"1259","4.30.2017 181 open","Araneae",1
"1260","4.30.2017 181 open","Cicadellidae",2
"1261","4.30.2017 181 open","Coccinellidae",1
"1262","4.30.2017 181 open","Geocoridae",2
"1263","4.30.2017 181 open","Megandrena.encelia",1
"1264","4.30.2017 181 open","Melyridae",4
"1265","4.30.2017 181 open","Nymph",1
"1266","4.30.2017 181 shrub","Cecidomyiidae",1
"1267","4.30.2017 181 shrub","Cicadellidae",3
"1268","4.30.2017 181 shrub","Formicidae",11
"1269","4.30.2017 181 shrub","Harpactorinae",1
"1270","4.30.2017 181 shrub","Melyridae",2
"1271","4.30.2017 181 shrub","Pteromalidae",1
"1272","4.30.2017 186 open","Cicadellidae",5
"1273","4.30.2017 186 open","Melyridae",9
"1274","4.30.2017 186 open","Mythicomyiidae",1
"1275","4.30.2017 186 open","Pronotacanthaannulata",2
"1276","4.30.2017 186 open","Rhopalidae",1
"1277","4.30.2017 186 open","Thysanoptera",2
"1278","4.30.2017 186 open","Trichogrammatidae",1
"1279","4.30.2017 186 shrub","Buprestidae",1
"1280","4.30.2017 186 shrub","Crabronidae",1
"1281","4.30.2017 186 shrub","Melyridae",19
"1282","4.30.2017 186 shrub","Miridae",1
"1283","4.30.2017 186 shrub","Pentamoidae",1
"1284","4.30.2017 186 shrub","Signiphoridae",1
"1285","4.30.2017 186 shrub","Thysanoptera",2
"1286","4.30.2017 265 open","Berytidae",1
"1287","4.30.2017 265 open","Buprestidae",1
"1288","4.30.2017 265 open","Cicadellidae",1
"1289","4.30.2017 265 open","Lasioglossum",1
"1290","4.30.2017 265 open","Melyridae",5
"1291","4.30.2017 265 open","Miridae",2
"1292","4.30.2017 265 open","Nymph",3
"1293","4.30.2017 265 open","Pompilidae",1
"1294","4.30.2017 265 shrub","Bombyliidae",1
"1295","4.30.2017 265 shrub","Cicadellidae",1
"1296","4.30.2017 265 shrub","Formicidae",1
"1297","4.30.2017 265 shrub","Lasioglossum",1
"1298","4.30.2017 265 shrub","Melyridae",5
"1299","4.30.2017 265 shrub","Miridae",1
"1300","4.30.2017 265 shrub","Pipunculidae",1
"1301","4.30.2017 268 open","Asilidae",1
"1302","4.30.2017 268 open","Bombyliidae",3
"1303","4.30.2017 268 open","Buprestidae",2
"1304","4.30.2017 268 open","Cicadellidae",1
"1305","4.30.2017 268 open","Lasioglossum",1
"1306","4.30.2017 268 open","Melyridae",7
"1307","4.30.2017 268 open","Pipunculidae",1
"1308","4.30.2017 268 open","Pteromalidae",1
"1309","4.30.2017 268 shrub","Araneae",1
"1310","4.30.2017 268 shrub","Asilidae",1
"1311","4.30.2017 268 shrub","Buprestidae",2
"1312","4.30.2017 268 shrub","Eurytomidae",1
"1313","4.30.2017 268 shrub","Harpactorinae",1
"1314","4.30.2017 268 shrub","Melyridae",12
"1315","4.30.2017 268 shrub","Pentamoidae",1
"1316","4.30.2017 268 shrub","Pipunculidae",1
"1317","4.30.2017 268 shrub","Thysanoptera",1
"1318","4.30.2017 272 open","Berytidae",1
"1319","4.30.2017 272 open","Buprestidae",2
"1320","4.30.2017 272 open","Cicadellidae",3
"1321","4.30.2017 272 open","Crabronidae",1
"1322","4.30.2017 272 open","Lasioglossum",1
"1323","4.30.2017 272 open","Melyridae",3
"1324","4.30.2017 272 open","Nymph",2
"1325","4.30.2017 272 open","Thysanoptera",2
"1326","4.30.2017 272 shrub","Buprestidae",1
"1327","4.30.2017 272 shrub","Crabronidae",1
"1328","4.30.2017 272 shrub","Melyridae",3
"1329","4.30.2017 272 shrub","Nymph",1
"1330","5.1.2017 184 open","Melyridae",6
"1331","5.1.2017 184 shrub","Formicidae",1
"1332","5.1.2017 184 shrub","Melyridae",3
"1333","5.1.2017 184 shrub","Nymph",1
"1334","5.1.2017 191 open","Cecidomyiidae",1
"1335","5.1.2017 191 open","Melyridae",4
"1336","5.1.2017 191 shrub","Buprestidae",1
"1337","5.1.2017 191 shrub","Melyridae",3
"1338","5.1.2017 191 shrub","Solifugae",1
"1339","5.1.2017 199 open","Asilidae",1
"1340","5.1.2017 199 open","Buprestidae",1
"1341","5.1.2017 199 open","Formicidae",1
"1342","5.1.2017 199 open","Melyridae",9
"1343","5.1.2017 199 open","Nymph",2
"1344","5.1.2017 199 open","Solifugae",1
"1345","5.1.2017 199 shrub","Melyridae",5
"1346","5.1.2017 271 open","Heleomyzidae",1
"1347","5.1.2017 271 open","Lepidoptera",1
"1348","5.1.2017 271 open","Melyridae",4
"1349","5.1.2017 271 shrub","Asilidae",1
"1350","5.1.2017 271 shrub","Buprestidae",1
"1351","5.1.2017 271 shrub","Crabronidae",2
"1352","5.1.2017 271 shrub","Melyridae",2
"1353","5.1.2017 278 open","Buprestidae",1
"1354","5.1.2017 278 open","Melyridae",1
"1355","5.1.2017 278 shrub","Melyridae",2
"1356","5.1.2017 296 open","Asilidae",1
"1357","5.1.2017 296 open","Melyridae",1
"1358","5.1.2017 296 shrub","Melyridae",2
"1359","5.3.2017 183 open","Melyridae",1
"1360","5.3.2017 183 open","Nymph",1
"1361","5.3.2017 183 open","Osmia",1
"1362","5.3.2017 183 open","Pemphredoninae",1
"1363","5.3.2017 183 shrub","Ephydridae",1
"1364","5.3.2017 183 shrub","Lygaeoidea",1
"1365","5.3.2017 183 shrub","Melyridae",2
"1366","5.3.2017 187 open","Buprestidae",1
"1367","5.3.2017 187 open","Crabronidae",1
"1368","5.3.2017 187 open","Melyridae",6
"1369","5.3.2017 187 open","Papilionidae",1
"1370","5.3.2017 187 shrub","Asilidae",1
"1371","5.3.2017 187 shrub","Cicadellidae",2
"1372","5.3.2017 187 shrub","Diadasia",1
"1373","5.3.2017 187 shrub","Ephydridae",2
"1374","5.3.2017 187 shrub","Eucera",1
"1375","5.3.2017 187 shrub","Formicidae",2
"1376","5.3.2017 187 shrub","Harpactorinae",1
"1377","5.3.2017 187 shrub","Melyridae",2
"1378","5.3.2017 263 open","Asilidae",4
"1379","5.3.2017 263 open","Cecidomyiidae",1
"1380","5.3.2017 263 open","Cicadellidae",2
"1381","5.3.2017 263 open","Ephydridae",1
"1382","5.3.2017 263 open","Lygaeoidea",1
"1383","5.3.2017 263 open","Megandrena.encelia",2
"1384","5.3.2017 263 open","Mellisodes",1
"1385","5.3.2017 263 open","Melyridae",6
"1386","5.3.2017 263 open","Pemphredoninae",1
"1387","5.3.2017 263 shrub","Calliphoridae",1
"1388","5.3.2017 263 shrub","Crabronidae",1
"1389","5.3.2017 263 shrub","Melyridae",2
"1390","5.3.2017 263 shrub","Nymph",4
"1391","5.3.2017 263 shrub","Pompilidae",1
"1392","5.3.2017 263 shrub","Sarcophagidae",2
"1393","5.3.2017 263 shrub","Trichogrammatidae",1
"1394","5.3.2017 274 open","Ashmeadiella",1
"1395","5.3.2017 274 open","Buprestidae",1
"1396","5.3.2017 274 open","Cicadellidae",1
"1397","5.3.2017 274 open","Ephydridae",1
"1398","5.3.2017 274 open","Lygaeoidea",1
"1399","5.3.2017 274 open","Megandrena.encelia",1
"1400","5.3.2017 274 open","Melyridae",2
"1401","5.3.2017 274 open","Mythicomyiidae",2
"1402","5.3.2017 274 open","Pemphredoninae",1
"1403","5.3.2017 274 open","Pompilidae",1
"1404","5.3.2017 274 shrub","Anthidium",1
"1405","5.3.2017 274 shrub","Cicadellidae",2
"1406","5.3.2017 274 shrub","Melyridae",5
"1407","5.3.2017 274 shrub","Miscophus",1
"1408","5.3.2017 274 shrub","Nymph",1
"1409","5.3.2017 274 shrub","Pemphredoninae",1
"1410","5.3.2017 285 open","Buprestidae",1
"1411","5.3.2017 285 open","Cicadellidae",2
"1412","5.3.2017 285 open","Ephydridae",1
"1413","5.3.2017 285 open","Geocoridae",1
"1414","5.3.2017 285 open","Lasioglossum",1
"1415","5.3.2017 285 open","Lygaeoidea",2
"1416","5.3.2017 285 open","Melyridae",2
"1417","5.3.2017 285 open","Nymph",1
"1418","5.3.2017 285 shrub","Bombyliidae",1
"1419","5.3.2017 285 shrub","Buprestidae",1
"1420","5.3.2017 285 shrub","Chloropidae",1
"1421","5.3.2017 285 shrub","Cicadellidae",4
"1422","5.3.2017 285 shrub","destroyed",1
"1423","5.3.2017 285 shrub","Diadasia",1
"1424","5.3.2017 285 shrub","Megandrena.encelia",2
"1425","5.3.2017 285 shrub","Melyridae",2
"1426","5.3.2017 285 shrub","Pemphredoninae",1
"1427","5.3.2017 285 shrub","Platygastridae",2
"1428","5.3.2017 285 shrub","Pronotacanthaannulata",1
"1429","5.3.2017 290 open","Asilidae",1
"1430","5.3.2017 290 open","destroyed",1
"1431","5.3.2017 290 open","Halictus",1
"1432","5.3.2017 290 open","Melyridae",2
"1433","5.3.2017 290 open","Miridae",1
"1434","5.3.2017 290 open","Pemphredoninae",1
"1435","5.3.2017 290 open","Tachinidae",1
"1436","5.3.2017 290 shrub","destroyed",1
"1437","5.3.2017 290 shrub","Miscophus",1
"1438","5.3.2017 290 shrub","Nymph",1
"1439","5.4.2017 198 open","Asilidae",1
"1440","5.4.2017 198 open","Cicadellidae",3
"1441","5.4.2017 198 open","Crabronidae",2
"1442","5.4.2017 198 open","Lygaeoidea",1
"1443","5.4.2017 198 open","Melyridae",4
"1444","5.4.2017 198 open","Mythicomyiidae",2
"1445","5.4.2017 198 open","Nymph",1
"1446","5.4.2017 198 open","Pemphredoninae",2
"1447","5.4.2017 198 shrub","Asilidae",2
"1448","5.4.2017 198 shrub","Chrysididae",1
"1449","5.4.2017 198 shrub","Lasioglossum",1
"1450","5.4.2017 198 shrub","Megandrena.encelia",1
"1451","5.4.2017 198 shrub","Miridae",1
"1452","5.4.2017 198 shrub","Nymph",1
"1453","5.4.2017 198 shrub","Pompilidae",1
"1454","5.4.2017 261 open","Apismellifera",1
"1455","5.4.2017 261 open","Bombyliidae",1
"1456","5.4.2017 261 open","Cicadellidae",1
"1457","5.4.2017 261 open","Geocoridae",1
"1458","5.4.2017 261 open","Lasioglossum",2
"1459","5.4.2017 261 open","Melyridae",6
"1460","5.4.2017 261 open","Nymph",1
"1461","5.4.2017 261 shrub","Anthidium",1
"1462","5.4.2017 261 shrub","Buprestidae",2
"1463","5.4.2017 261 shrub","Chalcididae",1
"1464","5.4.2017 261 shrub","Crabronidae",1
"1465","5.4.2017 261 shrub","Diadasia",1
"1466","5.4.2017 261 shrub","Geocoridae",1
"1467","5.4.2017 261 shrub","Melyridae",1
"1468","5.4.2017 261 shrub","Miridae",1
"1469","5.4.2017 261 shrub","Osmia",1
"1470","5.4.2017 261 shrub","Pemphredoninae",1
"1471","5.4.2017 273 open","Asilidae",1
"1472","5.4.2017 273 open","Lasioglossum",2
"1473","5.4.2017 273 open","Lygaeoidea",1
"1474","5.4.2017 273 open","Megandrena.encelia",1
"1475","5.4.2017 273 open","Melyridae",6
"1476","5.4.2017 273 open","Pemphredoninae",1
"1477","5.4.2017 273 shrub","Bombyliidae",1
"1478","5.4.2017 273 shrub","Buprestidae",1
"1479","5.4.2017 273 shrub","Crabronidae",1
"1480","5.4.2017 273 shrub","Eurytomidae",1
"1481","5.4.2017 273 shrub","Hemiptera",1
"1482","5.4.2017 273 shrub","Melyridae",3
"1483","5.4.2017 273 shrub","Nymph",1
"1484","5.4.2017 273 shrub","Pemphredoninae",1
"1485","5.4.2017 273 shrub","Pompilidae",1
"1486","5.4.2017 280 open","Buprestidae",1
"1487","5.4.2017 280 open","Cicadellidae",2
"1488","5.4.2017 280 open","Crabronidae",1
"1489","5.4.2017 280 open","Harpactorinae",1
"1490","5.4.2017 280 open","Lygaeoidea",2
"1491","5.4.2017 280 open","Megandrena.encelia",1
"1492","5.4.2017 280 open","Melyridae",6
"1493","5.4.2017 280 open","Pompilidae",1
"1494","5.4.2017 280 shrub","Anthidium",1
"1495","5.4.2017 280 shrub","Bombyliidae",1
"1496","5.4.2017 280 shrub","Buprestidae",1
"1497","5.4.2017 280 shrub","Cicadellidae",1
"1498","5.4.2017 280 shrub","Lygaeoidea",1
"1499","5.4.2017 280 shrub","Melyridae",3
"1500","5.4.2017 280 shrub","Nymph",1
"1501","5.4.2017 280 shrub","Pompilidae",1
"1502","5.4.2017 280 shrub","Pteromalidae",1
"1503","5.4.2017 280 shrub","Sarcophagidae",1
"1504","5.4.2017 280 shrub","Torymidae",1
"1505","5.4.2017 283 open","Anthomyiidae",1
"1506","5.4.2017 283 open","Asilidae",2
"1507","5.4.2017 283 open","Crabronidae",1
"1508","5.4.2017 283 open","Melyridae",4
"1509","5.4.2017 283 open","Miscophus",1
"1510","5.4.2017 283 open","Nymph",2
"1511","5.4.2017 283 shrub","Asilidae",1
"1512","5.4.2017 283 shrub","Cicadellidae",1
"1513","5.4.2017 283 shrub","Diadasia",1
"1514","5.4.2017 283 shrub","Harmostes",1
"1515","5.4.2017 283 shrub","Lygaeoidea",2
"1516","5.4.2017 283 shrub","Melyridae",4
"1517","5.4.2017 283 shrub","Nymph",3
"1518","5.4.2017 283 shrub","Orthoptera",1
"1519","5.4.2017 283 shrub","Pipunculidae",2
"1520","5.4.2017 283 shrub","Tachinidae",1
"1521","5.4.2017 291 open","Asilidae",2
"1522","5.4.2017 291 open","Lasioglossum",1
"1523","5.4.2017 291 open","Lygaeoidea",1
"1524","5.4.2017 291 open","Melyridae",1
"1525","5.4.2017 291 open","Nymph",1
"1526","5.4.2017 291 shrub","Aphididae",1
"1527","5.4.2017 291 shrub","Crabronidae",2
"1528","5.4.2017 291 shrub","Diadasia",1
"1529","5.4.2017 291 shrub","Eulophidae",1
"1530","5.4.2017 291 shrub","Geocoridae",1
"1531","5.4.2017 291 shrub","Melyridae",2
"1532","5.4.2017 291 shrub","Miridae",1
"1533","5.4.2017 291 shrub","Nymph",4
"1534","5.4.2017 291 shrub","Sarcophagidae",1
"1535","5.5.2017 185 open","Adeloidea",1
"1536","5.5.2017 185 open","Buprestidae",1
"1537","5.5.2017 185 open","Cercopidae",1
"1538","5.5.2017 185 open","Cicadellidae",1
"1539","5.5.2017 185 open","Crabronidae",1
"1540","5.5.2017 185 open","Diadasia",1
"1541","5.5.2017 185 open","Formicidae",1
"1542","5.5.2017 185 open","Geocoridae",1
"1543","5.5.2017 185 open","Heleomyzidae",1
"1544","5.5.2017 185 open","Lygaeoidea",2
"1545","5.5.2017 185 open","Megandrena.encelia",1
"1546","5.5.2017 185 open","Melyridae",2
"1547","5.5.2017 185 open","Mythicomyiidae",1
"1548","5.5.2017 185 shrub","Bombyliidae",1
"1549","5.5.2017 185 shrub","Cecidomyiidae",1
"1550","5.5.2017 185 shrub","Chrysididae",1
"1551","5.5.2017 185 shrub","Diadasia",1
"1552","5.5.2017 185 shrub","Melyridae",4
"1553","5.5.2017 185 shrub","Orthoptera",1
"1554","5.5.2017 185 shrub","Torymidae",1
"1555","5.5.2017 193 open","Araneae",1
"1556","5.5.2017 193 open","Asilidae",2
"1557","5.5.2017 193 open","Buprestidae",1
"1558","5.5.2017 193 open","Cecidomyiidae",1
"1559","5.5.2017 193 open","Formicidae",1
"1560","5.5.2017 193 open","Geocoridae",1
"1561","5.5.2017 193 open","Megandrena.encelia",2
"1562","5.5.2017 193 open","Melyridae",8
"1563","5.5.2017 193 open","Miscophus",1
"1564","5.5.2017 193 open","Pemphredoninae",1
"1565","5.5.2017 193 open","Tachinidae",1
"1566","5.5.2017 193 shrub","Asilidae",2
"1567","5.5.2017 193 shrub","Bombyliidae",1
"1568","5.5.2017 193 shrub","Eucharitidae",1
"1569","5.5.2017 193 shrub","Lasioglossum",1
"1570","5.5.2017 193 shrub","Lygaeoidea",1
"1571","5.5.2017 193 shrub","Mellisodes",1
"1572","5.5.2017 193 shrub","Perdita",1
"1573","5.5.2017 193 shrub","Pronotacanthaannulata",1
"1574","5.5.2017 193 shrub","Pteromalidae",1
"1575","5.5.2017 193 shrub","Sarcophagidae",1
"1576","5.5.2017 281 open","Asilidae",2
"1577","5.5.2017 281 open","Buprestidae",1
"1578","5.5.2017 281 open","Melyridae",2
"1579","5.5.2017 281 shrub","Ashmeadiella",1
"1580","5.5.2017 281 shrub","Cicadellidae",1
"1581","5.5.2017 281 shrub","Crabronidae",1
"1582","5.5.2017 281 shrub","Miscophus",1
"1583","5.5.2017 281 shrub","Mythicomyiidae",1
"1584","5.5.2017 281 shrub","Nymph",1
"1585","5.5.2017 300 open","Asilidae",1
"1586","5.5.2017 300 open","Bombyliidae",1
"1587","5.5.2017 300 open","Cicadellidae",1
"1588","5.5.2017 300 open","Eulophidae",1
"1589","5.5.2017 300 open","Melyridae",1
"1590","5.5.2017 300 open","Osmia",1
"1591","5.5.2017 300 shrub","Chrysididae",1
"1592","5.5.2017 300 shrub","Cicadellidae",1
"1593","5.5.2017 300 shrub","Eumeninae",1
"1594","5.5.2017 300 shrub","Mellisodes",1
"1595","5.5.2017 302 open","Araneae",1
"1596","5.5.2017 302 open","Bombyliidae",2
"1597","5.5.2017 302 open","Chrysididae",1
"1598","5.5.2017 302 open","Cicadellidae",1
"1599","5.5.2017 302 open","Diadasia",1
"1600","5.5.2017 302 open","Harpactorinae",2
"1601","5.5.2017 302 open","Lasioglossum",1
"1602","5.5.2017 302 open","Melyridae",4
"1603","5.5.2017 302 open","Nymph",4
"1604","5.5.2017 302 shrub","Asilidae",2
"1605","5.5.2017 302 shrub","Cecidomyiidae",1
"1606","5.5.2017 302 shrub","Crabronidae",1
"1607","5.5.2017 302 shrub","Eucharitidae",1
"1608","5.5.2017 302 shrub","Lasioglossum",1
"1609","5.5.2017 302 shrub","Lygaeoidea",1
"1610","5.5.2017 302 shrub","Melyridae",1
"1611","5.5.2017 302 shrub","Microcoryphia",1
"1612","5.5.2017 302 shrub","Nymph",2
"1613","5.5.2017 302 shrub","Platygastridae",1
"1614","5.5.2017 302 shrub","Pteromalidae",1
"1615","5.5.2017 302 shrub","Thysanoptera",1
"1616","5.5.2017 303 open","Ancylandrenalarreae",1
"1617","5.5.2017 303 open","Asilidae",2
"1618","5.5.2017 303 open","Crabronidae",2
"1619","5.5.2017 303 open","Lygaeoidea",1
"1620","5.5.2017 303 open","Melyridae",1
"1621","5.5.2017 303 open","Milichiidae",1
"1622","5.5.2017 303 open","Mythicomyiidae",2
"1623","5.5.2017 303 open","Orthoptera",1
"1624","5.5.2017 303 open","Pemphredoninae",1
"1625","5.5.2017 303 open","Sarcophagidae",1
"1626","5.5.2017 303 shrub","Anthocoridae",1
"1627","5.5.2017 303 shrub","Cicadellidae",2
"1628","5.5.2017 303 shrub","Crabronidae",2
"1629","5.5.2017 303 shrub","destroyed",1
"1630","5.5.2017 303 shrub","Formicidae",1
"1631","5.5.2017 303 shrub","Lasioglossum",1
"1632","5.5.2017 303 shrub","Melyridae",3
"1633","5.5.2017 303 shrub","Miridae",1
"1634","5.5.2017 303 shrub","Miscophus",1
"1635","5.5.2017 303 shrub","Mythicomyiidae",2
"1636","5.5.2017 303 shrub","Platygastridae",1
