InsectID,Date,PlantID,Magnet,Microsite,Flowering,RTU,Order,Family,Subfamily,Tribe,Genus,Species,Common Name,Notes,Specimen Location,,ID Keys Used
Open.184.April.10.2017.Braun.1,4.10.2017,184,larrea,open,pre,syrphid,Diptera,Syrphidae,,,Syrphus,,hoverfly,male,,pinned,Key to the Genera of Nearctic Syrphidae
Open.184.April.10.2017.Braun.2,4.10.2017,184,larrea,open,pre,fly,Diptera,Bombyliidae,Usiinae,,,,,,,pinned,"Wing venation from wikipedia, bugguide"
Shrub.184.April.10.2017.Braun.1,4.10.2017,184,larrea,shrub,pre,bee,Hymenoptera,Megachilidae,,Anthidiini,Anthidium,,wool-carder bee,,,pinned,
Shrub.184.April.10.2017.Braun.2,4.10.2017,184,larrea,shrub,pre,bee,Hymenoptera,Halictidae,Halictinae,,Lasioglossum,,,,,pinned,
Open.189.April.10.2017.Braun.1,4.10.2017,189,larrea,open,pre,bee,Hymenoptera,Halictidae,Halictinae,,Halictus,,,,,pinned,
Open.189.April.10.2017.Braun.2,4.10.2017,189,larrea,open,pre,fly,Diptera,Bombyliidae,Usiinae,,,,,,,pinned,
Open.189.April.10.2017.Braun.3,4.10.2017,189,larrea,open,pre,fly,Diptera,Tachinidae,,,,,,,,pinned,
Open.189.April.10.2017.Braun.4,4.10.2017,189,larrea,open,pre,cuckoo.wasp,Hymenoptera,Chrysididae,,,,,,,,pinned,
Open.189.April.10.2017.Braun.5,4.10.2017,189,larrea,open,pre,cuckoo.wasp,Hymenoptera,Chrysididae,,,,,,,,pinned,
Open.189.April.10.2017.Braun.6,4.10.2017,189,larrea,open,pre,velvet ant,Hymenoptera,Mutillidae,,,,,,,,pinned,
Shrub.189.April.10.2017.Braun.1,4.10.2017,189,larrea,shrub,pre,true.bug,Hymenoptera,Pentamoidae,,,,,,,,pinned,
Shrub.189.April.10.2017.Braun.2,4.10.2017,189,larrea,shrub,pre,wasp,Hymenoptera,,,,,,,,,pinned,
Open.192.April.10.2017.Braun.1,4.10.2017,192,larrea,open,pre,wasp,Hymenoptera,,,,,,,,,pinned,
Open.192.April.10.2017.Braun.2,4.10.2017,192,larrea,open,pre,bee,Hymenoptera,Halictidae,,,Lasioglossum,,,goldstripes,,pinned,
Open.192.April.10.2017.Braun.3,4.10.2017,192,larrea,open,pre,bee,Hymenoptera,Halictidae,,,Lasioglossum,,,goldstripes,,pinned,
Shrub.192.April.10.2017.Braun.1,4.10.2017,192,larrea,shrub,pre,wasp,Hymenoptera,Sphecidae,,,,,,,,pinned,
Shrub.192.April.10.2017.Braun.2,4.10.2017,192,larrea,shrub,pre,syrphid,Diptera,Syrphidae,,,Syrphus,,,,,pinned,
Shrub.192.April.10.2017.Braun.3,4.10.2017,192,larrea,shrub,pre,robberfly,Diptera,Asilidae,,,,,,,,pinned,
Shrub.192.April.10.2017.Braun.4,4.10.2017,192,larrea,shrub,pre,bee,Hymenoptera,Megachilidae,,,Osmia,,,,,pinned,
Open.194.April.10.2017.Braun.1,4.10.2017,194,larrea,open,pre,bee,Hymenoptera,Apidae,,,Apis,Apis mellifera,honeybee,,,pinned,
Open.194.April.10.2017.Braun.2,4.10.2017,194,larrea,open,pre,bee,Hymenoptera,Halictidae,,,Lasioglossum,,,goldstripes,,pinned,
Open.194.April.10.2017.Braun.3,4.10.2017,194,larrea,open,pre,syrphid,Diptera,Syrphidae,,,Syrphus,,,male,,pinned,
Open.194.April.10.2017.Braun.4,4.10.2017,194,larrea,open,pre,fly,Diptera,?,,,,,,,,pinned,
Shrub.275.April.10.2017.Braun.1,4.10.2017,275,larrea,shrub,pre,bee,Hymenoptera,Halictidae,,,Lasioglossum,,,goldstripes,,pinned,
Shrub.275.April.10.2017.Braun.2,4.10.2017,275,larrea,shrub,pre,syrphid,Diptera,Syrphidae,,,Syrphus,,,,,pinned,
Shrub.275.April.10.2017.Braun.3,4.10.2017,275,larrea,shrub,pre,muscid.fly,Diptera,Sarcophagidae,,,,,,,,pinned,
Shrub.275.April.10.2017.Braun.4,4.10.2017,275,larrea,shrub,pre,fly,Diptera,Asilidae,,,,,,,,pinned,
Open.296.April.10.2017.Braun.1,4.10.2017,296,larrea,open,pre,fly,Diptera,Asilidae,,,,,,,,pinned,
Open.296.April.10.2017.Braun.2,4.10.2017,296,larrea,open,pre,true.bug,Hemiptera,Reduviidae,Harpactorinae,,,,,,,pinned,
Open.296.April.10.2017.Braun.3,4.10.2017,296,larrea,open,pre,bee,Hymenoptera,Andrenidae,,,Andrena,,,,,pinned,
Open.296.April.10.2017.Braun.4,4.10.2017,296,larrea,open,pre,syrphid,Diptera,Syrphidae,,,Syrphus,,,,,pinned,
Open.296.April.10.2017.Braun.5,4.10.2017,296,larrea,open,pre,bee,Hymenoptera,Halictidae,,,Lasioglossum,,,goldstripes,,pinned,
Open.296.April.10.2017.Braun.6,4.10.2017,296,larrea,open,pre,fly,Diptera,Bombyliidae,Usiinae,,,,,,,pinned,
Open.296.April.10.2017.Braun.7,4.10.2017,296,larrea,open,pre,fly,Diptera,?,,,,,,,,pinned,
Shrub.296.April.10.2017.Braun.1,4.10.2017,296,larrea,shrub,pre,fly,Diptera,Asilidae,,,,,,,,pinned,
Shrub.296.April.10.2017.Braun.2,4.10.2017,296,larrea,shrub,pre,bee,Hymenoptera,Andrenidae,,,Calliopsis?,,,,,pinned,
Shrub.296.April.10.2017.Braun.3,4.10.2017,296,larrea,shrub,pre,fly,Diptera,Therevidae?,,,,,,,,pinned,
Shrub.296.April.10.2017.Braun.4,4.10.2017,296,larrea,shrub,pre,bee,Hymenoptera,Colletidae,,,Colletes,,,,,pinned,
Shrub.296.April.10.2017.Braun.5,4.10.2017,296,larrea,shrub,pre,bee,Hymenoptera,Halictidae,,,Halictus,,,,,pinned,
Shrub.296.April.10.2017.Braun.6,4.10.2017,296,larrea,shrub,pre,bee,Hymenoptera,Halictidae,,,Lasioglossum,,,,,pinned,
Shrub.296.April.10.2017.Braun.7,4.10.2017,296,larrea,shrub,pre,bee,Hymenoptera,Halictidae,,,Lasioglossum,,,,,pinned,
Shrub.296.April.10.2017.Braun.8,4.10.2017,296,larrea,shrub,pre,wasp,Hymenoptera,Crabronidae,,,,,,,,pinned,
Shrub.296.April.10.2017.Braun.9,4.10.2017,296,larrea,shrub,pre,cuckoo.wasp,Hymenoptera,Chrysididae,,,,,,,,pinned,
Shrub.296.April.10.2017.Braun.10,4.10.2017,296,larrea,shrub,pre,wasp,Hymenoptera,Crabronidae,,,,,,,,pinned,
Shrub.296.April.10.2017.Braun.11,4.10.2017,296,larrea,shrub,pre,wasp,Hymenoptera,Crabronidae,,,,,,,,pinned,
Open.187.April.11.2017.Braun.1,4.11.2017,187,larrea,open,pre,cuckoo.wasp,Hymenoptera,Chrysididae,,,,,,,,pinned,
Shrub.187.April.11.2017.Braun.1,4.11.2017,187,larrea,shrub,pre,bee,Hymenoptera,Halictidae,,,Halictus,,,,,pinned,
Open.193.April.11.2017.Braun.1,4.11.2017,193,larrea,open,pre,bee,Hymenoptera,Halictidae,,,Lasioglossum,,,,,pinned,
Open.193.April.11.2017.Braun.2,4.11.2017,193,larrea,open,pre,bee,Hymenoptera,Halictidae,,,Lasioglossum,,,,,pinned,
Shrub.193.April.11.2017.Braun.1,4.11.2017,193,larrea,shrub,pre,fly,Diptera,Muscidae,,,,,,,,pinned,
Shrub.193.April.11.2017.Braun.2,4.11.2017,193,larrea,shrub,pre,fly,Diptera,Muscidae,,,,,,,,pinned,
Shrub.193.April.11.2017.Braun.3,4.11.2017,193,larrea,shrub,pre,wasp,Hymenoptera,Crabronidae,,,,,,,,pinned,
Open.197.April.11.2017.Braun.1,4.11.2017,197,larrea,open,pre,bee,Hymenoptera,Halictidae,,,Lasioglossum,,,,,pinned,
Open.197.April.11.2017.Braun.2,4.11.2017,197,larrea,open,pre,bee,Hymenoptera,Halictidae,,,Lasioglossum,,,,,pinned,
Shrub.197.April.11.2017.Braun.1,4.11.2017,197,larrea,shrub,pre,cuckoo.wasp,Hymenoptera,Chrysididae,,,,,,,,pinned,
Shrub.197.April.11.2017.Braun.2,4.11.2017,197,larrea,shrub,pre,muscid.fly,Diptera,Sarcophagidae,,,,,,,,pinned,
Shrub.266.April.11.2017.Braun.1,4.11.2017,266,larrea,shrub,pre,bee,Hymenoptera,Halictidae,,,Lasioglossum,,,,,pinned,
Shrub.266.April.11.2017.Braun.2,4.11.2017,266,larrea,shrub,pre,bee,Hymenoptera,Halictidae,,,Lasioglossum,,,,,pinned,
Shrub.266.April.11.2017.Braun.3,4.11.2017,266,larrea,shrub,pre,wasp,Hymenoptera,Pompilidae,,,,,,,,pinned,
Open.273.April.11.2017.Braun.1,4.11.2017,273,larrea,open,pre,robberfly,Diptera,Asilidae,,,,,,,,pinned,
Open.273.April.11.2017.Braun.2,4.11.2017,273,larrea,open,pre,fly,Diptera,Bombyliidae,Usiinae,,,,,,,pinned,
Shrub.273.April.11.2017.Braun.1,4.11.2017,273,larrea,shrub,pre,syrphid,Diptera,Syrphidae,,,Syrphus,,,,,pinned,
Shrub.273.April.11.2017.Braun.2,4.11.2017,273,larrea,shrub,pre,bee,Hymenoptera,Halictidae,,,Lasioglossum,,,,,pinned,
Shrub.273.April.11.2017.Braun.3,4.11.2017,273,larrea,shrub,pre,bee,Hymenoptera,Halictidae,,,Lasioglossum,,,,,pinned,
Shrub.273.April.11.2017.Braun.4,4.11.2017,273,larrea,shrub,pre,wasp,Hymenoptera,Crabronidae,,,,,,,,pinned,
Open.288.April.11.2017.Braun.1,4.11.2017,288,larrea,open,pre,fly,Diptera,Muscidae,,,,,,,,pinned,
Open.288.April.11.2017.Braun.2,4.11.2017,288,larrea,open,pre,bee,Hymenoptera,Halictidae,,,Lasioglossum,,,,,pinned,
Shrub.288.April.11.2017.Braun.1,4.11.2017,288,larrea,shrub,pre,bee,Hymenoptera,Halictidae,,,Lasioglossum,,,,,pinned,
Shrub.288.April.11.2017.Braun.2,4.11.2017,288,larrea,shrub,pre,bee,Hymenoptera,Halictidae,,,Lasioglossum,,,,,pinned,
Shrub.288.April.11.2017.Braun.3,4.11.2017,288,larrea,shrub,pre,fly,Diptera,Sarcophagidae,,,,,,,,pinned,
Shrub.288.April.11.2017.Braun.4,4.11.2017,288,larrea,shrub,pre,bee,Hymenoptera,Andrenidae,,,Andrena,,,,,pinned,
Shrub.288.April.11.2017.Braun.5,4.11.2017,288,larrea,shrub,pre,bee,Hymenoptera,Halictidae?,,,Halictus?,,,one large hair band,,pinned,
Open.180.April.12.2017.Braun.1,4.12.2017,180,larrea,open,pre,fly,Diptera,Tachinidae,,,,,,,,pinned,
Open.180.April.12.2017.Braun.2,4.12.2017,180,larrea,open,pre,wasp,Hymenoptera,? Not sphecidae I think,,,,,,,,pinned,
Open.180.April.12.2017.Braun.3,4.12.2017,180,larrea,open,pre,bee,Hymenoptera,Halictidae,,,Lasioglossum,,,,,pinned,
Open.180.April.12.2017.Braun.4,4.12.2017,180,larrea,open,pre,bee,Hymenoptera,Halictidae,,,Lasioglossum,,,,,pinned,
Open.180.April.12.2017.Braun.5,4.12.2017,180,larrea,open,pre,syrphid,Diptera,Syrphidae,,,Syrphus,,,,,pinned,
Shrub.180.April.12.2017.Braun.1,4.12.2017,180,larrea,shrub,pre,robberfly,Diptera,Asilidae,,,,,,,,,
Shrub.191.April.12.2017.Braun.1,4.12.2017,191,larrea,shrub,pre,bee,Hymenoptera,Halictidae,,,Lasioglossum,,,,,pinned,
Shrub.191.April.12.2017.Braun.2,4.12.2017,191,larrea,shrub,pre,muscid.fly,Diptera,Tachinidae,,,,,,,,pinned,
Open.196.April.12.2017.Braun.1,4.12.2017,196,larrea,open,pre,wasp,Hymenoptera,Halictidae,,,Lasioglossum,,,,,pinned,
Open.196.April.12.2017.Braun.2,4.12.2017,196,larrea,open,pre,bee,Hymenoptera,Halictidae,,,Lasioglossum,,,,,pinned,
Open.196.April.12.2017.Braun.3,4.12.2017,196,larrea,open,pre,bee,Hymenoptera,Halictidae,,,Lasioglossum,,,,,pinned,
Open.196.April.12.2017.Braun.4,4.12.2017,196,larrea,open,pre,wasp,Hymenoptera,,,,,,,,,pinned,
Shrub.196.April.12.2017.Braun.1,4.12.2017,196,larrea,shrub,pre,robberfly,Hymenoptera,Asilidae,,,,,,,,pinned,
Open.198.April.12.2017.Braun.1,4.12.2017,198,larrea,open,pre,fly,Diptera,acalypterate,,,,,,,,pinned,
Open.198.April.12.2017.Braun.2,4.12.2017,198,larrea,open,pre,fly,Diptera,Muscidae,,,,,,,,pinned,
Shrub.198.April.12.2017.Braun.1,4.12.2017,198,larrea,shrub,pre,robberfly,Hymenoptera,Asilidae,,,,,,,,pinned,
Shrub.198.April.12.2017.Braun.2,4.12.2017,198,larrea,shrub,pre,wasp,Hymenoptera,Crabronidae,,,,,,,,pinned,
Open.265.April.12.2017.Braun.1,4.12.2017,265,larrea,open,pre,wasp,Hymenoptera,Crabronidae?,,,,,,,,pinned,
Open.265.April.12.2017.Braun.2,4.12.2017,265,larrea,open,pre,wasp,Hymenoptera,?,,,,,,,,pinned,
Open.265.April.12.2017.Braun.3,4.12.2017,265,larrea,open,pre,beetle,Coleoptera,Meloidae,,,Lytta,Lytta auriculata,red-eared blister beetle,,,pinned,
Open.265.April.12.2017.Braun.4,4.12.2017,265,larrea,open,pre,syrphid,Diptera,Syrphidae,,,Syrphus,,,,,pinned,
Shrub.265.April.12.2017.Braun.1,4.12.2017,265,larrea,shrub,pre,bee,Hymenoptera,Andrenidae?,,,Andrena?,,,,,pinned,
Shrub.265.April.12.2017.Braun.2,4.12.2017,265,larrea,shrub,pre,syrphid,Diptera,Syrphidae,,,Syrphus,,,,,pinned,
Shrub.265.April.12.2017.Braun.3,4.12.2017,265,larrea,shrub,pre,bee,Hymenoptera,Halictidae,,,Lasioglossum,,,,,pinned,
Open.289.April.12.2017.Braun.1,4.12.2017,289,larrea,open,pre,fly,Diptera,Sarcophagidae,,,,,,,,pinned,
Open.289.April.12.2017.Braun.2,4.12.2017,289,larrea,open,pre,fly,Diptera,Muscidae,,,,,,,,pinned,
Shrub.289.April.12.2017.Braun.1,4.12.2017,289,larrea,shrub,pre,robberfly,Hymenoptera,Asilidae,,,,,,,,pinned,
Shrub.289.April.12.2017.Braun.2,4.12.2017,289,larrea,shrub,pre,bee,Hymenoptera,Halictidae,,,Lasioglossum,,,,,pinned,
Open.190.April.13.2017.Braun.1,4.13.2017,190,larrea,open,pre,bee,Hymenoptera,Halictidae,,,Halictus,,,"apical hair bands, submarginal cell veins strong",,pinned,
Open.190.April.13.2017.Braun.2,4.13.2017,190,larrea,open,pre,robberfly,Hymenoptera,Asilidae,,,,,,,,pinned,
Open.190.April.13.2017.Braun.3,4.13.2017,190,larrea,open,pre,robberfly,Hymenoptera,Asilidae,,,,,,,,pinned,
Open.190.April.13.2017.Braun.4,4.13.2017,190,larrea,open,pre,syrphid,Diptera,Syrphidae,,,Syrphus,,,,,pinned,
Shrub.190.April.13.2017.Braun.1,4.13.2017,190,larrea,shrub,pre,syrphid,Diptera,Syrphidae,,,Syrphus,,,,,pinned,
Shrub.190.April.13.2017.Braun.2,4.13.2017,190,larrea,shrub,pre,wasp,Hymenoptera,Crabonidae,,,,,,,,pinned,
Shrub.190.April.13.2017.Braun.3,4.13.2017,190,larrea,shrub,pre,bee,Hymenoptera,Halictidae,,,Lasioglossum?,,,,,pinned,
Open.267.April.13.2017.Braun.1,4.13.2017,267,larrea,open,pre,syrphid,Diptera,Syrphidae,,,Syrphus,,,,,pinned,
Open.267.April.13.2017.Braun.2,4.13.2017,267,larrea,open,pre,fly,Diptera,Bombyliidae,Usiinae,,,,,,,pinned,
Shrub.267.April.13.2017.Braun.1,4.13.2017,267,larrea,shrub,pre,fly,Diptera,Calypterate - smooshed,,,,,,,,pinned,
Shrub.267.April.13.2017.Braun.2,4.13.2017,267,larrea,shrub,pre,wasp,Hymenoptera,Crabonidae?,,,,,,,,pinned,
Open.272.April.13.2017.Braun.1,4.13.2017,272,larrea,open,pre,muscid.fly,Diptera,Sarcophagidae,,,,,,,,pinned,
Shrub.272.April.13.2017.Braun.1,4.13.2017,272,larrea,shrub,pre,robberfly,Diptera,Asilidae,,,,,,,,pinned,
Shrub.272.April.13.2017.Braun.2,4.13.2017,272,larrea,shrub,pre,bee,Hymenoptera,Halictidae,,,Lasioglossum,,,,,pinned,
Open.284.April.13.2017.Braun.1,4.13.2017,284,larrea,open,pre,bee,Hymenoptera,Halictidae,,,Lasioglossum,,,,,pinned,
Open.293.April.13.2017.Braun.1,4.13.2017,293,larrea,open,pre,syrphid,Diptera,Syrphidae,,,Syrphus,,,,,pinned,
Open.294.April.13.2017.Braun.1,4.13.2017,294,larrea,open,pre,syrphid,Diptera,Syrphidae,,,Syrphus,,,,,pinned,
Shrub.186.April.15.2017.Braun.1,4.15.2017,186,larrea,shrub,pre,bee,Hymenoptera,Halictidae,,,Lasioglossum,,,,,pinned,
Shrub.186.April.15.2017.Braun.2,4.15.2017,186,larrea,shrub,pre,bee,Hymenoptera,Halictidae,,,Lasioglossum,,,,,pinned,
Shrub.186.April.15.2017.Braun.3,4.15.2017,186,larrea,shrub,pre,bee,Hymenoptera,Halictidae,,,Lasioglossum,,,,,pinned,
Open.199.April.15.2017.Braun.1,4.15.2017,199,larrea,open,pre,bee,Hymenoptera,Halictidae,,,Lasioglossum,,,,,pinned,
Shrub.199.April.15.2017.Braun.1,4.15.2017,199,larrea,shrub,pre,true.bug,Hemiptera,Reduviidae,Harpactorinae,,,,,,,pinned,
Shrub.199.April.15.2017.Braun.2,4.15.2017,199,larrea,shrub,pre,wasp,Hymenoptera,Pompilidae,,,,,,,,pinned,
Shrub.199.April.15.2017.Braun.3,4.15.2017,199,larrea,shrub,pre,bee,Hymenoptera,Halictidae,,,Lasioglossum,,,,,pinned,
Open.262.April.15.2017.Braun.1,4.15.2017,262,larrea,open,pre,robberfly,Diptera,Asilidae,,,,,,,,pinned,
Shrub.262.April.15.2017.Braun.1,4.15.2017,262,larrea,shrub,pre,bee,Hymenoptera,Halictidae,,,Lasioglossum,,,,,pinned,
Shrub.262.April.15.2017.Braun.2,4.15.2017,262,larrea,shrub,pre,robberfly,Diptera,Asilidae,,,,,,,,pinned,
Shrub.262.April.15.2017.Braun.3,4.15.2017,262,larrea,shrub,pre,robberfly,Diptera,Asilidae,,,,,,,,pinned,
Shrub.262.April.15.2017.Braun.4,4.15.2017,262,larrea,shrub,pre,blister beetle,Coleoptera,Meloidae,,,Cysteodemus,,Desert Spider beetle,,,pinned,
Shrub.269.April.15.2017.Braun.1,4.15.2017,269,larrea,shrub,pre,beetle,Coleoptera,Meloidae,,,Eupompha,Eupompha elegans,,,,pinned,
Shrub.269.April.15.2017.Braun.2,4.15.2017,269,larrea,shrub,pre,syrphid,Diptera,Syrphidae,,,Syrphus,,,,,pinned,
Shrub.269.April.15.2017.Braun.3,4.15.2017,269,larrea,shrub,pre,syrphid,Diptera,Syrphidae,,,Syrphus,,,,,pinned,
Shrub.276.April.15.2017.Braun.1,4.15.2017,276,larrea,shrub,pre,fly,Diptera,,,,,,,,,pinned,
Shrub.276.April.15.2017.Braun.2,4.15.2017,276,larrea,shrub,pre,bee,Hymenoptera,Halictidae,,,Lasioglossum,,,,,pinned,
Open.300.April.15.2017.Braun.1,4.15.2017,300,larrea,open,pre,wasp,Hymenoptera,Crabronidae,,,,,,,,pinned,
Open.300.April.15.2017.Braun.2,4.15.2017,300,larrea,open,pre,bee,Hymenoptera,Halictidae,,,Lasioglossum,,,,,pinned,
Open.300.April.15.2017.Braun.3,4.15.2017,300,larrea,open,pre,wasp,Hymenoptera,Crabonidae,,,,,,,,pinned,
Open.300.April.15.2017.Braun.4,4.15.2017,300,larrea,open,pre,fly,Diptera,Muscidae,,,,,,,,pinned,
Shrub.300.April.15.2017.Braun.1,4.15.2017,300,larrea,shrub,pre,fly,Diptera,acalypterate,,,damaged,,,,,pinned,
Shrub.300.April.15.2017.Braun.2,4.15.2017,300,larrea,shrub,pre,bee,Hymenoptera,Apidae,,,Apis,Apis mellifera,honeybee,,,pinned,
Open.146.April.16.2017.Braun.1,4.16.2017,146,larrea,open,pre,bee,Hymenoptera,Halictidae,,,Lasioglossum,,,,,pinned,
Open.146.April.16.2017.Braun.2,4.16.2017,146,larrea,open,pre,beetle,Coleoptera,Meloidae,,,Eupompha,Eupompha elegans,,,,pinned,
Open.188.April.16.2017.Braun.1,4.16.2017,188,larrea,open,pre,bee,Hymenoptera,Halictidae,,,Lasioglossum,,,,,pinned,
Open.188.April.16.2017.Braun.2,4.16.2017,188,larrea,open,pre,bee,Hymenoptera,Halictidae,,,Lasioglossum,,,,,pinned,
Shrub.188.April.16.2017.Braun.1,4.16.2017,188,larrea,shrub,pre,bee,Hymenoptera,Halictidae,,,Lasioglossum,,,,,pinned,
Shrub.188.April.16.2017.Braun.2,4.16.2017,188,larrea,shrub,pre,bee,Hymenoptera,Halictidae,,,Lasioglossum,,,,,pinned,
Open.195.April.16.2017.Braun.1,4.16.2017,195,larrea,open,pre,robberfly,Diptera,Asilidae,,,,,,,,pinned,
Open.195.April.16.2017.Braun.2,4.16.2017,195,larrea,open,pre,bee,Hymenoptera,Halictidae,,,Lasioglossum,,,,,pinned,
Open.195.April.16.2017.Braun.3,4.16.2017,195,larrea,open,pre,syrphid,Diptera,Syrphidae,,,Syrphus,,,,,pinned,
Open.195.April.16.2017.Braun.4,4.16.2017,195,larrea,open,pre,fly,Diptera,Asilidae,,,,,,,,pinned,
Shrub.195.April.16.2017.Braun.1,4.16.2017,195,larrea,shrub,pre,robberfly,Diptera,Asilidae,,,,,,,,pinned,
Open.268.April.16.2017.Braun.1,4.16.2017,268,larrea,open,pre,bee,Hymenoptera,Halictidae,,,Lasioglossum,,,,,pinned,
Shrub.268.April.16.2017.Braun.1,4.16.2017,268,larrea,shrub,pre,robberfly,Diptera,Asilidae,,,,,,,,pinned,
Shrub.268.April.16.2017.Braun.2,4.16.2017,268,larrea,shrub,pre,fly,Diptera,,,,,,,,,pinned,
Shrub.268.April.16.2017.Braun.3,4.16.2017,268,larrea,shrub,pre,wasp,Hymenoptera,Crabronidae?,,,Tachysphex?,,,,,pinned,
Open.298.April.16.2017.Braun.1,4.16.2017,298,larrea,open,pre,bee,Hymenoptera,Halictidae,,,Lasioglossum,,,,,pinned,
Shrub.298.April.16.2017.Braun.1,4.16.2017,298,larrea,shrub,pre,cuckoo.wasp,Hymenoptera,Chrysididae,,,,,,,,pinned,
Shrub.298.April.16.2017.Braun.2,4.16.2017,298,larrea,shrub,pre,bee,Hymenoptera,Megachilidae,,,Atoposmia??,,,,,pinned,
Shrub.298.April.16.2017.Braun.3,4.16.2017,298,larrea,shrub,pre,fly,Diptera,,,,,,,,,pinned,
Shrub.278.April.17.2017.Braun.1,4.17.2017,278,larrea,shrub,pre,robberfly,Diptera,Asilidae,,,,,,,,pinned,
Open.280.April.17.2017.Braun.1,4.17.2017,280,larrea,open,pre,bee,Hymenoptera,Halictidae?,,,,,,,,pinned,
Open.280.April.17.2017.Braun.2,4.17.2017,280,larrea,open,pre,muscid.fly,Diptera,Sarcophagidae,,,,,,,,pinned,
Open.280.April.17.2017.Braun.3,4.17.2017,280,larrea,open,pre,muscid.fly,Diptera,Sarcophagidae,,,,,,,,pinned,
Shrub.280.April.17.2017.Braun.1,4.17.2017,280,larrea,shrub,pre,true.bug,Hemiptera,Pentamoidae,,,,,,,,pinned,
Shrub.280.April.17.2017.Braun.2,4.17.2017,280,larrea,shrub,pre,syrphid,Diptera,Syrphidae,,,Syrphus,,,,,pinned,
Open.282.April.17.2017.Braun.1,4.17.2017,282,larrea,open,pre,bee,Hymenoptera,Halictidae,,,Lasioglossum,,,,,pinned,
Shrub.282.April.17.2017.Braun.1,4.17.2017,282,larrea,shrub,pre,wasp,Hymenoptera,Crabronidae,,,,,,,,pinned,
Open.291.April.17.2017.Braun.1,4.17.2017,291,larrea,open,pre,muscid.fly,Diptera,Sarcophagidae,,,,,,,,pinned,
Open.295.April.17.2017.Braun.1,4.17.2017,295,larrea,open,pre,wasp,Hymenoptera,Crabronidae?,,,,,,,,pinned,
Open.295.April.17.2017.Braun.2,4.17.2017,295,larrea,open,pre,wasp,Hymenoptera,,,,,,,,,pinned,
Shrub.295.April.17.2017.Braun.1,4.17.2017,295,larrea,shrub,pre,wasp,Hymenoptera,Sphecidae,,,Ammophila?,,,,,pinned,
Open.299.April.17.2017.Braun.1,4.17.2017,299,larrea,open,pre,fly,Diptera,Tachinidae,,,,,,,,pinned,
Shrub.299.April.17.2017.Braun.1,4.17.2017,299,larrea,shrub,pre,bee,Hymenoptera,Halictidae,,,Lasioglossum,,,,,pinned,
Open.264.April.19.2017.Braun.1,4.19.2017,264,larrea,open,pre,wasp,Hymenoptera,,,,,,,,,pinned,
Shrub.264.April.19.2017.Braun.1,4.19.2017,264,larrea,shrub,pre,wasp,Hymenoptera,Sphecidae?,,,,,,,,pinned,
Open.270.April.19.2017.Braun.1,4.19.2017,270,larrea,open,pre,fly,Diptera,Asilidae,,,,,,,,pinned,
Open.270.April.19.2017.Braun.2,4.19.2017,270,larrea,open,pre,fly,Diptera,Asilidae,,,,,,,,pinned,
Open.270.April.19.2017.Braun.3,4.19.2017,270,larrea,open,pre,muscid.fly,Diptera,Sarcophagidae,,,,,,,,pinned,
Open.286.April.19.2017.Braun.1,4.19.2017,286,larrea,open,pre,fly,Diptera,Tachinidae?,,,,,,,,pinned,
Open.286.April.19.2017.Braun.2,4.19.2017,286,larrea,open,pre,fly,Diptera,Asilidae,,,,,,,,pinned,
Shrub.290.April.19.2017.Braun.1,4.19.2017,290,larrea,shrub,pre,wasp,Hymenoptera,Crabonidae?,,,,,,,,pinned,
Shrub.290.April.19.2017.Braun.2,4.19.2017,290,larrea,shrub,pre,wasp,Hymenoptera,Sphecidae,,,,,,,,pinned,
Shrub.290.April.19.2017.Braun.3,4.19.2017,290,larrea,shrub,pre,beetle,Coleoptera,Meloidae,,,Eupompha,Eupompha elegans,,,,pinned,
Shrub.290.April.19.2017.Braun.4,4.19.2017,290,larrea,shrub,pre,blister beetle,Coleoptera,Meloidae,,,Cysteodemus,,Desert Spider beetle,,,pinned,
Open.114.April.29.2017.Braun.1,4.29.2017,114,larrea,open,post,bee,Hymenoptera,Halictidae,,,Lasioglossum,,,,,pinned,
Open.114.April.29.2017.Braun.2,4.29.2017,114,larrea,open,post,wasp,Hymenoptera,,,,,,,,,pinned,
Open.114.April.29.2017.Braun.3,4.29.2017,114,larrea,open,post,wasp,Hymenoptera,,,,,,,,,pinned,
Open.114.April.29.2017.Braun.4,4.29.2017,114,larrea,open,post,hopper,Hemiptera,Cicadellidae,,,,,,,,pinned,
Open.190.April.29.2017.Braun.1,4.29.2017,190,larrea,open,post,wasp,Hymenoptera,Crabronidae,,,,,,,,pinned,
Open.190.April.29.2017.Braun.2,4.29.2017,190,larrea,open,post,true.bug,Hemiptera,Geocoridae,,,Geocoris?,,,,,pinned,
Shrub.190.April.29.2017.Braun.1,4.29.2017,190,larrea,shrub,post,fly,Diptera,Tachinidae?,,,,,,,,pinned,
Shrub.190.April.29.2017.Braun.2,4.29.2017,190,larrea,shrub,post,fly,Diptera,Bombyliidae,Usiinae,,,,,,,pinned,
Shrub.190.April.29.2017.Braun.3,4.29.2017,190,larrea,shrub,post,bee,Hymenoptera,,,,,,,,,pinned,
Shrub.190.April.29.2017.Braun.4,4.29.2017,190,larrea,shrub,post,wasp,Hymenoptera,Crabronidae,,,,,,,,pinned,
Shrub.190.April.29.2017.Braun.5,4.29.2017,190,larrea,shrub,post,fly,Diptera,Asilidae,,,,,,,,pinned,
Open.269.April.29.2017.Braun.1,4.29.2017,269,larrea,open,post,wasp,Hymenoptera,Crabronidae,,,,,,,,pinned,
Shrub.269.April.29.2017.Braun.1,4.29.2017,269,larrea,shrub,post,bee,Hymenoptera,Apidae,,,Diadasia,Rinconis?,,,,pinned,
Shrub.269.April.29.2017.Braun.2,4.29.2017,269,larrea,shrub,post,muscid.fly,Diptera,Sarcophagidae,,,,,,,,pinned,
Shrub.269.April.29.2017.Braun.3,4.29.2017,269,larrea,shrub,post,bee,Hymenoptera,Halictidae,,,Lasioglossum,,,,,pinned,
Shrub.269.April.29.2017.Braun.4,4.29.2017,269,larrea,shrub,post,fly,Diptera,Asilidae?,,,,,,,,pinned,
Shrub.269.April.29.2017.Braun.5,4.29.2017,269,larrea,shrub,post,fly,Diptera,Calypterate ,,,,,,,,pinned,
Shrub.269.April.29.2017.Braun.6,4.29.2017,269,larrea,shrub,post,hopper,Hemiptera,Cicadellidae,,,,,,,,pinned,
Shrub.269.April.29.2017.Braun.7,4.29.2017,269,larrea,shrub,post,fly,Diptera,acalypterate,,,,,,,,pinned,
Open.270.April.29.2017.Braun.1,4.29.2017,270,larrea,open,post,fly,Diptera,Muscidae,,,,,,,,pinned,
Open.270.April.29.2017.Braun.2,4.29.2017,270,larrea,open,post,fly,Diptera,Tachinidae or Rhinophoridae,,,,,,,,pinned,
Shrub.270.April.29.2017.Braun.1,4.29.2017,270,larrea,shrub,post,bee,Hymenoptera,Andrenidae,,,Andrena?,,,,,pinned,
Shrub.270.April.29.2017.Braun.2,4.29.2017,270,larrea,shrub,post,fly,Diptera,Sarcophagidae,,,,,,,,pinned,
Open.286.April.29.2017.Braun.1,4.29.2017,286,larrea,open,post,fly,Diptera,Sarcophagidae,,,,,,,,,
Open.286.April.29.2017.Braun.2,4.29.2017,286,larrea,open,post,wasp,Hymenoptera,,,,,,,,,,
Open.286.April.29.2017.Braun.3,4.29.2017,286,larrea,open,post,wasp,Hymenoptera,,,,,,,,,,
Open.286.April.29.2017.Braun.4,4.29.2017,286,larrea,open,post,fly,Diptera,Calypterate,,,,,,,,,
Shrub.286.April.29.2017.Braun.1,4.29.2017,286,larrea,shrub,post,fly,Diptera,,,,,,,,,,
Shrub.286.April.29.2017.Braun.2,4.29.2017,286,larrea,shrub,post,ant,Hymenoptera,Formicidae,,,,,,,,,
Shrub.286.April.29.2017.Braun.3,4.29.2017,286,larrea,shrub,post,fly,Diptera,,,,,,,,,,
Open.288.April.29.2017.Braun.1,4.29.2017,288,larrea,open,post,ant,Hymenoptera,Formicidae,,,,,,,,,
Shrub.288.April.29.2017.Braun.1,4.29.2017,288,larrea,shrub,post,bee,Hymenoptera,Apidae,,,Diadasia?,,,,,,
Shrub.288.April.29.2017.Braun.2,4.29.2017,288,larrea,shrub,post,bee,Hymenoptera,Megachilidae,,,Heriades?,,,,,,
Shrub.288.April.29.2017.Braun.3,4.29.2017,288,larrea,shrub,post,ant,Hymenoptera,Formicidae,,,,,,,,,
Shrub.288.April.29.2017.Braun.4,4.29.2017,288,larrea,shrub,post,fly,Diptera,Asilidae,,,,,,,,,
Shrub.288.April.29.2017.Braun.5,4.29.2017,288,larrea,shrub,post,fly,Diptera,Asilidae,,,,,,,,,
Shrub.288.April.29.2017.Braun.6,4.29.2017,288,larrea,shrub,post,bee,Hymenoptera,Halictidae,,,Lasioglossum,,,,,,
Shrub.288.April.29.2017.Braun.7,4.29.2017,288,larrea,shrub,post,bee,Hymenoptera,Halictidae,,,Lasioglossum,,,,,,
Shrub.288.April.29.2017.Braun.8,4.29.2017,288,larrea,shrub,post,wasp,Hymenoptera,Crabronidae,,,,,,,,,
Open.181.April.20.2017.Braun.1,4.20.2017,181,larrea,open,pre,muscid.fly,Diptera,Sarcophagidae,,,,,,,,pinned,
Open.181.April.20.2017.Braun.2,4.20.2017,181,larrea,open,pre,fly,Diptera,Bombyliidae,Usiinae,,,,,,,pinned,
Open.183.April.20.2017.Braun.1,4.20.2017,183,larrea,open,pre,fly,Diptera,Tachinidae,,,,,,,,pinned,
Shrub.185.April.20.2017.Braun.1,4.20.2017,185,larrea,shrub,pre,bee,Hymenoptera,Apidae,,,Eucera?,,,,,pinned,
Shrub.185.April.20.2017.Braun.2,4.20.2017,185,larrea,shrub,pre,bee,Hymenoptera,Megachilidae,,,Osmia,,,,,pinned,
Shrub.185.April.20.2017.Braun.3,4.20.2017,185,larrea,shrub,pre,fly,Diptera,,,,,,,,,pinned,
Open.274.April.20.2017.Braun.1,4.20.2017,274,larrea,open,pre,fly,Diptera,Asilidae,,,,,,,,pinned,
Open.274.April.20.2017.Braun.2,4.20.2017,274,larrea,open,pre,bee,Hymenoptera,Halictidae,,,Lasioglossum,,,,,pinned,
Open.274.April.20.2017.Braun.3,4.20.2017,274,larrea,open,pre,fly,Diptera,Bombyliidae,Usiinae,,,,,,,pinned,
Shrub.274.April.20.2017.Braun.1,4.20.2017,274,larrea,shrub,pre,fly,Diptera,Asilidae,,,,,,,,,
Shrub.274.April.20.2017.Braun.2,4.20.2017,274,larrea,shrub,pre,true.bug,Hemiptera,Pentamoidae,,,,,,,,,
Shrub.274.April.20.2017.Braun.3,4.20.2017,274,larrea,shrub,pre,muscid.fly,Diptera,Sarcophagidae,Miltogramminae?,,,,,,,,
Open.287.April.20.2017.Braun.1,4.20.2017,287,larrea,open,pre,wasp,Hymenoptera,Crabronidae,,,,,,,,pinned,
Open.287.April.20.2017.Braun.2,4.20.2017,287,larrea,open,pre,bee,Hymenoptera,Megachilidae,,,Ashmeadiella,,,,,pinned,
Open.287.April.20.2017.Braun.3,4.20.2017,287,larrea,open,pre,bee,Hymenoptera,Apidae,,,Apis,Apis mellifera,,,,pinned,
Open.180.April.22.2017.Braun.1,4.22.2017,180,larrea,open,post,wasp,Hymenoptera,Mutillidae?,,,,,,,,pinned,
Shrub.180.April.22.2017.Braun.1,4.22.2017,180,larrea,shrub,post,bee,Hymenoptera,Megachilidae,,,Osmia,,,,,pinned,
Shrub.180.April.22.2017.Braun.2,4.22.2017,180,larrea,shrub,post,beetle,Coleoptera,Meloidae,,,Lytta,Lytta auriculata?,,,,pinned,
Shrub.180.April.22.2017.Braun.3,4.22.2017,180,larrea,shrub,post,syrphid,Diptera,Syrphidae,,,Toxomerus,Toxomerus marginatus,,,,pinned,
Shrub.180.April.22.2017.Braun.4,4.22.2017,180,larrea,shrub,post,true.bug,Hemiptera,Reduviidae,Harpactorinae,,,,,,,pinned,
Open.182.April.22.2017.Braun.1,4.22.2017,182,larrea,open,post,robberfly,Diptera,Asilidae,,,,,,,,pinned,
Shrub.182.April.22.2017.Braun.1,4.22.2017,182,larrea,shrub,post,bee,Hymenoptera,Halictidae,,,Halictus,,,,,pinned,
Shrub.189.April.22.2017.Braun.1,4.22.2017,189,larrea,shrub,post,wasp,Hymenoptera,Pompilidae,,,,,,,,pinned,
Shrub.189.April.22.2017.Braun.2,4.22.2017,189,larrea,shrub,post,beetle,Coleoptera,Meloidae,,,Lytta,Lytta auriculata?,,,,pinned,
Shrub.189.April.22.2017.Braun.3,4.22.2017,189,larrea,shrub,post,true.bug,Hemiptera,Pentamoidae,,,,,,,,pinned,
Shrub.275.April.22.2017.Braun.1,4.22.2017,275,larrea,shrub,post,wasp,Hymenoptera,Crabronidae,,,,,,,,pinned,
Shrub.275.April.22.2017.Braun.2,4.22.2017,275,larrea,shrub,post,wasp,Hymenoptera,Crabronidae,,,,,,,,pinned,
Shrub.275.April.22.2017.Braun.3,4.22.2017,275,larrea,shrub,post,wasp,Hymenoptera,Crabronidae,,,Miscophus,,,,,pinned,
Shrub.275.April.22.2017.Braun.4,4.22.2017,275,larrea,shrub,post,fly,Diptera,,,,,,,,,pinned,
Open.276.April.22.2017.Braun.1,4.22.2017,276,larrea,open,post,bee,Hymenoptera,Andrenidae,,,Megandrena?,,,,,pinned,
Open.276.April.22.2017.Braun.2,4.22.2017,276,larrea,open,post,robberfly,Diptera,Asilidae,,,,,,,,pinned,
Open.276.April.22.2017.Braun.3,4.22.2017,276,larrea,open,post,wasp,Hymenoptera,Mutillidae?,,,,,,,,pinned,
Open.276.April.22.2017.Braun.4,4.22.2017,276,larrea,open,post,wasp,Hymenoptera,Crabronidae,,,,,,,,pinned,
Shrub.276.April.22.2017.Braun.1,4.22.2017,276,larrea,shrub,post,wasp,Hymenoptera,Crabronidae,,,Miscophus?,,,,,pinned,
Shrub.276.April.22.2017.Braun.2,4.22.2017,276,larrea,shrub,post,wasp,Hymenoptera,Pompilidae,,,,,,,,pinned,
Shrub.276.April.22.2017.Braun.3,4.22.2017,276,larrea,shrub,post,bee,Hymenoptera,male?,,,,,,,,pinned,
Open.146.April.23.2017.Braun.1,4.23.2017,146,larrea,open,post,fly,Diptera,Bombyliidae,,,,,,,,pinned,
Open.146.April.23.2017.Braun.2,4.23.2017,146,larrea,open,post,fly,Diptera,Asilidae,,,,,,,,pinned,
Shrub.195.April.23.2017.Braun.1,4.23.2017,195,larrea,shrub,post,fly,Diptera,Bombyliidae?,,,,,,,,pinned,
Open.266.April.23.2017.Braun.1,4.23.2017,266,larrea,open,post,bee,Hymenoptera,Andrenidae,,,Megandrena?,,,,,pinned,
Open.266.April.23.2017.Braun.2,4.23.2017,266,larrea,open,post,wasp,Hymenoptera,Pompilidae,,,,,,,,pinned,
Open.266.April.23.2017.Braun.3,4.23.2017,266,larrea,open,post,cuckoo.wasp,Hymenoptera,Chrysididae,,,,,,,,pinned,
Open.266.April.23.2017.Braun.4,4.23.2017,266,larrea,open,post,true.bug,Hemiptera,Reduviidae,Harpactorinae,,,,,,,pinned,
Shrub.266.April.23.2017.Braun.1,4.23.2017,266,larrea,shrub,post,bee,Hymenoptera,Megachilidae,,,Osmia,,,,,pinned,
Shrub.266.April.23.2017.Braun.2,4.23.2017,266,larrea,shrub,post,wasp,Hymenoptera,Crabronidae?,,,,,,,,pinned,
Shrub.266.April.23.2017.Braun.3,4.23.2017,266,larrea,shrub,post,wasp,Hymenoptera,Sphecidae,,,,,,,,pinned,
Open.267.April.23.2017.Braun.1,4.23.2017,267,larrea,open,post,fly,Diptera,Asilidae?,,,,,,,,pinned,
Open.289.April.23.2017.Braun.1,4.23.2017,289,larrea,open,post,cuckoo.wasp,Hymenoptera,Chrysididae,,,,,,,,pinned,
Shrub.289.April.23.2017.Braun.1,4.23.2017,289,larrea,shrub,post,fly,Diptera,Bombyliidae,,,,,,,,pinned,
Shrub.289.April.23.2017.Braun.2,4.23.2017,289,larrea,shrub,post,syrphid,Diptera,Syrphidae,,,Scaeva/Syrphus/Epeopodes,,,,,pinned,
Open.192.April.26.2017.Braun.1,4.26.2017,192,larrea,open,post,bee,Hymenoptera,Apidae,,,Diadasia,,,,,pinned,
Open.192.April.26.2017.Braun.2,4.26.2017,192,larrea,open,post,bee,Hymenoptera,Halictidae,,,Lasioglossum,,,,,pinned,
Open.192.April.26.2017.Braun.3,4.26.2017,192,larrea,open,post,fly,Diptera,Asilidae?,,,,,,,,pinned,
Shrub.192.April.26.2017.Braun.1,4.26.2017,192,larrea,shrub,post,wasp,Hymenoptera,Crabronidae?,,,,,,,,pinned,
Shrub.196.April.26.2017.Braun.1,4.26.2017,196,larrea,shrub,post,wasp,Hymenoptera,,,,,,,,,pinned,
Shrub.196.April.26.2017.Braun.2,4.26.2017,196,larrea,shrub,post,fly,Diptera,Asilidae,,,,,,,,pinned,
Open.264.April.26.2017.Braun.1,4.26.2017,264,larrea,open,post,bee,Hymenoptera,Megachilidae,,,Osmia,,,,,pinned,
Open.264.April.26.2017.Braun.2,4.26.2017,264,larrea,open,post,fly,Diptera,Asilidae,,,,,,,,pinned,
Open.264.April.26.2017.Braun.3,4.26.2017,264,larrea,open,post,fly,Diptera,Bombyliidae,,,,,,,,pinned,
Open.295.April.26.2017.Braun.1,4.26.2017,295,larrea,open,post,fly,Diptera,Bombyliidae,,,,,,,,pinned,
Shrub.295.April.26.2017.Braun.1,4.26.2017,295,larrea,shrub,post,wasp,Hymenoptera,Crabronidae,,,,,,,,pinned,
Open.298.April.26.2017.Braun.1,4.26.2017,298,larrea,open,post,muscid.fly,Diptera,Sarcophagidae,,,,,,,,pinned,
Open.301.April.26.2017.Braun.1,4.26.2017,301,larrea,open,post,bee,Hymenoptera,Megachilidae,,,Osmia,,,,,pinned,
Open.301.April.26.2017.Braun.2,4.26.2017,301,larrea,open,post,fly,Diptera,Asilidae,,,,,,,,pinned,
Shrub.301.April.26.2017.Braun.2,4.26.2017,301,larrea,open,post,fly,Diptera,Bombyliidae?,,,,,,,,pinned,
Shrub.301.April.26.2017.Braun.3,4.26.2017,301,larrea,open,post,fly,Diptera,?,,,,,,,,pinned,
Open.188.April.27.2017.Braun.1,4.27.2017,188,larrea,open,post,bee,Hymenoptera,Megachilidae,,,Osmia,,,,,pinned,
Open.188.April.27.2017.Braun.2,4.27.2017,188,larrea,open,post,wasp,Hymenoptera,Mutillidae,,,,,,,,pinned,
Open.188.April.27.2017.Braun.3,4.27.2017,188,larrea,open,post,fly,Diptera,Bombyliidae?,,,,,,,,pinned,
Shrub.262.April.27.2017.Braun.1,4.27.2017,262,larrea,shrub,post,fly,Diptera,Asilidae,,,,,,,,pinned,
Shrub.262.April.27.2017.Braun.2,4.27.2017,262,larrea,shrub,post,fly,Diptera,Asilidae,,,,,,,,pinned,
Open.282.April.27.2017.Braun.1,4.27.2017,282,larrea,open,post,fly,Diptera,Calypterate,,,,,,,,pinned,
Open.282.April.27.2017.Braun.2,4.27.2017,282,larrea,open,post,fly,Diptera,Asilidae,,,,,,,,pinned,
Shrub.282.April.27.2017.Braun.1,4.27.2017,282,larrea,shrub,post,fly,Diptera,Asilidae,,,,,,,,pinned,
Open.293.April.27.2017.Braun.1,4.27.2017,293,larrea,open,post,fly,Diptera,,,,,,,,,pinned,
Shrub.293.April.27.2017.Braun.1,4.27.2017,293,larrea,shrub,post,bee,Hymenoptera,Megachilidae,,,Hoplitus,,,,,pinned,
Shrub.293.April.27.2017.Braun.2,4.27.2017,293,larrea,shrub,post,muscid.fly,Diptera,Sarcophagidae,,,,,,,,pinned,
Open.294.April.27.2017.Braun.1,4.27.2017,294,larrea,open,post,wasp,Hymenoptera,Mutillidae?,,,,,,,,pinned,
Shrub.294.April.27.2017.Braun.1,4.27.2017,294,larrea,shrub,post,wasp,Hymenoptera,Crabronidae,,,Miscophus,,,,,pinned,
Shrub.297.April.27.2017.Braun.1,4.27.2017,297,larrea,shrub,post,fly,Diptera,Asilidae,,,,,,,,pinned,
Open.104.April.30.2017.Braun.1,4.30.2017,104,larrea,open,post,fly,Diptera,Asilidae,,,,,,,,pinned,
Open.104.April.30.2017.Braun.2,4.30.2017,104,larrea,open,post,wasp,Hymenoptera,Mutillidae,,,,,,,,pinned,
Open.104.April.30.2017.Braun.3,4.30.2017,104,larrea,open,post,hopper,Hemiptera,Cicadellidae?,,,,,,,,pinned,
Open.104.April.30.2017.Braun.4,4.30.2017,104,larrea,open,post,wasp,Hymenoptera,Crabrondiae,,,,,,,,pinned,
Shrub.104.April.30.2017.Braun.1,4.30.2017,104,larrea,shrub,post,fly,Diptera,,,,,,,,,pinned,
Shrub.104.April.30.2017.Braun.2,4.30.2017,104,larrea,shrub,post,hopper,Hemiptera,Cercopidae,,,,,,,,pinned,
Open.181.April.30.2017.Braun.1,4.30.2017,181,larrea,open,post,bee,Hymenoptera,Andrenidae,,,Megandrena?,,,,,pinned,
Open.181.April.30.2017.Braun.2,4.30.2017,181,larrea,open,post,hopper,Hemiptera,Cicadellidae?,,,,,,,,pinned,
Shrub.181.April.30.2017.Braun.1,4.30.2017,181,larrea,shrub,post,true.bug,Hemiptera,Reduviidae,Harpactorinae,,,,,,,pinned,
Open.186.April.30.2017.Braun.1,4.30.2017,186,larrea,open,post,hopper,Hemiptera,Cicadellidae?,,,,,,,,pinned,
Open.186.April.30.2017.Braun.2,4.30.2017,186,larrea,open,post,hopper,Hemiptera,Cicadellidae?,,,,,,,,pinned,
Open.186.April.30.2017.Braun.3,4.30.2017,186,larrea,open,post,destroyed,Hemiptera,Cicadellidae,,,,,,,,pinned,
Shrub.186.April.30.2017.Braun.1,4.30.2017,186,larrea,shrub,post,true.bug,Hemiptera,Pentamoidae,,,,,,,,pinned,
Shrub.186.April.30.2017.Braun.2,4.30.2017,186,larrea,shrub,post,wasp,Hymenoptera,Crabrondidae,missing head,,,,,,,pinned,
Open.265.April.30.2017.Braun.1,4.30.2017,265,larrea,open,post,hopper,Hemiptera,Cicadellidae?,,,,,,,,pinned,
Open.265.April.30.2017.Braun.2,4.30.2017,265,larrea,open,post,true.bug,HemipteraBerytidae,,,,,,,,,pinned,
Open.265.April.30.2017.Braun.3,4.30.2017,265,larrea,open,post,bee,Hymenoptera,Halictidae,,,Lasioglossum,,,,,pinned,
Shrub.265.April.30.2017.Braun.1,4.30.2017,265,larrea,shrub,post,fly,Diptera,Bombyliidae,,,,,,,,pinned,
Shrub.265.April.30.2017.Braun.2,4.30.2017,265,larrea,shrub,post,bee,Hymenoptera,Halictidae,,,Lasioglossum,,,,,pinned,
Shrub.265.April.30.2017.Braun.3,4.30.2017,265,larrea,shrub,post,hopper,Hemiptera,Cicadellidae,,,,,,,,pinned,
Open.268.April.30.2017.Braun.1,4.30.2017,268,larrea,open,post,fly,Diptera,Bombyliidae,,,,,,,,pinned,
Open.268.April.30.2017.Braun.2,4.30.2017,268,larrea,open,post,fly,Diptera,,,,,,,,,pinned,
Open.268.April.30.2017.Braun.3,4.30.2017,268,larrea,open,post,fly,Diptera,,,,,,,,,pinned,
Open.268.April.30.2017.Braun.4,4.30.2017,268,larrea,open,post,fly,Diptera,Asilidae,,,,,,,,pinned,
Open.268.April.30.2017.Braun.5,4.30.2017,268,larrea,open,post,bee,Hymenoptera,Halictidae,,,Lasioglossum,,,,,pinned,
Shrub.268.April.30.2017.Braun.1,4.30.2017,268,larrea,shrub,post,true.bug,Hemiptera,Pentamoidae,,,,,,,,pinned,
Shrub.268.April.30.2017.Braun.2,4.30.2017,268,larrea,shrub,post,true.bug,Hemiptera,Reduviidae,Harpactorinae,,,,,,,pinned,
Shrub.268.April.30.2017.Braun.3,4.30.2017,268,larrea,shrub,post,fly,Diptera,Asilidae,,,,,,,,pinned,
Shrub.268.April.30.2017.Braun.4,4.30.2017,268,larrea,shrub,post,fly,Diptera,bighead,,,,,,,,pinned,
Open.272.April.30.2017.Braun.1,4.30.2017,272,larrea,open,post,bee,Hymenoptera,Halictidae,,,Lasioglossum,,,,,pinned,
Open.272.April.30.2017.Braun.2,4.30.2017,272,larrea,open,post,wasp,Hymenoptera,Crabronidae,,,,,,,,pinned,
Shrub.272.April.30.2017.Braun.1,4.30.2017,272,larrea,shrub,post,wasp,Hymenoptera,Crabronidae,,,,,,,,pinned,
Open.271.May.1.2017.Braun.1,5.1.2017,271,larrea,open,post,moth,Lepidoptera,,,,,,,,,pinned,
Shrub.271.May.1.2017.Braun.1,5.1.2017,271,larrea,shrub,post,wasp,Hymenoptera,Crabronidae,,,,,,,,pinned,
Shrub.271.May.1.2017.Braun.2,5.1.2017,271,larrea,shrub,post,wasp,Hymenoptera,Crabronidae,,,,,,,,pinned,
Shrub.271.May.1.2017.Braun.3,5.1.2017,271,larrea,shrub,post,fly,Diptera,Asilidae,,,,,,,,pinned,
Open.296.May.1.2017.Braun.1,5.1.2017,296,larrea,open,post,fly,Diptera,Asilidae,,,,,,,,pinned,
Open.183.May.3.2017.Braun.1,5.3.2017,183,larrea,open,post,bee,Hymenoptera,Megachilidae,,,Osmia,,,,,pinned,
Open.187.May.3.2017.Braun.1,5.3.2017,187,larrea,open,post,wasp,Hymenoptera,Crabronidae,,,,,,,,pinned,
Shrub.187.May.3.2017.Braun.1,5.3.2017,187,larrea,shrub,post,bee,Hymenoptera,Apidae,,,Diadasia?,,,,,pinned,
Shrub.187.May.3.2017.Braun.2,5.3.2017,187,larrea,shrub,post,bee,Hymenoptera,Apidae,,,Eucera,,,,,pinned,
Shrub.187.May.3.2017.Braun.3,5.3.2017,187,larrea,shrub,post,fly,Diptera,Asilidae,,,,,,,,pinned,
Shrub.187.May.3.2017.Braun.4,5.3.2017,187,larrea,shrub,post,true.bug,Hemiptera,Reduviidae,Harpactorinae,,,,,,,pinned,
Open.263.May.3.2017.Braun.1,5.3.2017,263,larrea,open,post,fly,Diptera,Asilidae,,,,,,,,pinned,
Open.263.May.3.2017.Braun.2,5.3.2017,263,larrea,open,post,fly,Diptera,Asilidae,,,,,,,,pinned,
Open.263.May.3.2017.Braun.3,5.3.2017,263,larrea,open,post,fly,Diptera,Asilidae,,,,,,,,pinned,
Open.263.May.3.2017.Braun.4,5.3.2017,263,larrea,open,post,fly,Diptera,Asilidae,,,,,,,,pinned,
Open.263.May.3.2017.Braun.5,5.3.2017,263,larrea,open,post,bee,Hymenoptera,Apidae,,,Mellisodes,,,,,pinned,
Open.263.May.3.2017.Braun.6,5.3.2017,263,larrea,open,post,bee,Hymenoptera,Andrenidae,,,Megandrena,,,,,pinned,
Open.263.May.3.2017.Braun.7,5.3.2017,263,larrea,open,post,bee,Hymenoptera,Andrenidae,,,Megandrena,,,,,pinned,
Shrub.263.May.3.2017.Braun.1,5.3.2017,263,larrea,shrub,post,wasp,Hymenoptera,,,,,,,,,pinned,
Shrub.263.May.3.2017.Braun.2,5.3.2017,263,larrea,shrub,post,wasp,Hymenoptera,Pompilidae,,,,,,,,pinned,
Shrub.263.May.3.2017.Braun.3,5.3.2017,263,larrea,shrub,post,muscid.fly,Diptera,Muscidae?,,,,,,,,pinned,
Shrub.263.May.3.2017.Braun.4,5.3.2017,263,larrea,shrub,post,muscid.fly,Diptera,Sarcophagidae,,,,,,,,pinned,
Shrub.263.May.3.2017.Braun.5,5.3.2017,263,larrea,shrub,post,muscid.fly,Diptera,Sarcophagidae,,,,,,,,pinned,
Open.274.May.3.2017.Braun.1,5.3.2017,274,larrea,open,post,bee,Hymenoptera,Andrenidae,,,Megandrena,,,,,pinned,
Open.274.May.3.2017.Braun.2,5.3.2017,274,larrea,open,post,bee,Hymenoptera,Megachilidae,,,Ashmeadiella (or xeroheriades?!),,,,,pinned,
Open.274.May.3.2017.Braun.3,5.3.2017,274,larrea,open,post,wasp,Hymenoptera,looks like pompilidae without sulcus,,,,,,,,pinned,
Shrub.274.May.3.2017.Braun.1,5.3.2017,274,larrea,shrub,post,wasp,Hymenoptera,Crabronidae,,,,,,,,pinned,
Shrub.274.May.3.2017.Braun.2,5.3.2017,274,larrea,shrub,post,bee,Hymenoptera,Megachilidae,,Anthidiini,Anthidium,Anthidium porterae?,,,,pinned,
Open.285.May.3.2017.Braun.1,5.3.2017,285,larrea,open,post,bee,Hymenoptera,Halictidae,,,Lasioglossum,,,,,pinned,
Shrub.285.May.3.2017.Braun.1,5.3.2017,285,larrea,shrub,post,bee,Hymenoptera,Andrenidae,,,Megandrena?,,,,,pinned,
Shrub.285.May.3.2017.Braun.2,5.3.2017,285,larrea,shrub,post,bee,Hymenoptera,Andrenidae,,,Megandrena?,,,,,pinned,
Shrub.285.May.3.2017.Braun.3,5.3.2017,285,larrea,shrub,post,bee,Hymenoptera,Andrenidae?,,,Andrena??,,,,,pinned,
Shrub.285.May.3.2017.Braun.4,5.3.2017,285,larrea,shrub,post,fly,Diptera,Bombyliidae,,,,,,,,pinned,
Shrub.285.May.3.2017.Braun.5,5.3.2017,285,larrea,shrub,post,fly,Diptera,destroyed,,,,,,,,pinned,
Open.290.May.3.2017.Braun.1,5.3.2017,290,larrea,open,post,fly,Diptera,Asilidae,,,,,,,,pinned,
Open.290.May.3.2017.Braun.2,5.3.2017,290,larrea,open,post,bee,Hymenoptera,Halictidae,,,Halictus,,,,,pinned,
Open.290.May.3.2017.Braun.3,5.3.2017,290,larrea,open,post,muscid.fly,Diptera,Calypterate,,,,,,,,pinned,
Shrub.290.May.3.2017.Braun.1,5.3.2017,290,larrea,shrub,post,wasp,Hymenoptera,Crabronidae,,,,,,,,pinned,
Open.198.May.4.2017.Braun.1,5.4.2017,198,larrea,open,post,wasp,Hymenoptera,Crabronidae,,,,,,,,pinned,
Open.198.May.4.2017.Braun.2,5.4.2017,198,larrea,open,post,fly,Diptera,Asilidae,,,,,,,,pinned,
Open.198.May.4.2017.Braun.3,5.4.2017,198,larrea,open,post,hopper,Hemiptera,Cicadellidae?,,,,,,,,pinned,
Open.198.May.4.2017.Braun.4,5.4.2017,198,larrea,open,post,hopper,Hemiptera,Cicadellidae,,,,,,,,pinned,
Open.198.May.4.2017.Braun.5,5.4.2017,198,larrea,open,post,wasp,Hymenoptera,Crabronidae,,,,,,,,pinned,
Open.198.May.4.2017.Braun.6,5.4.2017,198,larrea,open,post,true.bug,Hemiptera,Lygaeoidea,,,,,,,,pinned,
Shrub.198.May.4.2017.Braun.1,5.4.2017,198,larrea,shrub,post,bee,Hymenoptera,Andrenidae,,,Megandrena,,,,,pinned,
Shrub.198.May.4.2017.Braun.2,5.4.2017,198,larrea,shrub,post,wasp,Hymenoptera,Pompilidae,,,,,,,,pinned,
Shrub.198.May.4.2017.Braun.3,5.4.2017,198,larrea,shrub,post,cuckoo.wasp,Hymenoptera,Chrysididae,,,,,,,,pinned,
Shrub.198.May.4.2017.Braun.4,5.4.2017,198,larrea,shrub,post,fly,Diptera,Asilidae,,,,,,,,pinned,
Shrub.198.May.4.2017.Braun.5,5.4.2017,198,larrea,shrub,post,true.bug,Hemiptera,,,,,,,,,pinned,
Shrub.198.May.4.2017.Braun.6,5.4.2017,198,larrea,shrub,post,bee,Hymenoptera,Halictidae,,,Lasioglossum,,,,,pinned,
Shrub.198.May.4.2017.Braun.7,5.4.2017,198,larrea,shrub,post,fly,Diptera,Asilidae,,,,,,,,pinned,
Open.261.May.4.2017.Braun.1,5.4.2017,261,larrea,open,post,bee,Hymenoptera,Halictidae,,,Lasioglossum,,,,,pinned,
Open.261.May.4.2017.Braun.2,5.4.2017,261,larrea,open,post,bee,Hymenoptera,Halictidae,,,Lasioglossum,,,,,pinned,
Open.261.May.4.2017.Braun.3,5.4.2017,261,larrea,open,post,fly,Diptera,Bombyliidae,,,,,,,,pinned,
Open.261.May.4.2017.Braun.4,5.4.2017,261,larrea,open,post,bee,Hymenoptera,Apidae,,,Apis,Apis mellifera,,,,pinned,
Shrub.261.May.4.2017.Braun.1,5.4.2017,261,larrea,shrub,post,bee,Hymenoptera,Megachilidae,,Anthidiini,Anthidium,Anthidium porterae?,,,,pinned,
Shrub.261.May.4.2017.Braun.2,5.4.2017,261,larrea,shrub,post,hopper,Hemiptera,Geocoridae?,,,,,,,,pinned,
Shrub.261.May.4.2017.Braun.3,5.4.2017,261,larrea,shrub,post,beetle,Coleoptera,Elateridae??,,,,,,,,pinned,
Shrub.261.May.4.2017.Braun.4,5.4.2017,261,larrea,shrub,post,bee,Hymenoptera,,,,Andrena?? Eucera?,,,,,pinned,
Shrub.261.May.4.2017.Braun.5,5.4.2017,261,larrea,shrub,post,true.bug,Hemiptera,,,,,,,,,pinned,
Shrub.261.May.4.2017.Braun.6,5.4.2017,261,larrea,shrub,post,bee,Hymenoptera,Megachilidae,,,Osmia,,,,,pinned,
Shrub.261.May.4.2017.Braun.7,5.4.2017,261,larrea,shrub,post,beetle,Coleoptera,,,,,,,,,pinned,
Shrub.261.May.4.2017.Braun.8,5.4.2017,261,larrea,shrub,post,wasp,Hymenoptera,Crabronidae,,,,,,,,pinned,
Open.273.May.4.2017.Braun.1,5.4.2017,273,larrea,open,post,bee,Hymenoptera,Halictidae,,,Lasioglossum,,,,,pinned,
Open.273.May.4.2017.Braun.2,5.4.2017,273,larrea,open,post,fly,Diptera,Asilidae,,,,,,,,pinned,
Open.273.May.4.2017.Braun.3,5.4.2017,273,larrea,open,post,bee,Hymenoptera,Halictidae,,,Lasioglossum,,,,,pinned,
Open.273.May.4.2017.Braun.4,5.4.2017,273,larrea,open,post,bee,Hymenoptera,Andrenidae,,,Megandrena?,,,,,pinned,
Shrub.273.May.4.2017.Braun.1,5.4.2017,273,larrea,shrub,post,true.bug,Hemiptera,,,,,,,,,pinned,
Shrub.273.May.4.2017.Braun.2,5.4.2017,273,larrea,shrub,post,wasp,Hymenoptera,Crabronidae,,,,,,,,pinned,
Shrub.273.May.4.2017.Braun.3,5.4.2017,273,larrea,shrub,post,fly,Diptera,Bombyliidae,,,,,,,,pinned,
Shrub.273.May.4.2017.Braun.4,5.4.2017,273,larrea,shrub,post,wasp,Hymenoptera,Pompilidae,,,,,,,,pinned,
Open.280.May.4.2017.Braun.1,5.4.2017,280,larrea,open,post,wasp,Hymenoptera,Crabronidae,,,,,,,,pinned,
Open.280.May.4.2017.Braun.2,5.4.2017,280,larrea,open,post,true.bug,Hemiptera,,,,,,,,,pinned,
Open.280.May.4.2017.Braun.3,5.4.2017,280,larrea,open,post,true.bug,Hemiptera,,,,,,,,,pinned,
Open.280.May.4.2017.Braun.4,5.4.2017,280,larrea,open,post,bee,Hymenoptera,Andrenidae,,,Megandrena,,,,,pinned,
Open.280.May.4.2017.Braun.5,5.4.2017,280,larrea,open,post,true.bug,Hemiptera,Reduviidae,Harpactorinae,,,,,,,pinned,
Open.280.May.4.2017.Braun.6,5.4.2017,280,larrea,open,post,wasp,Hymenoptera,Pompilidae,,,,,,,,pinned,
Shrub.280.May.4.2017.Braun.1,5.4.2017,280,larrea,shrub,post,hopper,Hemiptera,Cicadellidae,,,,,,,,pinned,
Shrub.280.May.4.2017.Braun.2,5.4.2017,280,larrea,shrub,post,fly? Destroyed,Diptera,Calyperate,,,,,,,,pinned,
Shrub.280.May.4.2017.Braun.3,5.4.2017,280,larrea,shrub,post,fly,Diptera,Bombyliidae,,,,,,,,pinned,
Shrub.280.May.4.2017.Braun.4,5.4.2017,280,larrea,shrub,post,bee,Hymenoptera,Megachilidae,,Anthidiini,Anthidium,Anthidium porterae?,,,,pinned,
Shrub.280.May.4.2017.Braun.5,5.4.2017,280,larrea,shrub,post,true.bug,Hemiptera,,,,,,,,,pinned,
Shrub.280.May.4.2017.Braun.6,5.4.2017,280,larrea,shrub,post,wasp,Hymenoptera,Pompilidae,,,,,,,,pinned,
Open.283.May.4.2017.Braun.1,5.4.2017,283,larrea,open,post,wasp,Hymenoptera,Crabronidae,,,,,,,,pinned,
Open.283.May.4.2017.Braun.2,5.4.2017,283,larrea,open,post,wasp,Hymenoptera,Crabronidae,,,,,,,,pinned,
Open.283.May.4.2017.Braun.3,5.4.2017,283,larrea,open,post,fly,Diptera,Asilidae,,,,,,,,pinned,
Open.283.May.4.2017.Braun.4,5.4.2017,283,larrea,open,post,fly,Diptera,Asilidae,,,,,,,,pinned,
Open.283.May.4.2017.Braun.5,5.4.2017,283,larrea,open,post,fly,Diptera,,,,,,,,,pinned,
Shrub.283.May.4.2017.Braun.1,5.4.2017,283,larrea,shrub,post,fly,Diptera,Sarcophagidae,,,,,,,,pinned,
Shrub.283.May.4.2017.Braun.2,5.4.2017,283,larrea,shrub,post,true.bug,Hemiptera,Rhopalidae ,,,Harmostes,,,,,pinned,
Shrub.283.May.4.2017.Braun.3,5.4.2017,283,larrea,shrub,post,fly,Diptera,Asilidae,,,,,,,,pinned,
Shrub.283.May.4.2017.Braun.4,5.4.2017,283,larrea,shrub,post,bee,Hymenoptera,Apidae?,,,,,,,,pinned,
Open.291.May.4.2017.Braun.1,5.4.2017,291,larrea,open,post,fly,Diptera,Asilidae,,,,,,,,pinned,
Open.291.May.4.2017.Braun.2,5.4.2017,291,larrea,open,post,fly,Diptera,Asilidae,,,,,,,,pinned,
Open.291.May.4.2017.Braun.3,5.4.2017,291,larrea,open,post,bee,Hymenoptera,Halictidae,,,Lasioglossum,,,,,pinned,
Open.291.May.4.2017.Braun.4,5.4.2017,291,larrea,open,post,true.bug,Hemiptera,,,,,,,,,pinned,
Shrub.291.May.4.2017.Braun.1,5.4.2017,291,larrea,shrub,post,wasp,Hymenoptera,Crabronidae?,,,,,,,,pinned,
Shrub.291.May.4.2017.Braun.2,5.4.2017,291,larrea,shrub,post,bee,Hymenoptera,Apidae,,,Diadase/mellissodes,,,,,pinned,
Shrub.291.May.4.2017.Braun.3,5.4.2017,291,larrea,shrub,post,fly,Diptera,Sarcophagidae,,,,,,,,pinned,
Shrub.291.May.4.2017.Braun.4,5.4.2017,291,larrea,shrub,post,wasp,Hymenoptera,Crabronidae,,,,,,,,pinned,
Open.185.May.5.2017.Braun.1,5.5.2017,185,larrea,open,post,bee,Hymenoptera,Apidae,,,Diadasia?4,,,,,pinned,
Open.185.May.5.2017.Braun.2,5.5.2017,185,larrea,open,post,bee,Hymenoptera,Andrenidae,,,Megandrena?,,,,,pinned,
Open.185.May.5.2017.Braun.3,5.5.2017,185,larrea,open,post,wasp,Hymenoptera,Crabronidae,,,,,,,,pinned,
Shrub.185.May.5.2017.Braun.1,5.5.2017,185,larrea,shrub,post,cuckoo.wasp,Hymenoptera,Chrysididae,,,,,,,,pinned,
Shrub.185.May.5.2017.Braun.2,5.5.2017,185,larrea,shrub,post,bee,Hymenoptera,Apidae,,,Diadasia?,,,,,pinned,
Shrub.185.May.5.2017.Braun.3,5.5.2017,185,larrea,shrub,post,fly,Diptera,Bombyliidae,,,,,,,,pinned,
Open.193.May.5.2017.Braun.1,5.5.2017,193,larrea,open,post,bee,Hymenoptera,Andrenidae,,,Megandrena?,,,,,pinned,
Open.193.May.5.2017.Braun.2,5.5.2017,193,larrea,open,post,bee,Hymenoptera,Andrenidae,,,Megandrena?,,,,,pinned,
Open.193.May.5.2017.Braun.3,5.5.2017,193,larrea,open,post,fly,Diptera,Calyperate,,,,,,,,pinned,
Open.193.May.5.2017.Braun.4,5.5.2017,193,larrea,open,post,fly,Diptera,Asilidae,,,,,,,,pinned,
Open.193.May.5.2017.Braun.5,5.5.2017,193,larrea,open,post,fly,Diptera,Asilidae,,,,,,,,pinned,
Shrub.193.May.5.2017.Braun.1,5.5.2017,193,larrea,shrub,post,bee?,Hymenoptera,,,,Perdita?,,,,,pinned,
Shrub.193.May.5.2017.Braun.2,5.5.2017,193,larrea,shrub,post,bee,Hymenoptera,Halictidae,,,Lasioglossum,,,,,pinned,
Shrub.193.May.5.2017.Braun.3,5.5.2017,193,larrea,shrub,post,fly,Diptera,Bombyliidae,,,,,,,,pinned,
Shrub.193.May.5.2017.Braun.4,5.5.2017,193,larrea,shrub,post,bee,Hymenoptera,,,,,,,,,pinned,
Shrub.193.May.5.2017.Braun.5,5.5.2017,193,larrea,shrub,post,fly,Diptera,Asilidae,,,,,,,,pinned,
Shrub.193.May.5.2017.Braun.6,5.5.2017,193,larrea,shrub,post,muscid.fly,Diptera,Sarcophagidae,,,,,,,,pinned,
Shrub.193.May.5.2017.Braun.7,5.5.2017,193,larrea,shrub,post,fly,Diptera,Asilidae,,,,,,,,pinned,
Open.281.May.5.2017.Braun.1,5.5.2017,281,larrea,open,post,fly,Diptera,Asilidae,,,,,,,,,
Open.281.May.5.2017.Braun.2,5.5.2017,281,larrea,open,post,fly,Diptera,Asilidae,,,,,,,,,
Shrub.281.May.5.2017.Braun.1,5.5.2017,281,larrea,shrub,post,wasp,Hymenoptera,Crabronidae,,,,,,,,,
Shrub.281.May.5.2017.Braun.2,5.5.2017,281,larrea,shrub,post,bee,Hymenoptera,Megachilidae,,,Ashmeadiella?,,,,,,
Shrub.281.May.5.2017.Braun.3,5.5.2017,281,larrea,shrub,post,wasp,Hymenoptera,Crabronidae,,,,,,,,,
Open.300.May.5.2017.Braun.1,5.5.2017,300,larrea,open,post,bee,Hymenoptera,Megachilidae,,,,,,,,pinned,
Open.300.May.5.2017.Braun.2,5.5.2017,300,larrea,open,post,fly,Diptera,Asilidae,,,,,,,,pinned,
Open.300.May.5.2017.Braun.3,5.5.2017,300,larrea,open,post,fly,Diptera,Bombyliidae,,,,,,,,pinned,
Shrub.300.May.5.2017.Braun.1,5.5.2017,300,larrea,shrub,post,bee,Hymenoptera,Apidae,,,,,,,,pinned,
Shrub.300.May.5.2017.Braun.2,5.5.2017,300,larrea,shrub,post,wasp,Hymenoptera,Vespidae?,,,,,,,,pinned,
Shrub.300.May.5.2017.Braun.3,5.5.2017,300,larrea,shrub,post,cuckoo.wasp,Hymenoptera,Chrysididae,,,,,,,,pinned,
Open.302.May.5.2017.Braun.1,5.5.2017,302,larrea,open,post,cuckoo.wasp,Hymenoptera,Chrysididae,,,,,,,,pinned,
Open.302.May.5.2017.Braun.2,5.5.2017,302,larrea,open,post,bee,Hymenoptera,Halictidae,,,Lasioglossum,,,,,pinned,
Open.302.May.5.2017.Braun.3,5.5.2017,302,larrea,open,post,bee,Hymenoptera,Apidae,,,,,,,,pinned,
Open.302.May.5.2017.Braun.4,5.5.2017,302,larrea,open,post,fly,Diptera,Bombyliidae,,,,,,,,pinned,
Open.302.May.5.2017.Braun.5,5.5.2017,302,larrea,open,post,fly,Diptera,Bombyliidae,,,,,,,,pinned,
Open.302.May.5.2017.Braun.6,5.5.2017,302,larrea,open,post,true.bug,Hemiptera,Reduviidae,Harpactorinae,,,,,,,pinned,
Open.302.May.5.2017.Braun.7,5.5.2017,302,larrea,open,post,true.bug,Hemiptera,Reduviidae,Harpactorinae,,,,,,,pinned,
Shrub.302.May.5.2017.Braun.1,5.5.2017,302,larrea,shrub,post,bee,Hymenoptera,Halictidae,,,Lasioglossum?,,,,,pinned,
Shrub.302.May.5.2017.Braun.2,5.5.2017,302,larrea,shrub,post,fly,Diptera,Asilidae,,,,,,,,pinned,
Shrub.302.May.5.2017.Braun.3,5.5.2017,302,larrea,shrub,post,fly,Diptera,Asilidae,,,,,,,,pinned,
Shrub.302.May.5.2017.Braun.4,5.5.2017,302,larrea,shrub,post,wasp,Hymenoptera,Crabronidae,,,,,,,,pinned,
Open.303.May.5.2017.Braun.1,5.5.2017,303,larrea,open,post,wasp,Hymenoptera,Crabronidae,,,,,,,,pinned,
Open.303.May.5.2017.Braun.2,5.5.2017,303,larrea,open,post,wasp,Hymenoptera,Crabronidae,,,,,,,,pinned,
Open.303.May.5.2017.Braun.3,5.5.2017,303,larrea,open,post,fly,Diptera,Asilidae,,,,,,,,pinned,
Open.303.May.5.2017.Braun.4,5.5.2017,303,larrea,open,post,fly,Diptera,Asilidae,,,,,,,,pinned,
Open.303.May.5.2017.Braun.5,5.5.2017,303,larrea,open,post,bee,Hymenoptera,Andrenidae,,,,,,,,pinned,
Open.303.May.5.2017.Braun.6,5.5.2017,303,larrea,open,post,muscid.fly,Diptera,Sarcophagidae,,,,,,,,pinned,
Shrub.303.May.5.2017.Braun.1,5.5.2017,303,larrea,shrub,post,wasp,Hymenoptera,Crabronidae,,,,,,,,pinned,
