"","uniID","sp.clean","Quantity"
"1","4.10.2017 184 open","Cicadellidae",3
"2","4.10.2017 184 open","Coleoptera",6
"3","4.10.2017 184 open","Mythicomyiidae",6
"4","4.10.2017 184 open","Scaeva/Eupeodes",1
"5","4.10.2017 184 open","Sciaridae",1
"6","4.10.2017 184 open","Usiinae",1
"7","4.10.2017 184 shrub","Anthidium",1
"8","4.10.2017 184 shrub","Chrysomelidae",1
"9","4.10.2017 184 shrub","Cicadellidae",8
"10","4.10.2017 184 shrub","Coleoptera",2
"11","4.10.2017 184 shrub","Lasioglossum",1
"12","4.10.2017 184 shrub","Nymph",3
"13","4.10.2017 189 open","Chrysididae",2
"14","4.10.2017 189 open","Cicadellidae",1
"15","4.10.2017 189 open","Coleoptera",2
"16","4.10.2017 189 open","Diptera",3
"17","4.10.2017 189 open","Halictus",1
"18","4.10.2017 189 open","Lasioglossum",1
"19","4.10.2017 189 open","Miridae",1
"20","4.10.2017 189 open","Muscidae",1
"21","4.10.2017 189 open","Mutillidae",1
"22","4.10.2017 189 open","Mythicomyiidae",4
"23","4.10.2017 189 open","Pronotacantha annulata",1
"24","4.10.2017 189 open","Sciaridae",1
"25","4.10.2017 189 open","Usiinae",1
"26","4.10.2017 189 shrub","Cercopidae",1
"27","4.10.2017 189 shrub","Cicadellidae",4
"28","4.10.2017 189 shrub","Coleoptera",2
"29","4.10.2017 189 shrub","Diptera",1
"30","4.10.2017 189 shrub","Miridae",1
"31","4.10.2017 189 shrub","Miscophus",1
"32","4.10.2017 189 shrub","Mythicomyiidae",6
"33","4.10.2017 189 shrub","Nymph",1
"34","4.10.2017 189 shrub","Pentamoidae",1
"35","4.10.2017 192 open","Aphididae",1
"36","4.10.2017 192 open","Cicadellidae",7
"37","4.10.2017 192 open","Coleoptera",1
"38","4.10.2017 192 open","Lasioglossum",2
"39","4.10.2017 192 open","Miridae",2
"40","4.10.2017 192 open","Miscophus",1
"41","4.10.2017 192 open","Mythicomyiidae",5
"42","4.10.2017 192 open","Nymph",3
"43","4.10.2017 192 shrub","Asilidae",1
"44","4.10.2017 192 shrub","Chalcidoidea",2
"45","4.10.2017 192 shrub","Chrysomelidae",1
"46","4.10.2017 192 shrub","Cicadellidae",9
"47","4.10.2017 192 shrub","Curculionidae",1
"48","4.10.2017 192 shrub","Miridae",1
"49","4.10.2017 192 shrub","Mythicomyiidae",8
"50","4.10.2017 192 shrub","Nymph",4
"51","4.10.2017 192 shrub","Osmia",1
"52","4.10.2017 192 shrub","Scaeva/Eupeodes",1
"53","4.10.2017 192 shrub","Sphecidae",1
"54","4.10.2017 194 open","Aphoebantus",1
"55","4.10.2017 194 open","Apis mellifera",1
"56","4.10.2017 194 open","Cicadellidae",5
"57","4.10.2017 194 open","Coleoptera",7
"58","4.10.2017 194 open","Lasioglossum",1
"59","4.10.2017 194 open","Mythicomyiidae",4
"60","4.10.2017 194 open","Scaeva/Eupeodes",1
"61","4.10.2017 194 shrub","Chalcidoidea",1
"62","4.10.2017 194 shrub","Cicadellidae",2
"63","4.10.2017 194 shrub","Formicidae",1
"64","4.10.2017 194 shrub","Miridae",1
"65","4.10.2017 194 shrub","Mythicomyiidae",5
"66","4.10.2017 194 shrub","Pronotacantha annulata",1
"67","4.10.2017 275 open","Zeroes",0
"68","4.10.2017 275 shrub","Asilidae",1
"69","4.10.2017 275 shrub","Chrysomelidae",1
"70","4.10.2017 275 shrub","Cicadellidae",6
"71","4.10.2017 275 shrub","Coccinellidae",1
"72","4.10.2017 275 shrub","Coleoptera",2
"73","4.10.2017 275 shrub","Lasioglossum",1
"74","4.10.2017 275 shrub","Mythicomyiidae",11
"75","4.10.2017 275 shrub","Nymph",3
"76","4.10.2017 275 shrub","Orthoptera",1
"77","4.10.2017 275 shrub","Sarcophagidae",1
"78","4.10.2017 275 shrub","Scaeva/Eupeodes",1
"79","4.10.2017 296 open","Andrena",1
"80","4.10.2017 296 open","Asilidae",1
"81","4.10.2017 296 open","Bombyliidae",1
"82","4.10.2017 296 open","Chalcidoidea",1
"83","4.10.2017 296 open","Cicadellidae",5
"84","4.10.2017 296 open","Coleoptera",4
"85","4.10.2017 296 open","Harpactorinae",1
"86","4.10.2017 296 open","Lasioglossum",1
"87","4.10.2017 296 open","Mythicomyiidae",8
"88","4.10.2017 296 open","Orthoptera",1
"89","4.10.2017 296 open","point scutellum fly",2
"90","4.10.2017 296 open","Scaeva/Eupeodes",1
"91","4.10.2017 296 open","Usiinae",1
"92","4.10.2017 296 shrub","Asilidae",1
"93","4.10.2017 296 shrub","Chrysididae",1
"94","4.10.2017 296 shrub","Cicadellidae",8
"95","4.10.2017 296 shrub","Coleoptera",1
"96","4.10.2017 296 shrub","Colletes",1
"97","4.10.2017 296 shrub","Halictus",1
"98","4.10.2017 296 shrub","Lasioglossum",2
"99","4.10.2017 296 shrub","Miridae",1
"100","4.10.2017 296 shrub","Miscophus",3
"101","4.10.2017 296 shrub","Mythicomyiidae",5
"102","4.10.2017 296 shrub","Nomadopsis",1
"103","4.10.2017 296 shrub","Therevidae",1
"104","4.11.2017 187 open","Chalcidoidea",1
"105","4.11.2017 187 open","Chrysididae",1
"106","4.11.2017 187 open","Cicadellidae",1
"107","4.11.2017 187 open","Coleoptera",3
"108","4.11.2017 187 open","Diptera",2
"109","4.11.2017 187 open","Formicidae",1
"110","4.11.2017 187 open","Mythicomyiidae",5
"111","4.11.2017 187 shrub","Cecidomyiidae",1
"112","4.11.2017 187 shrub","Cicadellidae",3
"113","4.11.2017 187 shrub","Halictus",1
"114","4.11.2017 187 shrub","Mythicomyiidae",6
"115","4.11.2017 187 shrub","Thysanoptera",1
"116","4.11.2017 193 open","Chyromyidae",1
"117","4.11.2017 193 open","Coleoptera",4
"118","4.11.2017 193 open","Diptera",3
"119","4.11.2017 193 open","Lasioglossum",2
"120","4.11.2017 193 open","Miridae",2
"121","4.11.2017 193 open","Mythicomyiidae",4
"122","4.11.2017 193 open","Thysanoptera",1
"123","4.11.2017 193 shrub","Cicadellidae",5
"124","4.11.2017 193 shrub","Crabronidae",1
"125","4.11.2017 193 shrub","Formicidae",1
"126","4.11.2017 193 shrub","Miridae",1
"127","4.11.2017 193 shrub","Muscidae",1
"128","4.11.2017 193 shrub","Mythicomyiidae",3
"129","4.11.2017 193 shrub","Nymph",2
"130","4.11.2017 193 shrub","Orthoptera",1
"131","4.11.2017 193 shrub","Sciaridae",1
"132","4.11.2017 193 shrub","Tachinidae",1
"133","4.11.2017 193 shrub","Thysanoptera",3
"134","4.11.2017 197 open","Araneae",1
"135","4.11.2017 197 open","Cicadellidae",2
"136","4.11.2017 197 open","Coleoptera",2
"137","4.11.2017 197 open","Lasioglossum",2
"138","4.11.2017 197 open","Mythicomyiidae",5
"139","4.11.2017 197 open","Pteromalidae",1
"140","4.11.2017 197 shrub","Acalypterate",2
"141","4.11.2017 197 shrub","Chrysididae",1
"142","4.11.2017 197 shrub","Cicadellidae",1
"143","4.11.2017 197 shrub","Miridae",1
"144","4.11.2017 197 shrub","Mythicomyiidae",1
"145","4.11.2017 197 shrub","Sarcophagidae",1
"146","4.11.2017 197 shrub","Thysanoptera",1
"147","4.11.2017 266 open","Cicadellidae",2
"148","4.11.2017 266 open","Coleoptera",16
"149","4.11.2017 266 open","Diptera",2
"150","4.11.2017 266 open","Miridae",1
"151","4.11.2017 266 open","Nymph",1
"152","4.11.2017 266 open","Pronotacantha annulata",1
"153","4.11.2017 266 open","Thysanoptera",1
"154","4.11.2017 266 shrub","Acalypterate",1
"155","4.11.2017 266 shrub","Chrysomelidae?",1
"156","4.11.2017 266 shrub","Chyromyidae?",2
"157","4.11.2017 266 shrub","Cicadellidae",2
"158","4.11.2017 266 shrub","Diptera",1
"159","4.11.2017 266 shrub","Hymenoptera",1
"160","4.11.2017 266 shrub","Lasioglossum",2
"161","4.11.2017 266 shrub","Miridae",3
"162","4.11.2017 266 shrub","Nymph",2
"163","4.11.2017 266 shrub","Pompilidae",1
"164","4.11.2017 273 open","Asilidae",1
"165","4.11.2017 273 open","Cicadellidae",2
"166","4.11.2017 273 open","Coleoptera",5
"167","4.11.2017 273 open","Mythicomyiidae",4
"168","4.11.2017 273 open","Thysanoptera",1
"169","4.11.2017 273 open","Usiinae",1
"170","4.11.2017 273 shrub","Acalypterate",1
"171","4.11.2017 273 shrub","Chalcidoidea",1
"172","4.11.2017 273 shrub","Chyromyidae",1
"173","4.11.2017 273 shrub","Cicadellidae",5
"174","4.11.2017 273 shrub","Coleoptera",5
"175","4.11.2017 273 shrub","Formicidae",1
"176","4.11.2017 273 shrub","Lasioglossum",2
"177","4.11.2017 273 shrub","Miscophus",1
"178","4.11.2017 273 shrub","Orthoptera",1
"179","4.11.2017 273 shrub","Scaeva/Eupeodes",1
"180","4.11.2017 273 shrub","Thysanoptera",1
"181","4.11.2017 288 open","Acalypterate",3
"182","4.11.2017 288 open","Araneae",1
"183","4.11.2017 288 open","Cicadellidae",1
"184","4.11.2017 288 open","Coleoptera",3
"185","4.11.2017 288 open","Lasioglossum",1
"186","4.11.2017 288 open","Miridae",1
"187","4.11.2017 288 open","Mythicomyiidae",2
"188","4.11.2017 288 open","Tachinidae",1
"189","4.11.2017 288 open","Thysanoptera",2
"190","4.11.2017 288 shrub","Andrena",1
"191","4.11.2017 288 shrub","Cecidomyiidae",1
"192","4.11.2017 288 shrub","Chalcidoidea",2
"193","4.11.2017 288 shrub","Cicadellidae",5
"194","4.11.2017 288 shrub","Diptera",3
"195","4.11.2017 288 shrub","Formicidae",1
"196","4.11.2017 288 shrub","Halictus?",1
"197","4.11.2017 288 shrub","Hemiptera",3
"198","4.11.2017 288 shrub","Lasioglossum",2
"199","4.11.2017 288 shrub","Mythicomyiidae",4
"200","4.11.2017 288 shrub","Tachinidae",1
"201","4.11.2017 288 shrub","Thysanoptera",3
"202","4.12.2017 180 open","Araneae",1
"203","4.12.2017 180 open","Cicadellidae",3
"204","4.12.2017 180 open","Coleoptera",7
"205","4.12.2017 180 open","Diptera",3
"206","4.12.2017 180 open","Lasioglossum",2
"207","4.12.2017 180 open","Mutillidae",1
"208","4.12.2017 180 open","Mythicomyiidae",7
"209","4.12.2017 180 open","Scaeva/Eupeodes",1
"210","4.12.2017 180 open","Tachinidae",1
"211","4.12.2017 180 shrub","Asilidae",1
"212","4.12.2017 180 shrub","Cicadellidae",7
"213","4.12.2017 180 shrub","Coleoptera",4
"214","4.12.2017 180 shrub","Hemiptera?",1
"215","4.12.2017 180 shrub","Lauxaniidae?",1
"216","4.12.2017 180 shrub","Milichidae?",1
"217","4.12.2017 180 shrub","Miridae",2
"218","4.12.2017 180 shrub","Mythicomyiidae",2
"219","4.12.2017 180 shrub","Rhopalidae/Lygaeidae",1
"220","4.12.2017 180 shrub","Thysanoptera",1
"221","4.12.2017 191 open","Cecidomyiidae",1
"222","4.12.2017 191 open","Cicadellidae",1
"223","4.12.2017 191 open","Coleoptera",12
"224","4.12.2017 191 open","Miridae",2
"225","4.12.2017 191 open","Mythicomyiidae",2
"226","4.12.2017 191 open","Pronotacantha annulata",1
"227","4.12.2017 191 open","Thysanoptera",1
"228","4.12.2017 191 shrub","Cecidomyiidae",1
"229","4.12.2017 191 shrub","Cicadellidae",6
"230","4.12.2017 191 shrub","Coleoptera",1
"231","4.12.2017 191 shrub","Lasioglossum",1
"232","4.12.2017 191 shrub","Lauxaniidae?",2
"233","4.12.2017 191 shrub","Lygaeoidea",1
"234","4.12.2017 191 shrub","Miridae",1
"235","4.12.2017 191 shrub","Mythicomyiidae",1
"236","4.12.2017 191 shrub","Tachinidae",1
"237","4.12.2017 196 open","Cicadellidae",1
"238","4.12.2017 196 open","Coleoptera",5
"239","4.12.2017 196 open","Diptera",2
"240","4.12.2017 196 open","Hymenoptera",1
"241","4.12.2017 196 open","Lasioglossum",3
"242","4.12.2017 196 open","Miridae",2
"243","4.12.2017 196 open","Mythicomyiidae",2
"244","4.12.2017 196 open","Nymphalidae",1
"245","4.12.2017 196 open","Phoridae",1
"246","4.12.2017 196 shrub","Asilidae",1
"247","4.12.2017 196 shrub","Chalcidoidea",1
"248","4.12.2017 196 shrub","Cicadellidae",3
"249","4.12.2017 196 shrub","Miridae",2
"250","4.12.2017 196 shrub","Mythicomyiidae",3
"251","4.12.2017 196 shrub","Pronotacantha annulata",1
"252","4.12.2017 196 shrub","Thysanoptera",1
"253","4.12.2017 198 open","Acalypterate",1
"254","4.12.2017 198 open","Chalcidoidea",1
"255","4.12.2017 198 open","Cicadellidae",1
"256","4.12.2017 198 open","Coleoptera",5
"257","4.12.2017 198 open","Miridae",1
"258","4.12.2017 198 open","Mythicomyiidae",2
"259","4.12.2017 198 open","Tachinidae",1
"260","4.12.2017 198 shrub","Acalypterate",1
"261","4.12.2017 198 shrub","Araneae",1
"262","4.12.2017 198 shrub","Asilidae",1
"263","4.12.2017 198 shrub","Cecidomyiidae",1
"264","4.12.2017 198 shrub","Chalcidoidea",1
"265","4.12.2017 198 shrub","Cicadellidae",7
"266","4.12.2017 198 shrub","Crabronidae",1
"267","4.12.2017 198 shrub","Curculionidae",1
"268","4.12.2017 198 shrub","Mythicomyiidae",3
"269","4.12.2017 198 shrub","Pronotacantha annulata",1
"270","4.12.2017 198 shrub","Thysanoptera",2
"271","4.12.2017 265 open","Coleoptera",6
"272","4.12.2017 265 open","Crabronidae?",1
"273","4.12.2017 265 open","Hemiptera",1
"274","4.12.2017 265 open","Hymenoptera",1
"275","4.12.2017 265 open","Lytta auriculata",1
"276","4.12.2017 265 open","Mythicomyiidae",1
"277","4.12.2017 265 open","Scaeva/Eupeodes",1
"278","4.12.2017 265 shrub","Andrena",1
"279","4.12.2017 265 shrub","Cicadellidae",1
"280","4.12.2017 265 shrub","Coleoptera",4
"281","4.12.2017 265 shrub","Lasioglossum",1
"282","4.12.2017 265 shrub","Miridae",3
"283","4.12.2017 265 shrub","Mythicomyiidae",3
"284","4.12.2017 265 shrub","Scaeva/Eupeodes",1
"285","4.12.2017 265 shrub","Thysanoptera",2
"286","4.12.2017 289 open","Cecidomyiidae",1
"287","4.12.2017 289 open","Cicadellidae",1
"288","4.12.2017 289 open","Coleoptera",6
"289","4.12.2017 289 open","Diptera",1
"290","4.12.2017 289 open","Lonchaeidae?",1
"291","4.12.2017 289 open","Mythicomyiidae",4
"292","4.12.2017 289 open","Nymph",1
"293","4.12.2017 289 open","Pronotacantha annulata",1
"294","4.12.2017 289 open","Tachinidae",2
"295","4.12.2017 289 shrub","Acalypterate",1
"296","4.12.2017 289 shrub","Araneae",2
"297","4.12.2017 289 shrub","Asilidae",1
"298","4.12.2017 289 shrub","Cecidomyiidae",1
"299","4.12.2017 289 shrub","Cercopidae",1
"300","4.12.2017 289 shrub","Cicadellidae",2
"301","4.12.2017 289 shrub","Coleoptera",1
"302","4.12.2017 289 shrub","Lasioglossum",1
"303","4.12.2017 289 shrub","Milichidae?",1
"304","4.12.2017 289 shrub","Mythicomyiidae",2
"305","4.12.2017 289 shrub","Tephritidae",1
"306","4.13.2017 190 open","Asilidae",2
"307","4.13.2017 190 open","Cicadellidae",1
"308","4.13.2017 190 open","Coleoptera",14
"309","4.13.2017 190 open","Diptera",7
"310","4.13.2017 190 open","Halictus",1
"311","4.13.2017 190 open","Mythicomyiidae",1
"312","4.13.2017 190 open","Scaeva/Eupeodes",1
"313","4.13.2017 190 open","Tephritidae",1
"314","4.13.2017 190 open","Thysanoptera",4
"315","4.13.2017 190 shrub","Chalcidoidea",2
"316","4.13.2017 190 shrub","Cicadellidae",6
"317","4.13.2017 190 shrub","Coleoptera",1
"318","4.13.2017 190 shrub","Diptera",1
"319","4.13.2017 190 shrub","Lasioglossum",1
"320","4.13.2017 190 shrub","Miscophus",1
"321","4.13.2017 190 shrub","Mythicomyiidae",1
"322","4.13.2017 190 shrub","Nymph",1
"323","4.13.2017 190 shrub","Scaeva/Eupeodes",1
"324","4.13.2017 190 shrub","Thysanoptera",1
"325","4.13.2017 267 open","Chalcidoidea",1
"326","4.13.2017 267 open","Coleoptera",16
"327","4.13.2017 267 open","Miridae",3
"328","4.13.2017 267 open","Scaeva/Eupeodes",1
"329","4.13.2017 267 open","Thysanoptera",1
"330","4.13.2017 267 open","Usiinae",1
"331","4.13.2017 267 shrub","Cecidomyiidae",1
"332","4.13.2017 267 shrub","Chalcidoidea",1
"333","4.13.2017 267 shrub","Cicadellidae",2
"334","4.13.2017 267 shrub","Coleoptera",7
"335","4.13.2017 267 shrub","Crabronidae",1
"336","4.13.2017 267 shrub","Crabronidae?",1
"337","4.13.2017 267 shrub","Diptera",2
"338","4.13.2017 267 shrub","Miridae",2
"339","4.13.2017 267 shrub","Nymph",2
"340","4.13.2017 267 shrub","Tachinidae",1
"341","4.13.2017 267 shrub","Thysanoptera",2
"342","4.13.2017 272 open","Coleoptera",7
"343","4.13.2017 272 open","Mythicomyiidae",1
"344","4.13.2017 272 open","Nymph",3
"345","4.13.2017 272 open","Sarcophagidae",1
"346","4.13.2017 272 open","Thysanoptera",1
"347","4.13.2017 272 shrub","Asilidae",1
"348","4.13.2017 272 shrub","Cecidomyiidae",2
"349","4.13.2017 272 shrub","Cicadellidae",1
"350","4.13.2017 272 shrub","Coleoptera",2
"351","4.13.2017 272 shrub","Lasioglossum",1
"352","4.13.2017 272 shrub","Miridae",1
"353","4.13.2017 272 shrub","Mythicomyiidae",1
"354","4.13.2017 272 shrub","Nymph",4
"355","4.13.2017 284 open","Acalypterate",1
"356","4.13.2017 284 open","Curculionidae",1
"357","4.13.2017 284 open","Lasioglossum",1
"358","4.13.2017 284 open","Miridae",3
"359","4.13.2017 284 open","Mythicomyiidae",2
"360","4.13.2017 284 open","Nymph",2
"361","4.13.2017 284 shrub","Cecidomyiidae",1
"362","4.13.2017 284 shrub","Cicadellidae",1
"363","4.13.2017 284 shrub","Hemiptera?",1
"364","4.13.2017 284 shrub","Mythicomyiidae",2
"365","4.13.2017 284 shrub","Thysanoptera",1
"366","4.13.2017 293 open","Coleoptera",3
"367","4.13.2017 293 open","Diptera",4
"368","4.13.2017 293 open","Mythicomyiidae",2
"369","4.13.2017 293 open","Nymph",3
"370","4.13.2017 293 open","Scaeva/Eupeodes",1
"371","4.13.2017 293 shrub","Aphididae",1
"372","4.13.2017 293 shrub","Chalcidoidea",2
"373","4.13.2017 293 shrub","Cicadellidae",7
"374","4.13.2017 293 shrub","Coleoptera",2
"375","4.13.2017 293 shrub","Diptera",2
"376","4.13.2017 293 shrub","Formicidae",3
"377","4.13.2017 293 shrub","Miridae",1
"378","4.13.2017 293 shrub","Mythicomyiidae",3
"379","4.13.2017 293 shrub","Thysanoptera",2
"380","4.13.2017 294 open","Coleoptera",3
"381","4.13.2017 294 open","metallic",1
"382","4.13.2017 294 open","Mythicomyiidae",3
"383","4.13.2017 294 open","Nymph",1
"384","4.13.2017 294 open","Scaeva/Eupeodes",1
"385","4.13.2017 294 shrub","Cecidomyiidae",1
"386","4.13.2017 294 shrub","Cicadellidae",4
"387","4.13.2017 294 shrub","Diptera",1
"388","4.13.2017 294 shrub","Miridae",3
"389","4.13.2017 294 shrub","Mythicomyiidae",2
"390","4.13.2017 294 shrub","Nymph",2
"391","4.13.2017 294 shrub","Orthoptera",1
"392","4.13.2017 294 shrub","spiny wing margin",1
"393","4.13.2017 294 shrub","Thysanoptera",2
"394","4.15.2017 186 open","Coleoptera",19
"395","4.15.2017 186 open","Miridae",3
"396","4.15.2017 186 open","Mythicomyiidae",1
"397","4.15.2017 186 open","Phoridae",1
"398","4.15.2017 186 shrub","Cicadellidae",7
"399","4.15.2017 186 shrub","Coleoptera",10
"400","4.15.2017 186 shrub","Curculionidae",1
"401","4.15.2017 186 shrub","Diptera",1
"402","4.15.2017 186 shrub","Formicidae",1
"403","4.15.2017 186 shrub","Lasioglossum",3
"404","4.15.2017 186 shrub","Miridae",1
"405","4.15.2017 186 shrub","Mythicomyiidae",4
"406","4.15.2017 186 shrub","Nymph",1
"407","4.15.2017 186 shrub","Thysanoptera",12
"408","4.15.2017 199 open","Cecidomyiidae",1
"409","4.15.2017 199 open","Chloropidae?",1
"410","4.15.2017 199 open","Cicadellidae",7
"411","4.15.2017 199 open","Coleoptera",10
"412","4.15.2017 199 open","Lasioglossum",1
"413","4.15.2017 199 open","Mythicomyiidae",4
"414","4.15.2017 199 open","Nymph",1
"415","4.15.2017 199 open","Pipunculidae",1
"416","4.15.2017 199 open","Thysanoptera",5
"417","4.15.2017 199 shrub","Berytidae",2
"418","4.15.2017 199 shrub","Chalcidoidea",1
"419","4.15.2017 199 shrub","Cicadellidae",9
"420","4.15.2017 199 shrub","Coleoptera",9
"421","4.15.2017 199 shrub","Harpactorinae",1
"422","4.15.2017 199 shrub","Lasioglossum",1
"423","4.15.2017 199 shrub","Miridae",3
"424","4.15.2017 199 shrub","Mythicomyiidae",2
"425","4.15.2017 199 shrub","Nymph",3
"426","4.15.2017 199 shrub","Pompilidae",1
"427","4.15.2017 262 open","Asilidae",1
"428","4.15.2017 262 open","Cicadellidae",1
"429","4.15.2017 262 open","Coleoptera",30
"430","4.15.2017 262 open","Diptera",1
"431","4.15.2017 262 open","Mythicomyiidae",2
"432","4.15.2017 262 open","Thysanoptera",4
"433","4.15.2017 262 open","yellow wing veins and legs",1
"434","4.15.2017 262 shrub","Asilidae",2
"435","4.15.2017 262 shrub","Cicadellidae",4
"436","4.15.2017 262 shrub","Coleoptera",12
"437","4.15.2017 262 shrub","Cysteodemus",1
"438","4.15.2017 262 shrub","Delphacidae",1
"439","4.15.2017 262 shrub","Diptera",14
"440","4.15.2017 262 shrub","Lasioglossum",1
"441","4.15.2017 262 shrub","Miridae",1
"442","4.15.2017 262 shrub","Mythicomyiidae",3
"443","4.15.2017 262 shrub","Nymph",1
"444","4.15.2017 262 shrub","Orthoptera",1
"445","4.15.2017 269 open","Cicadellidae",2
"446","4.15.2017 269 open","Coccinellidae larva",1
"447","4.15.2017 269 open","Coleoptera",7
"448","4.15.2017 269 open","Mythicomyiidae",1
"449","4.15.2017 269 open","Nymph",1
"450","4.15.2017 269 open","Phoridae?",1
"451","4.15.2017 269 open","Rhopalidae/Lygaeidae",1
"452","4.15.2017 269 open","Thysanoptera",3
"453","4.15.2017 269 open","wingless wasp",1
"454","4.15.2017 269 shrub","Cercopidae",1
"455","4.15.2017 269 shrub","Chalcidoidea",1
"456","4.15.2017 269 shrub","Cicadellidae",5
"457","4.15.2017 269 shrub","Coleoptera",3
"458","4.15.2017 269 shrub","Eupompha elegans",1
"459","4.15.2017 269 shrub","Formicidae",1
"460","4.15.2017 269 shrub","Miridae",2
"461","4.15.2017 269 shrub","Mythicomyiidae",2
"462","4.15.2017 269 shrub","Nymph",1
"463","4.15.2017 269 shrub","parasitic",2
"464","4.15.2017 269 shrub","Scaeva/Eupeodes",2
"465","4.15.2017 269 shrub","Thysanoptera",2
"466","4.15.2017 276 open","Cercopidae",8
"467","4.15.2017 276 open","Coleoptera",1
"468","4.15.2017 276 open","Mythicomyiidae",6
"469","4.15.2017 276 open","Phoridae",1
"470","4.15.2017 276 open","Rhopalidae/Lygaeidae",3
"471","4.15.2017 276 open","Thysanoptera",1
"472","4.15.2017 276 shrub","Cicadellidae",7
"473","4.15.2017 276 shrub","Coleoptera",4
"474","4.15.2017 276 shrub","Formicidae",1
"475","4.15.2017 276 shrub","Lasioglossum",1
"476","4.15.2017 276 shrub","Miridae",1
"477","4.15.2017 276 shrub","Nymph",2
"478","4.15.2017 276 shrub","Sciaridae",1
"479","4.15.2017 276 shrub","Therevidae",1
"480","4.15.2017 276 shrub","Thysanoptera",1
"481","4.15.2017 300 open","Chalcidoidea",1
"482","4.15.2017 300 open","Cicadellidae",2
"483","4.15.2017 300 open","Coleoptera",6
"484","4.15.2017 300 open","Curculionidae",1
"485","4.15.2017 300 open","Diptera",2
"486","4.15.2017 300 open","Lasioglossum",1
"487","4.15.2017 300 open","Miscophus",1
"488","4.15.2017 300 open","Muscidae",1
"489","4.15.2017 300 open","Mutillidae",1
"490","4.15.2017 300 shrub","Acalypterate",1
"491","4.15.2017 300 shrub","Apis mellifera",1
"492","4.15.2017 300 shrub","Chalcidoidea?",1
"493","4.15.2017 300 shrub","Cicadellidae",2
"494","4.15.2017 300 shrub","Coleoptera",5
"495","4.15.2017 300 shrub","Delphacidae",1
"496","4.15.2017 300 shrub","Distinctive stigma",1
"497","4.15.2017 300 shrub","Geocoridae",1
"498","4.15.2017 300 shrub","Miridae",1
"499","4.15.2017 300 shrub","Mythicomyiidae",2
"500","4.16.2017 146 open","Araneae",1
"501","4.16.2017 146 open","Chalcidoidea",3
"502","4.16.2017 146 open","Cicadellidae",5
"503","4.16.2017 146 open","Coleoptera",13
"504","4.16.2017 146 open","Eupompha elegans",1
"505","4.16.2017 146 open","Lasioglossum",1
"506","4.16.2017 146 open","Mythicomyiidae",1
"507","4.16.2017 146 open","Nymph",2
"508","4.16.2017 146 shrub","Cicadellidae",1
"509","4.16.2017 146 shrub","Coleoptera",6
"510","4.16.2017 146 shrub","Lasioglossum",1
"511","4.16.2017 146 shrub","Miridae",1
"512","4.16.2017 146 shrub","Mythicomyiidae",1
"513","4.16.2017 188 open","Coleoptera",13
"514","4.16.2017 188 open","Lasioglossum",2
"515","4.16.2017 188 open","Mythicomyiidae",1
"516","4.16.2017 188 shrub","Cecidomyiidae",1
"517","4.16.2017 188 shrub","Cicadellidae",3
"518","4.16.2017 188 shrub","Coleoptera",1
"519","4.16.2017 188 shrub","Lasioglossum",2
"520","4.16.2017 188 shrub","Mythicomyiidae",1
"521","4.16.2017 188 shrub","Nymph",3
"522","4.16.2017 195 open","Asilidae",2
"523","4.16.2017 195 open","Coleoptera",30
"524","4.16.2017 195 open","Curculionidae",1
"525","4.16.2017 195 open","Lasioglossum",1
"526","4.16.2017 195 open","Miridae",3
"527","4.16.2017 195 open","Mythicomyiidae",1
"528","4.16.2017 195 open","Scaeva/Eupeodes",1
"529","4.16.2017 195 open","wasp",2
"530","4.16.2017 195 shrub","Aphididae",1
"531","4.16.2017 195 shrub","Asilidae",1
"532","4.16.2017 195 shrub","Cicadellidae",2
"533","4.16.2017 195 shrub","Coleoptera",7
"534","4.16.2017 195 shrub","Miridae",2
"535","4.16.2017 195 shrub","Mythicomyiidae",3
"536","4.16.2017 195 shrub","Nymph",1
"537","4.16.2017 195 shrub","parasitic",1
"538","4.16.2017 268 open","Chalcidoidea",1
"539","4.16.2017 268 open","Cicadellidae",3
"540","4.16.2017 268 open","Coleoptera",47
"541","4.16.2017 268 open","Diptera",1
"542","4.16.2017 268 open","Lasioglossum",1
"543","4.16.2017 268 open","Miridae",1
"544","4.16.2017 268 open","Mythicomyiidae",1
"545","4.16.2017 268 open","Thysanoptera",1
"546","4.16.2017 268 shrub","Asilidae",1
"547","4.16.2017 268 shrub","Bombyliidae",1
"548","4.16.2017 268 shrub","chamaemyiidae?",1
"549","4.16.2017 268 shrub","Cicadellidae",1
"550","4.16.2017 268 shrub","Coleoptera",5
"551","4.16.2017 268 shrub","Miridae",1
"552","4.16.2017 268 shrub","Miscophus",1
"553","4.16.2017 268 shrub","Mythicomyiidae",2
"554","4.16.2017 268 shrub","Nymph",2
"555","4.16.2017 268 shrub","wingless wasp",1
"556","4.16.2017 271 open","Coleoptera",11
"557","4.16.2017 271 open","Mythicomyiidae",1
"558","4.16.2017 271 open","Nymph",1
"559","4.16.2017 271 shrub","Cecidomyiidae",1
"560","4.16.2017 271 shrub","Chalcidoidea",1
"561","4.16.2017 271 shrub","Cicadellidae",5
"562","4.16.2017 271 shrub","Coleoptera",7
"563","4.16.2017 271 shrub","Formicidae",1
"564","4.16.2017 271 shrub","Membracidae",1
"565","4.16.2017 271 shrub","Miridae",2
"566","4.16.2017 271 shrub","Mythicomyiidae",3
"567","4.16.2017 271 shrub","Nymph",1
"568","4.16.2017 298 open","Coleoptera",10
"569","4.16.2017 298 open","Lasioglossum",1
"570","4.16.2017 298 open","Mythicomyiidae",1
"571","4.16.2017 298 open","Nymph",1
"572","4.16.2017 298 shrub","Aphoebantus",1
"573","4.16.2017 298 shrub","Atoposmia??",1
"574","4.16.2017 298 shrub","Chrysididae",1
"575","4.16.2017 298 shrub","Cicadellidae",1
"576","4.16.2017 298 shrub","Geocoridae",1
"577","4.16.2017 298 shrub","Miridae",1
"578","4.16.2017 298 shrub","Mythicomyiidae",1
"579","4.16.2017 298 shrub","Orthoptera",1
"580","4.17.2017 278 open","Cicadellidae",2
"581","4.17.2017 278 open","Coleoptera",9
"582","4.17.2017 278 open","Nymph",1
"583","4.17.2017 278 shrub","Asilidae",1
"584","4.17.2017 278 shrub","Cecidomyiidae",1
"585","4.17.2017 278 shrub","Cicadellidae",1
"586","4.17.2017 278 shrub","Coccinellidae",1
"587","4.17.2017 278 shrub","Formicidae",2
"588","4.17.2017 278 shrub","Nymph",1
"589","4.17.2017 278 shrub","Orthoptera",1
"590","4.17.2017 278 shrub","parasitic",5
"591","4.17.2017 278 shrub","Sciaridae",1
"592","4.17.2017 278 shrub","Thysanoptera",3
"593","4.17.2017 280 open","Chalcidoidea",1
"594","4.17.2017 280 open","Cicadellidae",1
"595","4.17.2017 280 open","Coleoptera",1
"596","4.17.2017 280 open","Eucera",1
"597","4.17.2017 280 open","Mythicomyiidae",1
"598","4.17.2017 280 open","Phoridae",1
"599","4.17.2017 280 open","Sarcophagidae",2
"600","4.17.2017 280 open","Thysanoptera",1
"601","4.17.2017 280 shrub","Cecidomyiidae",1
"602","4.17.2017 280 shrub","Cicadellidae",4
"603","4.17.2017 280 shrub","Coleoptera",2
"604","4.17.2017 280 shrub","Diptera",1
"605","4.17.2017 280 shrub","flat, weird, wingless, no mouthparts",1
"606","4.17.2017 280 shrub","Mythicomyiidae",3
"607","4.17.2017 280 shrub","Nymph",2
"608","4.17.2017 280 shrub","parasitic",4
"609","4.17.2017 280 shrub","Pentamoidae",1
"610","4.17.2017 280 shrub","Scaeva/Eupeodes",1
"611","4.17.2017 280 shrub","Thysanoptera",3
"612","4.17.2017 282 open","Cicadellidae",2
"613","4.17.2017 282 open","Coleoptera",3
"614","4.17.2017 282 open","Diptera",1
"615","4.17.2017 282 open","Lasioglossum",1
"616","4.17.2017 282 open","Mythicomyiidae",5
"617","4.17.2017 282 open","Nymph",2
"618","4.17.2017 282 open","parasitic",2
"619","4.17.2017 282 shrub","Cicadellidae",1
"620","4.17.2017 282 shrub","Coleoptera",1
"621","4.17.2017 282 shrub","Hymenoptera",1
"622","4.17.2017 282 shrub","Mythicomyiidae",8
"623","4.17.2017 282 shrub","Nymph",1
"624","4.17.2017 282 shrub","parasitic",1
"625","4.17.2017 282 shrub","Thysanoptera",1
"626","4.17.2017 291 open","Cecidomyiidae",1
"627","4.17.2017 291 open","Cicadellidae",1
"628","4.17.2017 291 open","Coleoptera",3
"629","4.17.2017 291 open","Crabronidae",1
"630","4.17.2017 291 open","Curculionidae",1
"631","4.17.2017 291 open","Miridae",1
"632","4.17.2017 291 open","Mythicomyiidae",1
"633","4.17.2017 291 open","Nymph",1
"634","4.17.2017 291 open","Sarcophagidae",1
"635","4.17.2017 291 open","Thysanoptera",3
"636","4.17.2017 291 shrub","Cicadellidae",2
"637","4.17.2017 291 shrub","Coleoptera",1
"638","4.17.2017 291 shrub","Curculionidae",1
"639","4.17.2017 291 shrub","Formicidae",1
"640","4.17.2017 291 shrub","Mythicomyiidae",4
"641","4.17.2017 291 shrub","Nymph",2
"642","4.17.2017 291 shrub","parasitic",2
"643","4.17.2017 291 shrub","Thysanoptera",5
"644","4.17.2017 295 open","Cicadellidae",2
"645","4.17.2017 295 open","Hymenoptera",1
"646","4.17.2017 295 open","Mutillidae",1
"647","4.17.2017 295 open","Mythicomyiidae",1
"648","4.17.2017 295 open","Nymph",1
"649","4.17.2017 295 open","Trichoptera?",1
"650","4.17.2017 295 shrub","Ammophila",1
"651","4.17.2017 295 shrub","Curculionidae",1
"652","4.17.2017 295 shrub","Miridae",2
"653","4.17.2017 295 shrub","Mythicomyiidae",3
"654","4.17.2017 295 shrub","Nymph",2
"655","4.17.2017 295 shrub","parasitic",4
"656","4.17.2017 299 open","?",1
"657","4.17.2017 299 open","Coleoptera",5
"658","4.17.2017 299 open","Diptera",2
"659","4.17.2017 299 open","Mythicomyiidae",1
"660","4.17.2017 299 open","Tachinidae",1
"661","4.17.2017 299 open","Thysanoptera",1
"662","4.17.2017 299 shrub","Cecidomyiidae",3
"663","4.17.2017 299 shrub","Coleoptera",3
"664","4.17.2017 299 shrub","Diptera",1
"665","4.17.2017 299 shrub","Lasioglossum",1
"666","4.17.2017 299 shrub","Mythicomyiidae",1
"667","4.17.2017 299 shrub","parasitic",2
"668","4.17.2017 299 shrub","Phoridae",1
"669","4.17.2017 299 shrub","spotted wings",1
"670","4.17.2017 299 shrub","Thysanoptera",1
"671","4.19.2017 264 open","Coleoptera",2
"672","4.19.2017 264 open","Hymenoptera",1
"673","4.19.2017 264 open","Mythicomyiidae",2
"674","4.19.2017 264 open","Nymph",2
"675","4.19.2017 264 shrub","Ammophila",1
"676","4.19.2017 264 shrub","Miridae",1
"677","4.19.2017 264 shrub","Nymph",5
"678","4.19.2017 264 shrub","parasitic",2
"679","4.19.2017 264 shrub","Pipunculidae",1
"680","4.19.2017 264 shrub","Thysanoptera",2
"681","4.19.2017 270 open","Asilidae",2
"682","4.19.2017 270 open","Cicadellidae",1
"683","4.19.2017 270 open","Coleoptera",11
"684","4.19.2017 270 open","Geocoridae",1
"685","4.19.2017 270 open","Nymph",1
"686","4.19.2017 270 open","parasitic",2
"687","4.19.2017 270 open","Sarcophagidae",1
"688","4.19.2017 270 shrub","Cecidomyiidae",1
"689","4.19.2017 270 shrub","Cicadellidae",2
"690","4.19.2017 270 shrub","Coleoptera",5
"691","4.19.2017 270 shrub","Formicidae",1
"692","4.19.2017 270 shrub","Mythicomyiidae",2
"693","4.19.2017 270 shrub","Nymph",1
"694","4.19.2017 270 shrub","parasitic",3
"695","4.19.2017 283 open","Cicadellidae",1
"696","4.19.2017 283 open","Coleoptera",4
"697","4.19.2017 283 open","Curculionidae",1
"698","4.19.2017 283 shrub","Cicadellidae",3
"699","4.19.2017 283 shrub","Coleoptera",1
"700","4.19.2017 283 shrub","parasitic",1
"701","4.19.2017 283 shrub","Pronotacantha annulata",1
"702","4.19.2017 286 open","Asilidae",1
"703","4.19.2017 286 open","Coleoptera",3
"704","4.19.2017 286 open","Mythicomyiidae",1
"705","4.19.2017 286 open","Phoridae",1
"706","4.19.2017 286 open","Tachinidae",1
"707","4.19.2017 286 open","Thysanoptera",1
"708","4.19.2017 286 shrub","Chrysopidae",1
"709","4.19.2017 286 shrub","Cicadellidae",2
"710","4.19.2017 286 shrub","Coleoptera",4
"711","4.19.2017 286 shrub","Curculionidae",1
"712","4.19.2017 286 shrub","Formicidae",3
"713","4.19.2017 286 shrub","Nymph",1
"714","4.19.2017 286 shrub","parasitic",2
"715","4.19.2017 290 open","?",1
"716","4.19.2017 290 open","Coleoptera",7
"717","4.19.2017 290 open","parasitic",1
"718","4.19.2017 290 open","Phoridae",1
"719","4.19.2017 290 open","Thysanoptera",1
"720","4.19.2017 290 open","yellow wing veins and legs",1
"721","4.19.2017 290 shrub","Ammophila",1
"722","4.19.2017 290 shrub","Cicadellidae",2
"723","4.19.2017 290 shrub","Coleoptera",4
"724","4.19.2017 290 shrub","Cysteodemus",1
"725","4.19.2017 290 shrub","Eupompha elegans",1
"726","4.19.2017 290 shrub","Formicidae",1
"727","4.19.2017 290 shrub","Miscophus",1
"728","4.19.2017 290 shrub","Nymph",2
"729","4.19.2017 290 shrub","Phoridae",1
"730","4.19.2017 290 shrub","yellow wing veins and legs",1
"731","4.19.2017 297 open","Cecidomyiidae",1
"732","4.19.2017 297 open","Cicadellidae",3
"733","4.19.2017 297 open","Coleoptera",13
"734","4.19.2017 297 open","Mythicomyiidae",1
"735","4.19.2017 297 open","Nymph",1
"736","4.19.2017 297 open","yellow wing veins and legs",1
"737","4.19.2017 297 shrub","Cecidomyiidae",1
"738","4.19.2017 297 shrub","Cicadellidae",2
"739","4.19.2017 297 shrub","Curculionidae",1
"740","4.19.2017 297 shrub","Mythicomyiidae",1
"741","4.19.2017 297 shrub","Nymph",1
"742","4.19.2017 297 shrub","Thysanoptera",1
"743","4.20.2017 181 open","Cicadellidae",1
"744","4.20.2017 181 open","Coleoptera",17
"745","4.20.2017 181 open","Geocoridae",1
"746","4.20.2017 181 open","Mythicomyiidae",1
"747","4.20.2017 181 open","Nymph",1
"748","4.20.2017 181 open","parasitic",1
"749","4.20.2017 181 open","Sarcophagidae",1
"750","4.20.2017 181 open","Thysanoptera",1
"751","4.20.2017 181 open","Usiinae",1
"752","4.20.2017 181 shrub","Cecidomyiidae",1
"753","4.20.2017 181 shrub","Cicadellidae",2
"754","4.20.2017 181 shrub","Coleoptera",8
"755","4.20.2017 183 open","Araneae",1
"756","4.20.2017 183 open","Coccinellidae",1
"757","4.20.2017 183 open","Coleoptera",24
"758","4.20.2017 183 open","Diptera",2
"759","4.20.2017 183 open","Miridae",2
"760","4.20.2017 183 open","Mythicomyiidae",1
"761","4.20.2017 183 open","Nymph",1
"762","4.20.2017 183 open","Tachinidae",1
"763","4.20.2017 183 open","Thysanoptera",1
"764","4.20.2017 183 shrub","Cicadellidae",1
"765","4.20.2017 183 shrub","Coleoptera",9
"766","4.20.2017 183 shrub","Formicidae",4
"767","4.20.2017 183 shrub","Nymph",3
"768","4.20.2017 183 shrub","parasitic",1
"769","4.20.2017 183 shrub","Sciaridae",1
"770","4.20.2017 183 shrub","Thysanoptera",1
"771","4.20.2017 185 open","Zeroes",0
"772","4.20.2017 185 shrub","Cicadellidae",2
"773","4.20.2017 185 shrub","Coleoptera",7
"774","4.20.2017 185 shrub","Eucera or Mellisodes",1
"775","4.20.2017 185 shrub","Osmia",1
"776","4.20.2017 185 shrub","Therevidae",1
"777","4.20.2017 185 shrub","yellow wing veins and legs",1
"778","4.20.2017 274 open","Anthocoridae",1
"779","4.20.2017 274 open","Asilidae",1
"780","4.20.2017 274 open","Cicadellidae",2
"781","4.20.2017 274 open","Coleoptera",14
"782","4.20.2017 274 open","Diptera",3
"783","4.20.2017 274 open","Lasioglossum",1
"784","4.20.2017 274 open","Mythicomyiidae",1
"785","4.20.2017 274 open","Usiinae",1
"786","4.20.2017 274 shrub","Asilidae",1
"787","4.20.2017 274 shrub","Cecidomyiidae",1
"788","4.20.2017 274 shrub","Cicadellidae",4
"789","4.20.2017 274 shrub","Coleoptera",3
"790","4.20.2017 274 shrub","Miridae",1
"791","4.20.2017 274 shrub","Nymph",7
"792","4.20.2017 274 shrub","Orthoptera",1
"793","4.20.2017 274 shrub","parasitic",4
"794","4.20.2017 274 shrub","Pentamoidae",1
"795","4.20.2017 274 shrub","Phoridae",2
"796","4.20.2017 274 shrub","Sarcophagidae",1
"797","4.20.2017 274 shrub","Thysanoptera",1
"798","4.20.2017 274 shrub","yellow wing veins and legs",1
"799","4.20.2017 281 open","Coleoptera",6
"800","4.20.2017 281 open","Diptera",2
"801","4.20.2017 281 open","Tephritidae",1
"802","4.20.2017 281 open","Tingidae",1
"803","4.20.2017 281 shrub","Cicadellidae",1
"804","4.20.2017 281 shrub","Phoridae",1
"805","4.20.2017 287 open","Apis mellifera",1
"806","4.20.2017 287 open","Ashmeadiella",1
"807","4.20.2017 287 open","Cicadellidae",1
"808","4.20.2017 287 open","Coleoptera",7
"809","4.20.2017 287 open","Diptera",1
"810","4.20.2017 287 open","Dryudella",1
"811","4.20.2017 287 open","Tephritidae",1
"812","4.20.2017 287 shrub","Cecidomyiidae",1
"813","4.20.2017 287 shrub","Coleoptera",1
"814","4.20.2017 287 shrub","Diptera",1
"815","4.20.2017 287 shrub","Miridae",1
"816","4.20.2017 287 shrub","parasitic",2
"817","4.20.2017 287 shrub","Tephritidae",1
"818","4.20.2017 287 shrub","Thysanoptera",1
"819","4.22.2017 180 open","Coleoptera",10
"820","4.22.2017 180 open","Lygaeoidea",1
"821","4.22.2017 180 open","Orthoptera",1
"822","4.22.2017 180 open","Tephritidae",1
"823","4.22.2017 180 shrub","Cicadellidae",2
"824","4.22.2017 180 shrub","Coleoptera",7
"825","4.22.2017 180 shrub","Harpactorinae",1
"826","4.22.2017 180 shrub","Lytta auriculata",1
"827","4.22.2017 180 shrub","Miridae",1
"828","4.22.2017 180 shrub","Mythicomyiidae",1
"829","4.22.2017 180 shrub","Osmia",1
"830","4.22.2017 180 shrub","parasitic",1
"831","4.22.2017 180 shrub","Psylloidea",1
"832","4.22.2017 180 shrub","Thysanoptera",2
"833","4.22.2017 180 shrub","Toxomerus marginatus",1
"834","4.22.2017 182 open","Asilidae",1
"835","4.22.2017 182 open","brown halteres, shiny black",1
"836","4.22.2017 182 open","Cicadellidae",2
"837","4.22.2017 182 open","Coleoptera",23
"838","4.22.2017 182 open","Mythicomyiidae",3
"839","4.22.2017 182 open","Nymph",1
"840","4.22.2017 182 shrub","Coleoptera",4
"841","4.22.2017 182 shrub","Halictus",1
"842","4.22.2017 182 shrub","Nymph",1
"843","4.22.2017 182 shrub","parasitic",1
"844","4.22.2017 182 shrub","Thysanoptera",1
"845","4.22.2017 189 open","Coleoptera",10
"846","4.22.2017 189 open","Miridae",2
"847","4.22.2017 189 open","Mythicomyiidae",4
"848","4.22.2017 189 open","parasitic",3
"849","4.22.2017 189 open","Rhopalidae/Lygaeidae",1
"850","4.22.2017 189 open","Thysanoptera",3
"851","4.22.2017 189 shrub","Aphididae",1
"852","4.22.2017 189 shrub","Cecidomyiidae",1
"853","4.22.2017 189 shrub","Cicadellidae",1
"854","4.22.2017 189 shrub","Coleoptera",3
"855","4.22.2017 189 shrub","Lytta auriculata",1
"856","4.22.2017 189 shrub","Mythicomyiidae",1
"857","4.22.2017 189 shrub","Nymph",1
"858","4.22.2017 189 shrub","parasitic",3
"859","4.22.2017 189 shrub","Pentamoidae",1
"860","4.22.2017 189 shrub","Pipunculidae",1
"861","4.22.2017 189 shrub","Pompilidae",1
"862","4.22.2017 189 shrub","Pronotacantha annulata",1
"863","4.22.2017 194 open","Cicadellidae",1
"864","4.22.2017 194 open","Coleoptera",25
"865","4.22.2017 194 open","Lasioglossum",1
"866","4.22.2017 194 open","Miridae",1
"867","4.22.2017 194 open","parasitic",1
"868","4.22.2017 194 open","Thysanoptera",2
"869","4.22.2017 194 shrub","Cicadellidae",4
"870","4.22.2017 194 shrub","Coleoptera",8
"871","4.22.2017 275 open","Cicadellidae",1
"872","4.22.2017 275 open","Coleoptera",10
"873","4.22.2017 275 open","Formicidae",1
"874","4.22.2017 275 open","Psylloidea",1
"875","4.22.2017 275 shrub","Asilidae",1
"876","4.22.2017 275 shrub","Cicadellidae",3
"877","4.22.2017 275 shrub","Coleoptera",8
"878","4.22.2017 275 shrub","Miscophus",3
"879","4.22.2017 275 shrub","Nymph",1
"880","4.22.2017 276 open","Asilidae",1
"881","4.22.2017 276 open","Coleoptera",6
"882","4.22.2017 276 open","Crabronidae",1
"883","4.22.2017 276 open","Mutillidae",1
"884","4.22.2017 276 open","Mythicomyiidae",1
"885","4.22.2017 276 open","parasitic",4
"886","4.22.2017 276 open","Synhalonia",1
"887","4.22.2017 276 open","Thysanoptera",1
"888","4.22.2017 276 shrub","Cecidomyiidae",1
"889","4.22.2017 276 shrub","Cicadellidae",2
"890","4.22.2017 276 shrub","Coleoptera",6
"891","4.22.2017 276 shrub","Colletes",1
"892","4.22.2017 276 shrub","Miridae",1
"893","4.22.2017 276 shrub","Miscophus",1
"894","4.22.2017 276 shrub","parasitic",2
"895","4.22.2017 276 shrub","Pompilidae",1
"896","4.22.2017 276 shrub","Thysanoptera",1
"897","4.23.2017 146 open","Asilidae",1
"898","4.23.2017 146 open","Bombyliidae",1
"899","4.23.2017 146 open","Cicadellidae",1
"900","4.23.2017 146 open","Coleoptera",13
"901","4.23.2017 146 open","Formicidae",1
"902","4.23.2017 146 open","Pronotacantha annulata",1
"903","4.23.2017 146 open","Rhopalidae",1
"904","4.23.2017 146 shrub","Cicadellidae",1
"905","4.23.2017 146 shrub","Coleoptera",3
"906","4.23.2017 146 shrub","Formicidae",1
"907","4.23.2017 146 shrub","Miridae",2
"908","4.23.2017 146 shrub","Nymph",1
"909","4.23.2017 146 shrub","Orthoptera",1
"910","4.23.2017 195 open","Coleoptera",14
"911","4.23.2017 195 open","Diptera",2
"912","4.23.2017 195 open","Miridae",1
"913","4.23.2017 195 open","Pronotacantha annulata",1
"914","4.23.2017 195 shrub","Bombyliidae",1
"915","4.23.2017 195 shrub","Coleoptera",23
"916","4.23.2017 195 shrub","Diptera",2
"917","4.23.2017 195 shrub","Nymph",1
"918","4.23.2017 195 shrub","Nymphalidae",1
"919","4.23.2017 197 open","Cecidomyiidae",1
"920","4.23.2017 197 open","Cicadellidae",2
"921","4.23.2017 197 open","Coleoptera",18
"922","4.23.2017 197 open","Nymph",1
"923","4.23.2017 197 open","parasitic",1
"924","4.23.2017 197 open","Thysanoptera",3
"925","4.23.2017 197 shrub","Coleoptera",4
"926","4.23.2017 197 shrub","Thysanoptera",1
"927","4.23.2017 197 shrub","yellow wing veins and legs",1
"928","4.23.2017 266 open","Chrysididae",1
"929","4.23.2017 266 open","Cicadellidae",1
"930","4.23.2017 266 open","Coleoptera",24
"931","4.23.2017 266 open","Eucera",1
"932","4.23.2017 266 open","Harpactorinae",1
"933","4.23.2017 266 open","Pompilidae",1
"934","4.23.2017 266 open","Rhopalidae/Lygaeidae",1
"935","4.23.2017 266 shrub","Ammophila",1
"936","4.23.2017 266 shrub","Coleoptera",12
"937","4.23.2017 266 shrub","Crabronidae?",1
"938","4.23.2017 266 shrub","Nymph",1
"939","4.23.2017 266 shrub","Osmia",1
"940","4.23.2017 266 shrub","Pronotacantha annulata",1
"941","4.23.2017 267 open","Asilidae",1
"942","4.23.2017 267 open","Coleoptera",28
"943","4.23.2017 267 open","Crabronidae",1
"944","4.23.2017 267 open","Nymph",1
"945","4.23.2017 267 shrub","Cecidomyiidae",1
"946","4.23.2017 267 shrub","Cicadellidae",2
"947","4.23.2017 267 shrub","Coleoptera",11
"948","4.23.2017 267 shrub","Miridae",1
"949","4.23.2017 289 open","Chrysididae",1
"950","4.23.2017 289 open","Cicadellidae",1
"951","4.23.2017 289 open","Coleoptera",8
"952","4.23.2017 289 open","Nymph",1
"953","4.23.2017 289 open","Thysanoptera",1
"954","4.23.2017 289 shrub","Araneae",1
"955","4.23.2017 289 shrub","Bombyliidae",1
"956","4.23.2017 289 shrub","Cicadellidae",3
"957","4.23.2017 289 shrub","Coccinellidae",1
"958","4.23.2017 289 shrub","Coleoptera",3
"959","4.23.2017 289 shrub","Scaeva/Eupeodes",1
"960","4.26.2017 192 open","Asilidae",1
"961","4.26.2017 192 open","Coleoptera",14
"962","4.26.2017 192 open","Diadasia",1
"963","4.26.2017 192 open","Lasioglossum",1
"964","4.26.2017 192 open","Mythicomyiidae",2
"965","4.26.2017 192 shrub","Cecidomyiidae",2
"966","4.26.2017 192 shrub","Cicadellidae",4
"967","4.26.2017 192 shrub","Coleoptera",3
"968","4.26.2017 192 shrub","Crabronidae?",1
"969","4.26.2017 192 shrub","Orthoptera",1
"970","4.26.2017 192 shrub","Pronotacantha annulata",1
"971","4.26.2017 192 shrub","Richardiidae??",1
"972","4.26.2017 192 shrub","Thysanoptera",1
"973","4.26.2017 196 open","Aphididae",1
"974","4.26.2017 196 open","Cicadellidae",1
"975","4.26.2017 196 open","Coleoptera",10
"976","4.26.2017 196 open","parasitic",1
"977","4.26.2017 196 open","Phoridae",1
"978","4.26.2017 196 open","Thysanoptera",1
"979","4.26.2017 196 shrub","Asilidae",1
"980","4.26.2017 196 shrub","Coleoptera",10
"981","4.26.2017 196 shrub","Hymenoptera",1
"982","4.26.2017 196 shrub","parasitic",3
"983","4.26.2017 196 shrub","Tephritidae",1
"984","4.26.2017 264 open","Asilidae",1
"985","4.26.2017 264 open","Bombyliidae",1
"986","4.26.2017 264 open","Cicadellidae",2
"987","4.26.2017 264 open","Coleoptera",5
"988","4.26.2017 264 open","Diptera",1
"989","4.26.2017 264 open","Mythicomyiidae",1
"990","4.26.2017 264 open","Orthoptera",1
"991","4.26.2017 264 open","Osmia",1
"992","4.26.2017 264 open","Thysanoptera",2
"993","4.26.2017 264 shrub","Chrysomelidae",1
"994","4.26.2017 264 shrub","Coleoptera",5
"995","4.26.2017 264 shrub","Diptera",2
"996","4.26.2017 264 shrub","Formicidae",1
"997","4.26.2017 264 shrub","Miridae",1
"998","4.26.2017 264 shrub","Nymph",2
"999","4.26.2017 264 shrub","parasitic",1
"1000","4.26.2017 295 open","Bombyliidae",1
"1001","4.26.2017 295 open","Coleoptera",8
"1002","4.26.2017 295 open","parasitic",1
"1003","4.26.2017 295 open","Phoridae",1
"1004","4.26.2017 295 shrub","Araneae",1
"1005","4.26.2017 295 shrub","Cicadellidae",1
"1006","4.26.2017 295 shrub","Curculionidae",1
"1007","4.26.2017 295 shrub","Miscophus",1
"1008","4.26.2017 295 shrub","Nymph",3
"1009","4.26.2017 295 shrub","parasitic",1
"1010","4.26.2017 295 shrub","Thysanoptera",2
"1011","4.26.2017 298 open","Cicadellidae",2
"1012","4.26.2017 298 open","Coleoptera",5
"1013","4.26.2017 298 open","Mythicomyiidae",1
"1014","4.26.2017 298 open","Nymph",1
"1015","4.26.2017 298 open","Sarcophagidae",1
"1016","4.26.2017 298 open","Tingidae",1
"1017","4.26.2017 298 shrub","Cecidomyiidae",3
"1018","4.26.2017 298 shrub","Coleoptera",9
"1019","4.26.2017 298 shrub","Diptera",1
"1020","4.26.2017 298 shrub","Hemiptera",1
"1021","4.26.2017 298 shrub","parasitic",1
"1022","4.26.2017 298 shrub","Thysanoptera",1
"1023","4.26.2017 301 open","Asilidae",1
"1024","4.26.2017 301 open","Bombyliidae",1
"1025","4.26.2017 301 open","Coleoptera",4
"1026","4.26.2017 301 open","Curculionidae",1
"1027","4.26.2017 301 open","Osmia",1
"1028","4.26.2017 301 open","Therevidae",1
"1029","4.26.2017 301 shrub","Cicadellidae",3
"1030","4.26.2017 301 shrub","Coleoptera",4
"1031","4.26.2017 301 shrub","Mythicomyiidae",1
"1032","4.27.2017 188 open","Bombyliidae",1
"1033","4.27.2017 188 open","Mutillidae",1
"1034","4.27.2017 188 open","Osmia",1
"1035","4.27.2017 188 shrub","Coleoptera",1
"1036","4.27.2017 188 shrub","Formicidae",11
"1037","4.27.2017 262 open","Coleoptera",10
"1038","4.27.2017 262 shrub","Aphididae",1
"1039","4.27.2017 262 shrub","Asilidae",2
"1040","4.27.2017 262 shrub","parasitic",2
"1041","4.27.2017 282 open","Asilidae",1
"1042","4.27.2017 282 open","Coleoptera",5
"1043","4.27.2017 282 open","Diptera",1
"1044","4.27.2017 282 open","Encrytidae",1
"1045","4.27.2017 282 open","parasitic",1
"1046","4.27.2017 282 open","Sarcophagidae",1
"1047","4.27.2017 282 open","Thysanoptera",1
"1048","4.27.2017 282 shrub","Asilidae",1
"1049","4.27.2017 282 shrub","Cecidomyiidae",2
"1050","4.27.2017 282 shrub","Coleoptera",3
"1051","4.27.2017 282 shrub","Formicidae",1
"1052","4.27.2017 293 open","Coleoptera",1
"1053","4.27.2017 293 open","Diptera",1
"1054","4.27.2017 293 shrub","Coleoptera",1
"1055","4.27.2017 293 shrub","Hoplitis",1
"1056","4.27.2017 293 shrub","Sarcophagidae",1
"1057","4.27.2017 294 open","Mutillidae?",1
"1058","4.27.2017 294 shrub","Cecidomyiidae",1
"1059","4.27.2017 294 shrub","Coleoptera",1
"1060","4.27.2017 294 shrub","Miscophus",1
"1061","4.27.2017 294 shrub","Mythicomyiidae",1
"1062","4.27.2017 297 open","Zeroes",0
"1063","4.27.2017 297 shrub","Asilidae",1
"1064","4.27.2017 297 shrub","Diptera",1
"1065","4.29.2017 114 open","Cecidomyiidae",1
"1066","4.29.2017 114 open","Cicadellidae",1
"1067","4.29.2017 114 open","Coleoptera",13
"1068","4.29.2017 114 open","Encyrtidae?",1
"1069","4.29.2017 114 open","Hymenoptera",1
"1070","4.29.2017 114 open","Lasioglossum",1
"1071","4.29.2017 114 open","Mutillidae",1
"1072","4.29.2017 114 open","Phoridae",1
"1073","4.29.2017 114 open","Thysanoptera",1
"1074","4.29.2017 114 shrub","Anthocoridae",1
"1075","4.29.2017 114 shrub","Aphididae",1
"1076","4.29.2017 114 shrub","Cecidomyiidae",1
"1077","4.29.2017 114 shrub","Cicadellidae",1
"1078","4.29.2017 114 shrub","Coleoptera",10
"1079","4.29.2017 114 shrub","Formicidae",2
"1080","4.29.2017 114 shrub","Nymph",3
"1081","4.29.2017 114 shrub","Orthoptera",1
"1082","4.29.2017 190 open","Cecidomyiidae",1
"1083","4.29.2017 190 open","Coleoptera",2
"1084","4.29.2017 190 open","Crabronidae",1
"1085","4.29.2017 190 open","Formicidae",1
"1086","4.29.2017 190 open","Geocoridae",1
"1087","4.29.2017 190 open","Miridae",1
"1088","4.29.2017 190 open","Nymph",2
"1089","4.29.2017 190 open","Solifugae",1
"1090","4.29.2017 190 open","Thysanoptera",2
"1091","4.29.2017 190 shrub","Asilidae",1
"1092","4.29.2017 190 shrub","Chalcidoidea",1
"1093","4.29.2017 190 shrub","Coleoptera",2
"1094","4.29.2017 190 shrub","Diptera",1
"1095","4.29.2017 190 shrub","Formicidae",3
"1096","4.29.2017 190 shrub","Hesperapis?",1
"1097","4.29.2017 190 shrub","Miscophus",1
"1098","4.29.2017 190 shrub","Mythicomyiidae",1
"1099","4.29.2017 190 shrub","Nymph",2
"1100","4.29.2017 190 shrub","Tachinidae",1
"1101","4.29.2017 190 shrub","Thysanoptera",1
"1102","4.29.2017 190 shrub","Usiinae",1
"1103","4.29.2017 269 open","Chalcidoidea",1
"1104","4.29.2017 269 open","Coleoptera",3
"1105","4.29.2017 269 open","Crabronidae",1
"1106","4.29.2017 269 open","Nymph",2
"1107","4.29.2017 269 shrub","Asilidae",1
"1108","4.29.2017 269 shrub","Calypterate",1
"1109","4.29.2017 269 shrub","Cecidomyiidae",1
"1110","4.29.2017 269 shrub","Chalcidoidea",1
"1111","4.29.2017 269 shrub","Cicadellidae",1
"1112","4.29.2017 269 shrub","Diadasia",1
"1113","4.29.2017 269 shrub","Lasioglossum",1
"1114","4.29.2017 269 shrub","Mythicomyiidae",1
"1115","4.29.2017 269 shrub","Phoridae",2
"1116","4.29.2017 269 shrub","Sarcophagidae",1
"1117","4.29.2017 269 shrub","Thysanoptera",2
"1118","4.29.2017 270 open","Cicadellidae",1
"1119","4.29.2017 270 open","Coleoptera",8
"1120","4.29.2017 270 open","Sarcophagidae",1
"1121","4.29.2017 270 open","Tachinidae",1
"1122","4.29.2017 270 shrub","Andrena?",1
"1123","4.29.2017 270 shrub","Chalcidoidea",2
"1124","4.29.2017 270 shrub","Coleoptera",5
"1125","4.29.2017 270 shrub","Diptera",2
"1126","4.29.2017 270 shrub","Nymph",2
"1127","4.29.2017 270 shrub","Sarcophagidae",1
"1128","4.29.2017 286 open","Coleoptera",3
"1129","4.29.2017 286 open","Formicidae",1
"1130","4.29.2017 286 open","Mutillidae",2
"1131","4.29.2017 286 open","Phoridae",1
"1132","4.29.2017 286 open","Sarcophagidae",1
"1133","4.29.2017 286 shrub","Cicadellidae",1
"1134","4.29.2017 286 shrub","Coleoptera",2
"1135","4.29.2017 286 shrub","Diptera",1
"1136","4.29.2017 286 shrub","Formicidae",1
"1137","4.29.2017 286 shrub","Mythicomyiidae",1
"1138","4.29.2017 286 shrub","Nymph",3
"1139","4.29.2017 286 shrub","Pale grey, yellow veins",1
"1140","4.29.2017 288 open","Coleoptera",1
"1141","4.29.2017 288 open","Formicidae",2
"1142","4.29.2017 288 shrub","Asilidae",2
"1143","4.29.2017 288 shrub","Cicadellidae",2
"1144","4.29.2017 288 shrub","Coleoptera",3
"1145","4.29.2017 288 shrub","Eucera",1
"1146","4.29.2017 288 shrub","Formicidae",2
"1147","4.29.2017 288 shrub","Lasioglossum",2
"1148","4.29.2017 288 shrub","Megachile",1
"1149","4.29.2017 288 shrub","Miridae",1
"1150","4.29.2017 288 shrub","Miscophus",1
"1151","4.29.2017 288 shrub","Orthoptera",1
"1152","4.29.2017 288 shrub","wasp",1
"1153","4.30.2017 104 open","Asilidae",1
"1154","4.30.2017 104 open","Cicadellidae",2
"1155","4.30.2017 104 open","Coleoptera",7
"1156","4.30.2017 104 open","Crabronidae",1
"1157","4.30.2017 104 open","Hymenoptera",2
"1158","4.30.2017 104 open","Mutillidae",1
"1159","4.30.2017 104 open","Nymph",3
"1160","4.30.2017 104 open","Thysanoptera",2
"1161","4.30.2017 104 shrub","Asilidae",1
"1162","4.30.2017 104 shrub","Cercopidae",1
"1163","4.30.2017 104 shrub","Chalcidoidea",3
"1164","4.30.2017 104 shrub","Coleoptera",3
"1165","4.30.2017 104 shrub","Nymph",1
"1166","4.30.2017 181 open","Araneae",1
"1167","4.30.2017 181 open","Cicadellidae",2
"1168","4.30.2017 181 open","Coccinellidae",1
"1169","4.30.2017 181 open","Coleoptera",4
"1170","4.30.2017 181 open","Eucera",1
"1171","4.30.2017 181 open","Geocoridae",2
"1172","4.30.2017 181 open","Nymph",1
"1173","4.30.2017 181 shrub","Cecidomyiidae",1
"1174","4.30.2017 181 shrub","Cicadellidae",3
"1175","4.30.2017 181 shrub","Coleoptera",2
"1176","4.30.2017 181 shrub","Eulophidae ",1
"1177","4.30.2017 181 shrub","Formicidae",11
"1178","4.30.2017 181 shrub","Harpactorinae",1
"1179","4.30.2017 186 open","Cicadellidae",5
"1180","4.30.2017 186 open","Coleoptera",9
"1181","4.30.2017 186 open","Mythicomyiidae",1
"1182","4.30.2017 186 open","parasitic",1
"1183","4.30.2017 186 open","Pronotacantha annulata",2
"1184","4.30.2017 186 open","Rhopalidae/Lygaeidae",1
"1185","4.30.2017 186 open","Thysanoptera",2
"1186","4.30.2017 186 shrub","Coleoptera",20
"1187","4.30.2017 186 shrub","Crabronidae",1
"1188","4.30.2017 186 shrub","Miridae",1
"1189","4.30.2017 186 shrub","Pentamoidae",1
"1190","4.30.2017 186 shrub","Signiphoridae",1
"1191","4.30.2017 186 shrub","Thysanoptera",2
"1192","4.30.2017 265 open","Berytidae",1
"1193","4.30.2017 265 open","Cicadellidae",1
"1194","4.30.2017 265 open","Coleoptera",6
"1195","4.30.2017 265 open","Lasioglossum",1
"1196","4.30.2017 265 open","Miridae",2
"1197","4.30.2017 265 open","Nymph",3
"1198","4.30.2017 265 open","Sphecidae",1
"1199","4.30.2017 265 shrub","Bombyliidae",1
"1200","4.30.2017 265 shrub","Cicadellidae",1
"1201","4.30.2017 265 shrub","Coleoptera",5
"1202","4.30.2017 265 shrub","Formicidae",1
"1203","4.30.2017 265 shrub","Lasioglossum",1
"1204","4.30.2017 265 shrub","Miridae",1
"1205","4.30.2017 265 shrub","Pipunculidae",1
"1206","4.30.2017 268 open","Asilidae",1
"1207","4.30.2017 268 open","Bombyliidae",3
"1208","4.30.2017 268 open","Cicadellidae",1
"1209","4.30.2017 268 open","Coleoptera",9
"1210","4.30.2017 268 open","Lasioglossum",1
"1211","4.30.2017 268 open","parasitic",1
"1212","4.30.2017 268 open","Pipunculidae",1
"1213","4.30.2017 268 shrub","Araneae",1
"1214","4.30.2017 268 shrub","Asilidae",1
"1215","4.30.2017 268 shrub","Coleoptera",14
"1216","4.30.2017 268 shrub","Eurytomidae ",1
"1217","4.30.2017 268 shrub","Harpactorinae",1
"1218","4.30.2017 268 shrub","Pentamoidae",1
"1219","4.30.2017 268 shrub","Pipunculidae",1
"1220","4.30.2017 268 shrub","Thysanoptera",1
"1221","4.30.2017 272 open","Berytidae",1
"1222","4.30.2017 272 open","Cicadellidae",3
"1223","4.30.2017 272 open","Coleoptera",5
"1224","4.30.2017 272 open","Crabronidae",1
"1225","4.30.2017 272 open","Lasioglossum",1
"1226","4.30.2017 272 open","Nymph",2
"1227","4.30.2017 272 open","Thysanoptera",2
"1228","4.30.2017 272 shrub","Coleoptera",4
"1229","4.30.2017 272 shrub","Crabronidae",1
"1230","4.30.2017 272 shrub","Nymph",1
"1231","5.1.2017 184 open","Coleoptera",6
"1232","5.1.2017 184 shrub","Coleoptera",3
"1233","5.1.2017 184 shrub","Formicidae",1
"1234","5.1.2017 184 shrub","Nymph",1
"1235","5.1.2017 191 open","Cecidomyiidae",1
"1236","5.1.2017 191 open","Coleoptera",4
"1237","5.1.2017 191 shrub","Coleoptera",4
"1238","5.1.2017 191 shrub","Solifugae",1
"1239","5.1.2017 199 open","Asilidae",1
"1240","5.1.2017 199 open","Coleoptera",10
"1241","5.1.2017 199 open","Formicidae",1
"1242","5.1.2017 199 open","Nymph",2
"1243","5.1.2017 199 open","Solifugae",1
"1244","5.1.2017 199 shrub","Coleoptera",5
"1245","5.1.2017 271 open","Coleoptera",4
"1246","5.1.2017 271 open","or caddisfly??",1
"1247","5.1.2017 271 open","Phoridae?",1
"1248","5.1.2017 271 shrub","Asilidae",1
"1249","5.1.2017 271 shrub","Coleoptera",3
"1250","5.1.2017 271 shrub","Crabronidae",2
"1251","5.1.2017 278 open","Coleoptera",2
"1252","5.1.2017 278 shrub","Coleoptera",2
"1253","5.1.2017 296 open","Asilidae",1
"1254","5.1.2017 296 shrub","Coleoptera",2
"1255","5.3.2017 183 open","bethylidae?",1
"1256","5.3.2017 183 open","Coleoptera",1
"1257","5.3.2017 183 open","Nymph",1
"1258","5.3.2017 183 open","Osmia",1
"1259","5.3.2017 183 shrub","Coleoptera",2
"1260","5.3.2017 183 shrub","Lonchaeidae?",1
"1261","5.3.2017 183 shrub","Lygaeoidea",1
"1262","5.3.2017 187 open","Coleoptera",7
"1263","5.3.2017 187 open","Crabronidae",1
"1264","5.3.2017 187 open","Papilionidae",1
"1265","5.3.2017 187 shrub","Asilidae",1
"1266","5.3.2017 187 shrub","Cicadellidae",2
"1267","5.3.2017 187 shrub","Coleoptera",2
"1268","5.3.2017 187 shrub","Diadasia?",1
"1269","5.3.2017 187 shrub","Eucera",1
"1270","5.3.2017 187 shrub","Formicidae",2
"1271","5.3.2017 187 shrub","Harpactorinae",1
"1272","5.3.2017 187 shrub","Lonchaeidae?",2
"1273","5.3.2017 263 open","Acalypterate",1
"1274","5.3.2017 263 open","Asilidae",4
"1275","5.3.2017 263 open","bethylidae?",1
"1276","5.3.2017 263 open","Cecidomyiidae",1
"1277","5.3.2017 263 open","Cicadellidae",2
"1278","5.3.2017 263 open","Coleoptera",6
"1279","5.3.2017 263 open","Eucera",2
"1280","5.3.2017 263 open","Lygaeoidea",1
"1281","5.3.2017 263 open","Mellisodes",1
"1282","5.3.2017 263 shrub","Coleoptera",2
"1283","5.3.2017 263 shrub","Hymenoptera",1
"1284","5.3.2017 263 shrub","Muscidae?",1
"1285","5.3.2017 263 shrub","Nymph",4
"1286","5.3.2017 263 shrub","Pompilidae",1
"1287","5.3.2017 263 shrub","Sarcophagidae",2
"1288","5.3.2017 263 shrub","Trichogrammatidae",1
"1289","5.3.2017 274 open","Ashmeadiella",1
"1290","5.3.2017 274 open","Bethylidae",1
"1291","5.3.2017 274 open","Cicadellidae",1
"1292","5.3.2017 274 open","Coleoptera",3
"1293","5.3.2017 274 open","Eucera",1
"1294","5.3.2017 274 open","Hymenoptera",1
"1295","5.3.2017 274 open","Lonchaeidae?",1
"1296","5.3.2017 274 open","Lygaeoidea",1
"1297","5.3.2017 274 open","Mythicomyiidae",2
"1298","5.3.2017 274 shrub","Anthidium",1
"1299","5.3.2017 274 shrub","bethylidae?",1
"1300","5.3.2017 274 shrub","Cicadellidae",2
"1301","5.3.2017 274 shrub","Coleoptera",5
"1302","5.3.2017 274 shrub","Crabronidae",1
"1303","5.3.2017 274 shrub","Nymph",1
"1304","5.3.2017 285 open","Cicadellidae",2
"1305","5.3.2017 285 open","Coleoptera",3
"1306","5.3.2017 285 open","Geocoridae",1
"1307","5.3.2017 285 open","Lasioglossum",1
"1308","5.3.2017 285 open","Lonchaeidae?",1
"1309","5.3.2017 285 open","Lygaeoidea",2
"1310","5.3.2017 285 open","Nymph",1
"1311","5.3.2017 285 shrub","amazing squattie",1
"1312","5.3.2017 285 shrub","Andrena?",1
"1313","5.3.2017 285 shrub","Bethylidae",1
"1314","5.3.2017 285 shrub","bethylidae?",1
"1315","5.3.2017 285 shrub","Bombyliidae",1
"1316","5.3.2017 285 shrub","Chalcidoidea",2
"1317","5.3.2017 285 shrub","Chyromyidae",1
"1318","5.3.2017 285 shrub","Chyromyidae?",1
"1319","5.3.2017 285 shrub","Cicadellidae",8
"1320","5.3.2017 285 shrub","Coleoptera",6
"1321","5.3.2017 285 shrub","destroyed",1
"1322","5.3.2017 285 shrub","Eucera",2
"1323","5.3.2017 285 shrub","Platygastridae",1
"1324","5.3.2017 285 shrub","Pronotacantha annulata",2
"1325","5.3.2017 290 open","Asilidae",1
"1326","5.3.2017 290 open","bethylidae?",1
"1327","5.3.2017 290 open","Calypterate",1
"1328","5.3.2017 290 open","Coleoptera",2
"1329","5.3.2017 290 open","Diptera",1
"1330","5.3.2017 290 open","Halictus",1
"1331","5.3.2017 290 open","Miridae",1
"1332","5.3.2017 290 shrub","Chalcidoidea",1
"1333","5.3.2017 290 shrub","Crabronidae",1
"1334","5.3.2017 290 shrub","Nymph",1
"1335","5.4.2017 198 open","Asilidae",1
"1336","5.4.2017 198 open","bethylidae?",1
"1337","5.4.2017 198 open","Cicadellidae",3
"1338","5.4.2017 198 open","Coleoptera",4
"1339","5.4.2017 198 open","Crabronidae",2
"1340","5.4.2017 198 open","Lygaeoidea",1
"1341","5.4.2017 198 open","Mythicomyiidae",2
"1342","5.4.2017 198 open","Nymph",1
"1343","5.4.2017 198 shrub","Asilidae",2
"1344","5.4.2017 198 shrub","Chrysididae",1
"1345","5.4.2017 198 shrub","Eucera",1
"1346","5.4.2017 198 shrub","Hemiptera",1
"1347","5.4.2017 198 shrub","Lasioglossum",1
"1348","5.4.2017 198 shrub","Nymph",1
"1349","5.4.2017 198 shrub","Pompilidae",1
"1350","5.4.2017 261 open","Apis mellifera",1
"1351","5.4.2017 261 open","Bombyliidae",1
"1352","5.4.2017 261 open","Cicadellidae",1
"1353","5.4.2017 261 open","Coleoptera",6
"1354","5.4.2017 261 open","Geocoridae",1
"1355","5.4.2017 261 open","Lasioglossum",2
"1356","5.4.2017 261 open","Nymph",1
"1357","5.4.2017 261 shrub","Anthidium",1
"1358","5.4.2017 261 shrub","Chalcidoidea",1
"1359","5.4.2017 261 shrub","Coleoptera",2
"1360","5.4.2017 261 shrub","Crabronidae",1
"1361","5.4.2017 261 shrub","Elateridae??",1
"1362","5.4.2017 261 shrub","Eucera",1
"1363","5.4.2017 261 shrub","Geocoridae?",1
"1364","5.4.2017 261 shrub","Hemiptera",1
"1365","5.4.2017 261 shrub","Hymenoptera",2
"1366","5.4.2017 261 shrub","Osmia",1
"1367","5.4.2017 273 open","Asilidae",1
"1368","5.4.2017 273 open","bethylidae?",1
"1369","5.4.2017 273 open","Coleoptera",6
"1370","5.4.2017 273 open","Eucera",1
"1371","5.4.2017 273 open","Lasioglossum",2
"1372","5.4.2017 273 open","Lygaeoidea",1
"1373","5.4.2017 273 shrub","bethylidae?",1
"1374","5.4.2017 273 shrub","Bombyliidae",1
"1375","5.4.2017 273 shrub","Coleoptera",4
"1376","5.4.2017 273 shrub","Crabronidae",1
"1377","5.4.2017 273 shrub","Eurytomidae??",1
"1378","5.4.2017 273 shrub","Hemiptera",1
"1379","5.4.2017 273 shrub","Pompilidae",1
"1380","5.4.2017 273 shrub","Trichogrammatidae",1
"1381","5.4.2017 280 open","Cicadellidae",2
"1382","5.4.2017 280 open","Coleoptera",7
"1383","5.4.2017 280 open","Crabronidae",1
"1384","5.4.2017 280 open","Eucera",1
"1385","5.4.2017 280 open","Harpactorinae",1
"1386","5.4.2017 280 open","Hemiptera",2
"1387","5.4.2017 280 open","Pompilidae",1
"1388","5.4.2017 280 shrub","Anthidium",1
"1389","5.4.2017 280 shrub","Bombyliidae",1
"1390","5.4.2017 280 shrub","Calypterate",1
"1391","5.4.2017 280 shrub","Chalcidoidea",1
"1392","5.4.2017 280 shrub","Cicadellidae",1
"1393","5.4.2017 280 shrub","Coleoptera",4
"1394","5.4.2017 280 shrub","Hemiptera",1
"1395","5.4.2017 280 shrub","Nymph",1
"1396","5.4.2017 280 shrub","Pompilidae",1
"1397","5.4.2017 280 shrub","Torymidae",1
"1398","5.4.2017 283 open","Asilidae",2
"1399","5.4.2017 283 open","Coleoptera",4
"1400","5.4.2017 283 open","Crabronidae",2
"1401","5.4.2017 283 open","Diptera",1
"1402","5.4.2017 283 open","Nymph",2
"1403","5.4.2017 283 shrub","Apidae",1
"1404","5.4.2017 283 shrub","Asilidae",1
"1405","5.4.2017 283 shrub","Cicadellidae",1
"1406","5.4.2017 283 shrub","Coleoptera",4
"1407","5.4.2017 283 shrub","Harmostes",1
"1408","5.4.2017 283 shrub","Lygaeoidea",2
"1409","5.4.2017 283 shrub","Nymph",3
"1410","5.4.2017 283 shrub","Orthoptera",1
"1411","5.4.2017 283 shrub","Pipunculidae",2
"1412","5.4.2017 283 shrub","Sarcophagidae",1
"1413","5.4.2017 291 open","Asilidae",2
"1414","5.4.2017 291 open","Coleoptera",1
"1415","5.4.2017 291 open","Hemiptera",1
"1416","5.4.2017 291 open","Lasioglossum",1
"1417","5.4.2017 291 open","Nymph",1
"1418","5.4.2017 291 shrub","Aphididae",1
"1419","5.4.2017 291 shrub","Apidae",1
"1420","5.4.2017 291 shrub","Chalcidoidea",1
"1421","5.4.2017 291 shrub","Crabronidae",1
"1422","5.4.2017 291 shrub","Crabronidae?",1
"1423","5.4.2017 291 shrub","Geocoridae",1
"1424","5.4.2017 291 shrub","Miridae",1
"1425","5.4.2017 291 shrub","Nymph",4
"1426","5.4.2017 291 shrub","Sarcophagidae",1
"1427","5.5.2017 185 open","Adeloidea",1
"1428","5.5.2017 185 open","Cercopidae",1
"1429","5.5.2017 185 open","Cicadellidae",1
"1430","5.5.2017 185 open","Coleoptera",3
"1431","5.5.2017 185 open","Crabronidae",1
"1432","5.5.2017 185 open","Diadasia",1
"1433","5.5.2017 185 open","Diptera",1
"1434","5.5.2017 185 open","Eucera",1
"1435","5.5.2017 185 open","Formicidae",1
"1436","5.5.2017 185 open","Geocoridae",1
"1437","5.5.2017 185 open","Lygaeoidea",2
"1438","5.5.2017 185 open","Mythicomyiidae",1
"1439","5.5.2017 185 shrub","Bombyliidae",1
"1440","5.5.2017 185 shrub","Cecidomyiidae",1
"1441","5.5.2017 185 shrub","Chrysididae",1
"1442","5.5.2017 185 shrub","Coleoptera",4
"1443","5.5.2017 185 shrub","Diadasia",1
"1444","5.5.2017 185 shrub","Orthoptera",1
"1445","5.5.2017 185 shrub","Torymidae",1
"1446","5.5.2017 193 open","Araneae",1
"1447","5.5.2017 193 open","Asilidae",2
"1448","5.5.2017 193 open","bethylidae?",1
"1449","5.5.2017 193 open","Calypterate",1
"1450","5.5.2017 193 open","Cecidomyiidae",1
"1451","5.5.2017 193 open","Coleoptera",9
"1452","5.5.2017 193 open","Crabronidae",1
"1453","5.5.2017 193 open","Eucera",2
"1454","5.5.2017 193 open","Formicidae",1
"1455","5.5.2017 193 open","Geocoridae",1
"1456","5.5.2017 193 shrub","Asilidae",2
"1457","5.5.2017 193 shrub","Bombyliidae",1
"1458","5.5.2017 193 shrub","Chalcidoidea",2
"1459","5.5.2017 193 shrub","Hymenoptera",1
"1460","5.5.2017 193 shrub","Lasioglossum",1
"1461","5.5.2017 193 shrub","Microcoryphia?",1
"1462","5.5.2017 193 shrub","Perdita",1
"1463","5.5.2017 193 shrub","Pronotacantha annulata",1
"1464","5.5.2017 193 shrub","Sarcophagidae",1
"1465","5.5.2017 281 open","Asilidae",2
"1466","5.5.2017 281 open","Coleoptera",3
"1467","5.5.2017 281 shrub","Ashmeadiella",1
"1468","5.5.2017 281 shrub","Cicadellidae",1
"1469","5.5.2017 281 shrub","Crabronidae",2
"1470","5.5.2017 281 shrub","Mythicomyiidae",1
"1471","5.5.2017 281 shrub","Nymph",1
"1472","5.5.2017 300 open","Asilidae",1
"1473","5.5.2017 300 open","Bombyliidae",1
"1474","5.5.2017 300 open","Chalcidoidea",1
"1475","5.5.2017 300 open","Cicadellidae",1
"1476","5.5.2017 300 open","Coleoptera",1
"1477","5.5.2017 300 open","Megachilidae",1
"1478","5.5.2017 300 shrub","Apidae",1
"1479","5.5.2017 300 shrub","Chrysididae",1
"1480","5.5.2017 300 shrub","Cicadellidae",1
"1481","5.5.2017 300 shrub","Vespidae",1
"1482","5.5.2017 302 open","Apidae",1
"1483","5.5.2017 302 open","Araneae",1
"1484","5.5.2017 302 open","Bombyliidae",2
"1485","5.5.2017 302 open","Chrysididae",1
"1486","5.5.2017 302 open","Cicadellidae",1
"1487","5.5.2017 302 open","Coleoptera",4
"1488","5.5.2017 302 open","Harpactorinae",2
"1489","5.5.2017 302 open","Lasioglossum",1
"1490","5.5.2017 302 open","Nymph",4
"1491","5.5.2017 302 shrub","Asilidae",2
"1492","5.5.2017 302 shrub","Cecidomyiidae",1
"1493","5.5.2017 302 shrub","Chalcidoidea",2
"1494","5.5.2017 302 shrub","Coleoptera",1
"1495","5.5.2017 302 shrub","Crabronidae",1
"1496","5.5.2017 302 shrub","Lasioglossum",1
"1497","5.5.2017 302 shrub","Lygaeoidea",1
"1498","5.5.2017 302 shrub","Microcoryphia?",1
"1499","5.5.2017 302 shrub","Nymph",2
"1500","5.5.2017 302 shrub","Thysanoptera",1
"1501","5.5.2017 303 open","Andrenidae",1
"1502","5.5.2017 303 open","Asilidae",2
"1503","5.5.2017 303 open","bethylidae?",1
"1504","5.5.2017 303 open","Coleoptera",1
"1505","5.5.2017 303 open","Crabronidae",2
"1506","5.5.2017 303 open","Diptera",1
"1507","5.5.2017 303 open","Lygaeoidea",1
"1508","5.5.2017 303 open","Mythicomyiidae",2
"1509","5.5.2017 303 open","Orthoptera",1
"1510","5.5.2017 303 open","Sarcophagidae",1
"1511","5.5.2017 303 shrub","Anthocoridae",1
"1512","5.5.2017 303 shrub","Apocrita",1
"1513","5.5.2017 303 shrub","Cicadellidae",2
"1514","5.5.2017 303 shrub","Coleoptera",3
"1515","5.5.2017 303 shrub","Crabronidae",3
"1516","5.5.2017 303 shrub","Formicidae",1
"1517","5.5.2017 303 shrub","Lasioglossum",1
"1518","5.5.2017 303 shrub","Miridae",1
"1519","5.5.2017 303 shrub","Mythicomyiidae",2
"1520","5.5.2017 303 shrub","Platygastridae",1
