,plant.id,date,time.start,duration..min.,s.species,pre.post,visitor.rtu,behaviour,touch plant,part.used,visitor.description,voucher.
1,262,4.11.2017,13:58,15,larrea,pre,syrphid,touchdown,Y,branch,yellow and black,
2,262,4.11.2017,13:58,15,larrea,pre,syrphid,touchdown,Y,branch,,
3,262,4.11.2017,13:58,15,larrea,pre,fly,landing,Y,branch,,
4,262,4.11.2017,13:58,15,larrea,pre,syrphid,touchdown,Y,,,
5,262,4.11.2017,13:58,15,larrea,pre,syrphid,touchdown,Y,,,
6,262,4.11.2017,13:58,15,larrea,pre,ladybeetle,,N,understory.ground,,
7,275,4.11.2017,14:15,15,larrea,pre,syrphid,hover,N,branch,,
8,275,4.11.2017,14:15,15,larrea,pre,syrphid,landing,Y,branch,,
9,275,4.11.2017,14:15,15,larrea,pre,syrphid,hover then land,Y,branch,,
10,275,4.11.2017,14:15,15,larrea,pre,syrphid,fly near,N,branch,,
11,275,4.11.2017,14:15,15,larrea,pre,syrphid,fly near,N,branch,,
12,275,4.11.2017,14:15,15,larrea,pre,syrphid,fly near,N,branch,,
13,275,4.11.2017,14:15,15,larrea,pre,ladybeetle,landing,Y,branch,,
14,275,4.11.2017,14:15,15,larrea,pre,ladybeetle,,Y,branch,,
15,275,4.11.2017,14:15,15,larrea,pre,unknown,fly near,N,branch,,
16,289,4.11.2017,14:31,15,larrea,pre,lepidoptera,fly near,N,understory,orange,
17,289,4.11.2017,14:31,15,larrea,pre,apis.mellifera,fly near,N,,,
18,289,4.11.2017,14:31,15,larrea,pre,syrphid,landing,N,understory,landed on crypt.,
19,289,4.11.2017,14:31,15,larrea,pre,syrphid,landing,N,understory,grass,
20,289,4.11.2017,14:31,15,larrea,pre,syrphid,fly near,Y,branch,,
21,289,4.11.2017,14:31,15,larrea,pre,syrphid,landing,N,understory,cyrpt,
22,289,4.11.2017,14:31,15,larrea,pre,syrphid,landing,Y,branch,,
23,289,4.11.2017,14:31,15,larrea,pre,syrphid,fly near,N,branch,,
24,289,4.11.2017,14:31,15,larrea,pre,bombus,landing,N,understory,amsinckia,
25,289,4.11.2017,14:31,15,larrea,pre,apis.mellifera,fly near,N,branch,,
26,191,4.11.2017,14:48,15,larrea,pre,ladybeetle,landing,N,understory,yellow flower,
27,191,4.11.2017,14:48,15,larrea,pre,fly,fly near,N,branch,small,
28,191,4.11.2017,14:48,15,larrea,pre,ladybeetle,landing,N,understory,yellow annual,
29,191,4.11.2017,14:48,15,larrea,pre,unknown,fly near,N,branch,,
30,191,4.11.2017,14:48,15,larrea,pre,syrphid,fly near,N,branch,,
31,191,4.11.2017,14:48,15,larrea,pre,fly,fly near,N,branch,tiny,
32,191,4.11.2017,14:48,15,larrea,pre,apis.mellifera,landing,N,understory,amsinckia,
33,263,4.12.2017,15:30,15,larrea,pre,syrphid,fly near,N,branch,,
34,263,4.12.2017,15:30,15,larrea,pre,wasp,landing,Y,branch,"red abdomen, thread-waisted, black thorax",
35,272,4.12.2017,15:59,15,larrea,pre,syrphid,fly near,N,branch,,
36,272,4.12.2017,15:59,15,larrea,pre,syrphid,fly near,N,branch,,
37,272,4.12.2017,15:59,15,larrea,pre,fly,fly near,N,understory,tiny,
38,272,4.12.2017,15:59,15,larrea,pre,acari,crawling,Y,branch,red spider mite,
39,272,4.12.2017,15:59,15,larrea,pre,fly,fly near,N,branch,,
40,272,4.12.2017,15:59,15,larrea,pre,fly,landing,Y,branch,"tiny, black/red",
41,272,4.12.2017,15:59,15,larrea,pre,ladybeetle,landing,Y,branch,,
42,189,4.12.2017,16:24,15,larrea,pre,fly,landing,Y,branch,tiny,
43,189,4.12.2017,16:24,15,larrea,pre,fly,landing,Y,branch,tiny,
44,293,4.12.2017,16:46,15,larrea,pre,fly,fly near,N,branch,tiny,
45,293,4.12.2017,16:46,15,larrea,pre,fly,fly near,N,branch,tiny,
46,293,4.12.2017,16:46,15,larrea,pre,fly,landing,Y,branch,gnat,
47,293,4.12.2017,16:46,15,larrea,pre,muscoid,fly near,N,branch,,
48,300,4.13.2017,13:43,15,larrea,pre,syrphid,fly near,N,branch,,
49,300,4.13.2017,13:43,15,larrea,pre,syrphid,fly near,N,branch,,
50,300,4.13.2017,13:43,15,larrea,pre,syrphid,fly near,N,branch,,
51,199,4.13.2017,14:03,15,larrea,pre,ladybeetle,fly near,N,branch,,
52,199,4.13.2017,14:03,15,larrea,pre,fly,fly near,N,branch,tiny,
53,199,4.13.2017,14:03,15,larrea,pre,hemiptera,landing,Y,branch,"unknown, green",
54,199,4.13.2017,14:03,15,larrea,pre,syrphid,fly near,N,branch,inspecting for 15s,
55,199,4.13.2017,14:03,15,larrea,pre,apis.mellifera,landing,N,understory,amsinckia,
56,192,4.13.2017,14:31,15,larrea,pre,syrphid,fly near,N,branch,,
57,192,4.13.2017,14:31,15,larrea,pre,fly,landing,Y,branch,tiny,
58,192,4.13.2017,14:31,15,larrea,pre,fly,fly near,N,branch,tiny,
59,192,4.13.2017,14:31,15,larrea,pre,fly,fly near,N,branch,tiny,
60,192,4.13.2017,14:31,15,larrea,pre,muscoid,landing,Y,branch,"red eye, black stripes",
61,192,4.13.2017,14:31,15,larrea,pre,ladybeetle,landing,Y,branch,,
62,192,4.13.2017,14:31,15,larrea,pre,syrphid,fly near,N,understory,,
63,192,4.13.2017,14:31,15,larrea,pre,apis.mellifera,fly near,N,understory,,
64,186,4.13.2017,15:02,15,larrea,pre,apis.mellifera,landing,N,understory,amsinckia,
65,186,4.13.2017,15:02,15,larrea,pre,apis.mellifera,landing,N,understory,amsinckia,
66,186,4.13.2017,15:02,15,larrea,pre,syrphid,landing,Y,branch,,
67,186,4.13.2017,15:02,15,larrea,pre,nomada,fly near,N,understory,amsinckia,
68,186,4.13.2017,15:02,15,larrea,pre,ladybeetle,landing,Y,branch,,
69,282,4.15.2017,15:32,15,larrea,pre,syrphid,fly near,N,branch,,
70,282,4.15.2017,15:32,15,larrea,pre,fly,fly near,N,branch,tiny,
71,282,4.15.2017,15:32,15,larrea,pre,acari,crawling,Y,branch,red spider mite,
72,282,4.15.2017,15:32,15,larrea,pre,muscoid,landing,Y,branch,,
73,282,4.15.2017,15:32,15,larrea,pre,muscoid,landing,Y,branch,,
74,282,4.15.2017,15:32,15,larrea,pre,syrphid,fly near,N,branch,inspecting branche and understory annuals,
75,282,4.15.2017,15:32,15,larrea,pre,syrphid,fly near,N,branch,inspecting,
76,294,4.15.2017,15:59,15,larrea,pre,muscoid,landing,Y,branch,,
77,294,4.15.2017,15:59,15,larrea,pre,apis.mellifera,landing,N,understory,amsinckia,
78,294,4.15.2017,15:59,15,larrea,pre,solitary.bee,landing,Y,branch,"looks similar to one from buckhorn earlier, black and grey. Medium. Looks halictidae",
79,295,4.15.2017,14:19,15,larrea,pre,ladybeetle,fly near,N,branch,,
80,295,4.15.2017,14:19,15,larrea,pre,syrphid,fly near,N,branch,inspecting buds,
81,295,4.15.2017,14:19,15,larrea,pre,syrphid,fly near,N,branch,inspecting buds,
82,299,4.15.2017,16:41,15,larrea,pre,ladybeetle,fly near,N,branch,,
83,299,4.15.2017,16:41,15,larrea,pre,fly,,Y,branch,tiny,
84,299,4.15.2017,16:41,15,larrea,pre,fly,landing,Y,branch,small,
85,299,4.15.2017,16:41,15,larrea,pre,fly,fly near,N,branch,tiny,
86,299,4.15.2017,16:41,15,larrea,pre,fly,fly near,N,branch,tiny,
87,264,4.16.2017,14:03,15,larrea,pre,wasp,crawling,Y,branch,"tiny, on buds",
88,264,4.16.2017,14:03,15,larrea,pre,ladybeetle,landing,Y,branch,may be asian,
89,264,4.16.2017,14:03,15,larrea,pre,wasp,crawling,Y,branch,"tiny, on buds",
90,264,4.16.2017,14:03,15,larrea,pre,fly,fly near,N,branch,tiny,
91,264,4.16.2017,14:03,15,larrea,pre,syrphid,fly near,N,branch,,
92,264,4.16.2017,14:03,15,larrea,pre,muscoid,landing,Y,branch,shiny,
93,264,4.16.2017,14:03,15,larrea,pre,syrphid,fly near,N,branch,,
94,264,4.16.2017,14:03,15,larrea,pre,syrphid,fly near,N,branch,,
95,276,4.16.2017,14:23,15,larrea,pre,fly,fly near,N,branch,tiny,
96,276,4.16.2017,14:23,15,larrea,pre,fly,fly near,N,branch,tiny,
97,276,4.16.2017,14:23,15,larrea,pre,fly,fly near,N,branch,small,
98,276,4.16.2017,14:23,15,larrea,pre,fly,fly near,N,branch,tiny,
99,276,4.16.2017,14:23,15,larrea,pre,fly,fly near,N,branch,tiny,
100,276,4.16.2017,14:23,15,larrea,pre,wasp,crawling,Y,branch,"parastoid, tiny, on buds",
101,276,4.16.2017,14:23,15,larrea,pre,fly,landing,Y,branch,tiny,
102,276,4.16.2017,14:23,15,larrea,pre,fly,landing,Y,branch,tiny,
103,276,4.16.2017,14:23,15,larrea,pre,fly,landing,Y,branch,tiny,
104,276,4.16.2017,14:23,15,larrea,pre,acari,crawling,Y,branch,,
105,276,4.16.2017,14:23,15,larrea,pre,wasp,crawling,Y,branch,"parastoid, tiny, on buds",
106,276,4.16.2017,14:23,15,larrea,pre,wasp,crawling,Y,branch,"parastoid, tiny, on buds",
107,286,4.16.2017,14:43,15,larrea,pre,fly,fly near,N,branch,tiny,
108,286,4.16.2017,14:43,15,larrea,pre,ant,crawling,Y,branch,,
109,286,4.16.2017,14:43,15,larrea,pre,syrphid,fly near,N,branch,,
110,286,4.16.2017,14:43,15,larrea,pre,fly,fly near,N,branch,,
111,286,4.16.2017,14:43,15,larrea,pre,wasp,crawling,N,understory,"on ground, red and black thread-waisted wasp",
112,291,4.16.2017,15:02,15,larrea,pre,syrphid,landing,Y,branch,,
113,291,4.16.2017,15:02,15,larrea,pre,fly,fly near,N,understory,tiny,
114,291,4.16.2017,15:02,15,larrea,pre,fly,landing,Y,branch,medium,
115,281,4.19.2017,13:37,15,larrea,pre,syrphid,fly near,N,branch,inspecting buds,
116,281,4.19.2017,13:37,15,larrea,pre,fly,fly near,N,branch,tiny,
117,281,4.19.2017,13:37,15,larrea,pre,muscoid,fly near,N,branch,medium,
118,281,4.19.2017,13:37,15,larrea,pre,fly,fly near,N,branch,small,
119,281,4.19.2017,13:37,15,larrea,pre,fly,fly near,N,branch,small,
120,281,4.19.2017,13:37,15,larrea,pre,fly,fly near,N,branch,small,
121,281,4.19.2017,13:37,15,larrea,pre,muscoid,landing,Y,branch,medium,
122,281,4.19.2017,13:37,15,larrea,pre,fly,landing,Y,branch,tiny,
123,281,4.19.2017,13:37,15,larrea,pre,fly,fly near,N,branch,"over buds, tiny",
124,281,4.19.2017,13:37,15,larrea,pre,fly,fly near,N,branch,"over buds, tiny",
125,281,4.19.2017,13:37,15,larrea,pre,fly,fly near,N,branch,"over buds, tiny",
126,281,4.19.2017,13:37,15,larrea,pre,fly,fly near,N,branch,"over buds, tiny",
127,198,4.19.2017,14:06,15,larrea,pre,fly,landing,Y,branch,tiny,
128,198,4.19.2017,14:06,15,larrea,pre,syrphid,fly near,N,branch,"first amsinkia, then larrea buds",
129,198,4.19.2017,14:06,15,larrea,pre,fly,landing,Y,branch,tiny,
130,198,4.19.2017,14:06,15,larrea,pre,wasp,crawling,N,understory,ground,crabronidae
131,198,4.19.2017,14:06,15,larrea,pre,fly,landing,Y,branch,tiny,
132,183,4.19.2017,14:33,15,larrea,pre,wasp,landing,Y,branch,black and red thread waisted wasp,
133,183,4.19.2017,14:33,15,larrea,pre,fly,landing,Y,branch,tiny,
134,183,4.19.2017,14:33,15,larrea,pre,pentamoidae,crawling,Y,branch,same as sample,
135,181,4.19.2017,14:58,15,larrea,pre,hummingbird,perched,Y,branch,,
136,181,4.19.2017,14:58,15,larrea,pre,syrphid,landing,Y,branch,,
137,181,4.19.2017,14:58,15,larrea,pre,wasp,landing,Y,branch,black,
138,181,4.19.2017,14:58,15,larrea,pre,fly,landing,Y,branch,tiny,
139,289,4.22.2017,14:28,15,larrea,post,fly,landing,Y,branch,tiny,
140,289,4.22.2017,14:28,15,larrea,post,fly,landing,Y,branch,tiny,
141,146,4.22.2017,15:07,15,larrea,post,hemiptera,landing,Y,flower,"black and red, similar to boxelder",
142,146,4.22.2017,15:07,15,larrea,post,fly,fly near,N,branch,buds,
143,146,4.22.2017,15:07,15,larrea,post,ant,crawling,Y,flower,old flower,
144,146,4.22.2017,15:07,15,larrea,post,solitary.bee,landing,Y,flower,"medium gray black, hairy stripes",
146,195,4.22.2017,15:43,15,larrea,post,solitary.bee,landing,Y,flower,"small, escaped",
147,new1,4.22.2017,16:05,15,larrea,post,spider,crawling,Y,branch,on bud,
148,new1,4.22.2017,16:05,15,larrea,post,solitary.bee,landing,Y,flower,"medium, gray escaped, fast",
149,new1,4.22.2017,16:05,15,larrea,post,ladybeetle,landing,Y,branch,,
150,new1,4.22.2017,16:05,15,larrea,post,wasp,landing,Y,branch,"black, tiny, parastoid",
151,new1,4.22.2017,16:05,15,larrea,post,wasp,landing,Y,branch,small,
152,new1,4.22.2017,16:05,15,larrea,post,carpenter.bee?,landing,Y,flower,,
153,266,4.22.2017,16:28,15,larrea,post,solitary.bee,fly near,N,flower,"same as others, grey/blac k",
154,266,4.22.2017,16:28,15,larrea,post,muscoid,landing,Y,branch,medium,
155,275,4.23.2017,12:37,15,larrea,post,agapostemon/augochlorella,landing,Y,branch,,
156,275,4.23.2017,12:37,15,larrea,post,lepidoptera,fly near,N,branch,swallowtail,
157,275,4.23.2017,12:37,15,larrea,post,ladybeetle,landing,Y,branch,,
158,275,4.23.2017,12:37,15,larrea,post,fly,landing,Y,flower,tiny,
159,275,4.23.2017,12:37,15,larrea,post,fly,landing,Y,branch,,
160,276,4.23.2017,12:53,15,larrea,post,spider,crawling,Y,branch,"jumping spider, hunting",
161,276,4.23.2017,12:53,15,larrea,post,ladybeetle,landing,Y,branch,,
162,276,4.23.2017,12:53,15,larrea,post,fly,landing,Y,branch,small,
163,276,4.23.2017,12:53,15,larrea,post,solitary.bee,landing,Y,flower,"gray/black, same",
164,180,4.23.2017,13:11,15,larrea,post,centris,landing,Y,flower,,
165,180,4.23.2017,13:11,15,larrea,post,solitary.bee,landing,Y,flower,"gray/black, same",
166,180,4.23.2017,13:11,15,larrea,post,ladybeetle,landing,Y,branch,,
167,180,4.23.2017,13:11,15,larrea,post,solitary.bee,landing,Y,flower,"gray/black, same",
168,182,4.23.2017,13:29,15,larrea,post,muscoid,landing,Y,branch,large,
169,182,4.23.2017,13:29,15,larrea,post,pentamoidae,landing,Y,branch,"green, same",
170,194,4.23.2017,13:46,15,larrea,post,bee,,N,understory,,V
171,264,4.25.2017,15:36,15,larrea,post,fly,fly near,N,branch,black,
172,264,4.25.2017,15:36,15,larrea,post,fly,fly near,N,branch,"buds, tiny",
173,301,4.25.2017,15:53,15,larrea,post,centris,landing,Y,flower,,
174,301,4.25.2017,15:53,15,larrea,post,wasp,landing,Y,branch,"buds, green/black, parasitic",
175,301,4.25.2017,15:53,15,larrea,post,fly,fly near,N,branch,small,
176,301,4.25.2017,15:53,15,larrea,post,fly,fly near,N,branch,"buds, tiny",
177,295,4.25.2017,16:12,15,larrea,post,solitary.bee,landing,Y,flower,"medium, not gray and black",
178,295,4.25.2017,16:12,15,larrea,post,solitary.bee,landing,Y,flower,"medium, not gray and black",
179,295,4.25.2017,16:12,15,larrea,post,solitary.bee,landing,Y,flower,"medium, not gray and black",
180,295,4.25.2017,16:12,15,larrea,post,solitary.bee,landing,Y,flower,"medium, not gray and black",
181,295,4.25.2017,16:12,15,larrea,post,solitary.bee,landing,Y,flower,"medium, not gray and black",
182,295,4.25.2017,16:12,15,larrea,post,solitary.bee,fly near,N,flower,"medium, not gray and black",
183,295,4.25.2017,16:12,15,larrea,post,solitary.bee,fly near,N,flower,"medium, not gray and black",
184,295,4.25.2017,16:12,15,larrea,post,muscoid,fly near,N,branch,,
185,295,4.25.2017,16:12,15,larrea,post,solitary.bee,landing,Y,flower,"medium, not gray and black",
186,298,4.25.2017,16:30,15,larrea,post,solitary.bee,fly near,N,branch,,
187,298,4.25.2017,16:30,15,larrea,post,fly,landing,Y,branch,green,
188,298,4.25.2017,16:30,15,larrea,post,fly,fly near,N,understory,,
189,298,4.25.2017,16:30,15,larrea,post,syrphid,fly near,N,branch,small,
190,298,4.25.2017,16:30,15,larrea,post,fly,fly near,N,branch,tiny,
191,298,4.25.2017,16:30,15,larrea,post,solitary.bee,fly near,N,branch,medium,
192,298,4.25.2017,16:30,15,larrea,post,centris,fly near,N,shrub,,
193,298,4.25.2017,16:30,15,larrea,post,gb.solitary.bee,fly near,N,understory,"grey/black, yellow pollen, medium",
194,196,4.25.2017,16:48,15,larrea,post,muscoid,grooming,Y,branch,,
195,196,4.25.2017,16:48,15,larrea,post,wasp,landing,Y,branch,"green/black, tiny",
196,196,4.25.2017,16:48,15,larrea,post,muscoid,landing,Y,branch,,
197,196,4.25.2017,16:48,15,larrea,post,pentamoidae,landing,Y,branch,,
198,196,4.25.2017,16:48,15,larrea,post,muscoid,landing,Y,branch,,
199,196,4.25.2017,16:48,15,larrea,post,wasp,landing,Y,branch,"green/black, tiny",
200,196,4.25.2017,16:48,15,larrea,post,muscoid,landing,Y,branch,,
201,192,4.25.2017,17:05,15,larrea,post,centris,fly near,N,shrub,,
202,192,4.25.2017,17:05,15,larrea,post,centris,landing,N,understory,,
203,297,4.26.2017,12:30,15,larrea,post,apis.mellifera,landing,Y,flowering,,
204,297,4.26.2017,12:30,15,larrea,post,muscoid,landing,Y,branch,,
205,297,4.26.2017,12:30,15,larrea,post,gb.solitary.bee,landing,N,understory,,
206,297,4.26.2017,12:30,15,larrea,post,fly?,landing,Y,branch,,
207,297,4.26.2017,12:30,15,larrea,post,bombylid,landing,N,understory,,
208,294,4.26.2017,12:47,15,larrea,post,solitary.bee,landing,Y,flower,"grey stripes, medium",
209,294,4.26.2017,12:47,15,larrea,post,solitary.bee,fly near,N,shrub,"grey/yellowish, medium",
210,294,4.26.2017,12:47,15,larrea,post,solitary.bee,fly near,N,shrub,"grey/yellowish, medium",
211,294,4.26.2017,12:47,15,larrea,post,solitary.bee,fly near,N,shrub,"grey/yellowish, medium",
212,294,4.26.2017,12:47,15,larrea,post,centris,landing,Y,flower,red eyes,
213,294,4.26.2017,12:47,15,larrea,post,centris,fly near,N,shrub,red eyes,
214,294,4.26.2017,12:47,15,larrea,post,solitary.bee,fly near,N,flower,"black and grey, medium, white faced",
215,294,4.26.2017,12:47,15,larrea,post,gb.solitary.bee,landing,Y,flower,,
216,294,4.26.2017,12:47,15,larrea,post,?,fly near,N,branch,,
217,293,4.26.2017,13:04,15,larrea,post,fly,landing,Y,branch,tiny,
218,293,4.26.2017,13:04,15,larrea,post,bombylid,landing,N,understory,on ground,
219,293,4.26.2017,13:04,15,larrea,post,asilid,landing,Y,branch,,
220,293,4.26.2017,13:04,15,larrea,post,gb.solitary.bee,fly near,N,"branch, flower",,
221,188,4.26.2017,13:22,15,larrea,post,?,fly near,N,flower,,
222,188,4.26.2017,13:22,15,larrea,post,fly,fly near,N,branch,small,
223,188,4.26.2017,13:22,15,larrea,post,solitary.bee,fly near,N,branch,medium,
224,188,4.26.2017,13:22,15,larrea,post,formicidae,landing,Y,understory,many,
225,188,4.26.2017,13:22,15,larrea,post,solitary.bee,landing,Y,flower,medium,
226,282,4.26.2017,13:39,15,larrea,post,ladybeetle,landing,Y,branch,,
227,262,4.26.2017,13:57,15,larrea,post,centris,landing,Y,flower,,
228,262,4.26.2017,13:57,15,larrea,post,fly,fly near,N,branch,"tiny, hovering on buds",
229,262,4.26.2017,13:57,15,larrea,post,fly,fly near,N,branch,"tiny, hovering on buds",
230,262,4.26.2017,13:57,15,larrea,post,gb.solitary.bee,fly near,N,flower,hovering,
231,262,4.26.2017,13:57,15,larrea,post,centris,landing,Y,flower,,
232,262,4.26.2017,13:57,15,larrea,post,centris,landing,Y,flower,,
233,262,4.26.2017,13:57,15,larrea,post,pt.gb.solitary bee,landing,Y,flower,"point, grey/black stripes",
234,262,4.26.2017,13:57,15,larrea,post,pt.gb.solitary bee,landing,Y,flower,"point, grey/black stripes",
235,262,4.26.2017,13:57,15,larrea,post,pt.gb.solitary bee,landing,Y,flower,"point, grey/black stripes",
236,262,4.26.2017,13:57,15,larrea,post,muscoid,landing,Y,branch,large,
237,262,4.26.2017,13:57,15,larrea,post,fly?,fly near,N,flower,,
238,262,4.26.2017,13:57,15,larrea,post,centris,fly near,N,branch,,
239,262,4.26.2017,13:57,15,larrea,post,centris,landing,Y,flower,,
240,262,4.26.2017,13:57,15,larrea,post,apis.mellifera,landing,Y,flower,,
241,114,4.27.2017,12:50,15,larrea,post,solitary.bee,fly near,N,flower,"yellow and black abdomen, not fuzzy, distinct",
242,114,4.27.2017,12:50,15,larrea,post,apis.mellifera,landing,Y,flower,,
243,114,4.27.2017,12:50,15,larrea,post,centris,landing,Y,flower,,
244,114,4.27.2017,12:50,15,larrea,post,solitary.bee,fly near,N,flower,yellow and black abdomen,
245,114,4.27.2017,12:50,15,larrea,post,fuzzygrey.solitary.bee,fly near,N,branch,"small, very fuzzy, grey is like halo",
246,114,4.27.2017,12:50,15,larrea,post,fly,fly near,N,branch,tiny,
247,114,4.27.2017,12:50,15,larrea,post,fly,fly near,N,branch,tiny,
248,114,4.27.2017,12:50,15,larrea,post,gb.solitary.bee,fly near,N,flower,,
249,114,4.27.2017,12:50,15,larrea,post,gb.solitary.bee,fly near,N,flower,,
250,114,4.27.2017,12:50,15,larrea,post,gb.solitary.bee,fly near,N,flower,,
251,114,4.27.2017,12:50,15,larrea,post,gb.solitary.bee,landing,Y,flower,,
252,269,4.27.2017,13:10,15,larrea,post,solitary.bee,fly near,N,flower,medium,
253,269,4.27.2017,13:10,15,larrea,post,lepidoptera,fly near,N,flower,swallowtail,
254,269,4.27.2017,13:10,15,larrea,post,solitary.bee,fly near,N,flower,medium,
255,269,4.27.2017,13:10,15,larrea,post,apis.mellifera,fly near,N,flower,,
256,269,4.27.2017,13:10,15,larrea,post,fuzzygrey.solitary.bee,fly near,N,flower,,
257,269,4.27.2017,13:10,15,larrea,post,bombylid,landing,N,understory,"black and white wings, brown/pink abdomen",
258,269,4.27.2017,13:10,15,larrea,post,fuzzygrey.solitary.bee,fly near,N,branch,,
259,269,4.27.2017,13:10,15,larrea,post,fuzzygrey.solitary.bee,fly near,N,branch,,
260,269,4.27.2017,13:10,15,larrea,post,apis.mellifera,landing,Y,flower,,
261,269,4.27.2017,13:10,15,larrea,post,fly,fly near,N,flower,,
262,269,4.27.2017,13:10,15,larrea,post,fly,fly near,N,flower,,
263,269,4.27.2017,13:10,15,larrea,post,bee,landing,Y,flower,also photo,V
264,270,4.27.2017,13:29,15,larrea,post,apis.mellifera,landing,Y,flower,,
265,270,4.27.2017,13:29,15,larrea,post,apis.mellifera,landing,Y,flower,,
266,270,4.27.2017,13:29,15,larrea,post,ladybeetle,landing,Y,flower,,
267,270,4.27.2017,13:29,15,larrea,post,apis.mellifera,landing,Y,flower,,
268,270,4.27.2017,13:29,15,larrea,post,fly,fly near,N,branch,tiny,
269,270,4.27.2017,13:29,15,larrea,post,apis.mellifera,landing,Y,flower,,
270,270,4.27.2017,13:29,15,larrea,post,fuzzygrey.solitary.bee,fly near,N,flower,,
271,270,4.27.2017,13:29,15,larrea,post,apis.mellifera,landing,Y,flower,,
272,270,4.27.2017,13:29,15,larrea,post,apis.mellifera,landing,Y,flower,,
273,288,4.27.2017,13:50,15,larrea,post,syrphid,fly near,N,flower,,
274,288,4.27.2017,13:50,15,larrea,post,fuzzygrey.solitary.bee,fly near,N,flower,,
275,288,4.27.2017,13:50,15,larrea,post,fuzzygrey.solitary.bee,fly near,N,flower,,
276,288,4.27.2017,13:50,15,larrea,post,fuzzygrey.solitary.bee,fly near,N,flower,,
277,288,4.27.2017,13:50,15,larrea,post,muscoid,landing,Y,flower,shiny blue,
278,288,4.27.2017,13:50,15,larrea,post,hemiptera,landing,Y,branch,"on buds, picture, brown",
279,286,4.27.2017,14:07,15,larrea,post,formicidae,crawling,Y,flower,,
280,190,4.27.2017,14:26,15,larrea,post,large bee,landing,Y,flower,"caught, new",V
281,190,4.27.2017,14:26,15,larrea,post,fuzzygrey.solitary.bee,fly near,N,flower,,
282,190,4.27.2017,14:26,15,larrea,post,fuzzygrey.solitary.bee,fly near,N,flower,,
283,190,4.27.2017,14:26,15,larrea,post,fuzzygrey.solitary.bee,fly near,N,flower,,
284,190,4.27.2017,14:26,15,larrea,post,fuzzygrey.solitary.bee,fly near,N,flower,,
285,190,4.27.2017,14:26,15,larrea,post,solitary.bee,fly near,N,flower,"dark, fast",
286,181,4.29.2017,14:30,15,larrea,post,fuzzygrey.solitary.bee,fly near,N,flower,,
287,181,4.29.2017,14:30,15,larrea,post,hummingbird,perching,Y,branch,purple throat,
288,181,4.29.2017,14:30,15,larrea,post,fuzzygrey.solitary.bee,fly near,N,flower,,
289,181,4.29.2017,14:30,15,larrea,post,fuzzygrey.solitary.bee,landing,Y,flower,,V
290,181,4.29.2017,14:30,15,larrea,post,fuzzygrey.solitary.bee,fly near,N,flower,,
291,181,4.29.2017,14:30,15,larrea,post,centris,landing,Y,flower,,
292,186,4.29.2017,14:50,15,larrea,post,pentamoidae,landing,Y,flower,green,
293,186,4.29.2017,14:50,15,larrea,post,lepidoptera,fly near,N,understory,swallowtail,
294,186,4.29.2017,14:50,15,larrea,post,syrphid,fly near,N,buds,,
295,272,4.29.2017,15:08,15,larrea,post,fly,landing,Y,branch,tiny,
296,272,4.29.2017,15:08,15,larrea,post,apis.mellifera,landing,Y,flower,,
297,272,4.29.2017,15:08,15,larrea,post,fuzzygrey.solitary.bee,fly near,N,flower,,
298,272,4.29.2017,15:08,15,larrea,post,syrphid,fly near,N,branch,,
299,272,4.29.2017,15:08,15,larrea,post,muscoid,landing,Y,flower,,
300,268,4.29.2017,15:26,15,larrea,post,solitary.bee,landing,Y,flower,yellow and black striped medium,
301,268,4.29.2017,15:26,15,larrea,post,fuzzygrey.solitary.bee,landing,Y,flower,,
302,268,4.29.2017,15:26,15,larrea,post,apis.mellifera,landing,Y,flower,,
303,268,4.29.2017,15:26,15,larrea,post,apis.mellifera,landing,Y,flower,,
304,268,4.29.2017,15:26,15,larrea,post,apis.mellifera,landing,N,understory,,
305,268,4.29.2017,15:26,15,larrea,post,asilid,landing,Y,branch,,
306,268,4.29.2017,15:26,15,larrea,post,solitary.bee,landing,Y,flower,"yellow and black striped, medium, pointy",
307,268,4.29.2017,15:26,15,larrea,post,apis.mellifera,landing,Y,flower,,
308,268,4.29.2017,15:26,15,larrea,post,solitary.bee,landing,Y,flower,medium,
309,265,4.29.2017,15:42,15,larrea,post,fly,landing,Y,flower,tiny,
310,265,4.29.2017,15:42,15,larrea,post,flying?,landing,Y,flower,,
311,265,4.29.2017,15:42,15,larrea,post,syrphid,fly near,N,branch,,
312,265,4.29.2017,15:42,15,larrea,post,fly,landing,Y,flower,tiny white,
313,104,4.29.2017,15:59,15,larrea,post,asilid,landing,Y,branch,,
314,104,4.29.2017,15:59,15,larrea,post,fuzzygrey.solitary.bee,fly near,N,shrub,,
315,104,4.29.2017,15:59,15,larrea,post,fuzzygrey.solitary.bee,fly near,N,shrub,,
316,104,4.29.2017,15:59,15,larrea,post,fly,landing,Y,flower,tiny white,
317,104,4.29.2017,15:59,15,larrea,post,fly,fly near,N,shrub,tiny black,
318,104,4.29.2017,15:59,15,larrea,post,syrphid,fly near,N,branch,,
319,199,4.30.2017,11:32,15,larrea,post,fuzzygrey.solitary.bee,fly near,N,branch,,
320,199,4.30.2017,11:32,15,larrea,post,fuzzygrey.solitary.bee,fly near,N,branch,,
321,199,4.30.2017,11:32,15,larrea,post,fuzzygrey.solitary.bee,fly near,N,branch,,
322,199,4.30.2017,11:32,15,larrea,post,fuzzygrey.solitary.bee,fly near,N,branch,,
323,199,4.30.2017,11:32,15,larrea,post,fuzzygrey.solitary.bee,fly near,N,branch,,
324,199,4.30.2017,11:32,15,larrea,post,fuzzygrey.solitary.bee,fly near,N,branch,,
325,199,4.30.2017,11:32,15,larrea,post,fuzzygrey.solitary.bee,fly near,N,branch,,
326,199,4.30.2017,11:32,15,larrea,post,apis.mellifera,landing,Y,flower,,
327,199,4.30.2017,11:32,15,larrea,post,apis.mellifera,landing,Y,flower,,
328,199,4.30.2017,11:32,15,larrea,post,centris,landing,Y,flower,,
329,199,4.30.2017,11:32,15,larrea,post,apis.mellifera,landing,Y,flower,,
330,199,4.30.2017,11:32,15,larrea,post,apis.mellifera,landing,Y,flower,,
331,199,4.30.2017,11:32,15,larrea,post,fuzzygrey.solitary.bee,fly near,N,branch,,
332,199,4.30.2017,11:32,15,larrea,post,apis.mellifera,landing,Y,flower,,
333,199,4.30.2017,11:32,15,larrea,post,ladybeetle,landing,Y,branch,,
334,199,4.30.2017,11:32,15,larrea,post,fuzzygrey.solitary.bee,fly near,N,branch,,
335,199,4.30.2017,11:32,15,larrea,post,apis.mellifera,landing,Y,flower,,
336,199,4.30.2017,11:32,15,larrea,post,centris,landing,Y,flower,,
337,199,4.30.2017,11:32,15,larrea,post,solitary.bee,fly near,N,flower,"honeybee sized, white fuzz",
338,199,4.30.2017,11:32,15,larrea,post,solitary.bee,landing,Y,flower,medium,
339,191,4.30.2017,11:51,15,larrea,post,fuzzygrey.solitary.bee,fly near,N,flower,,
340,191,4.30.2017,11:51,15,larrea,post,fuzzygrey.solitary.bee,fly near,N,flower,,
341,191,4.30.2017,11:51,15,larrea,post,fuzzygrey.solitary.bee,fly near,N,flower,,
342,191,4.30.2017,11:51,15,larrea,post,solitary.bee,fly near,N,flower,"medium, white face",
343,191,4.30.2017,11:51,15,larrea,post,ladybeetle,landing,Y,flower,,
344,184,4.30.2017,12:09,15,larrea,post,fuzzygrey.solitary.bee,fly near,N,flower,,
345,184,4.30.2017,12:09,15,larrea,post,fuzzygrey.solitary.bee,fly near,N,flower,,
346,184,4.30.2017,12:09,15,larrea,post,fuzzygrey.solitary.bee,fly near,N,flower,,
347,184,4.30.2017,12:09,15,larrea,post,apis.mellifera,landing,Y,flower,,
348,184,4.30.2017,12:09,15,larrea,post,fly,landing,Y,flower,tiny,
349,296,4.30.2017,12:28,15,larrea,post,fuzzygrey.solitary.bee,fly near,N,,,
350,296,4.30.2017,12:28,15,larrea,post,fuzzygrey.solitary.bee,fly near,N,,,
351,296,4.30.2017,12:28,15,larrea,post,fuzzygrey.solitary.bee,fly near,N,,,
352,296,4.30.2017,12:28,15,larrea,post,apis.mellifera,landing,Y,flower,,
353,296,4.30.2017,12:28,15,larrea,post,fuzzygrey.solitary.bee,landing,Y,flower,,
354,296,4.30.2017,12:28,15,larrea,post,apis.mellifera,landing,Y,flower,,
355,296,4.30.2017,12:28,15,larrea,post,apis.mellifera,landing,Y,flower,,
356,296,4.30.2017,12:28,15,larrea,post,solitary.bee,landing,Y,flower,"yellow and black striped abdomen, medium",
357,278,4.30.2017,12:46,15,larrea,post,muscoid,landing,Y,branch,,
358,278,4.30.2017,12:46,15,larrea,post,fuzzygrey.solitary.bee,fly near,N,,,
359,278,4.30.2017,12:46,15,larrea,post,fuzzygrey.solitary.bee,fly near,N,,,
360,278,4.30.2017,12:46,15,larrea,post,wasp,landing,N,understory,"black, on ground",
361,278,4.30.2017,12:46,15,larrea,post,fuzzygrey.solitary.bee,landing,Y,buds,,
362,278,4.30.2017,12:46,15,larrea,post,fuzzygrey.solitary.bee,landing,Y,buds,,
363,278,4.30.2017,12:46,15,larrea,post,assasin.bug,landing,Y,branch,,
364,278,4.30.2017,12:46,15,larrea,post,assasin.bug,landing,Y,branch,,
365,278,4.30.2017,12:46,15,larrea,post,apis.mellifera,landing,Y,flower,,
366,271,4.30.2017,13:02,15,larrea,post,fuzzygrey.solitary.bee,fly near,N,,,
367,271,4.30.2017,13:02,15,larrea,post,solitary.bee,landing,Y,flower,"black and bright yellow abdomen, medium",
368,271,4.30.2017,13:02,15,larrea,post,fuzzygrey.solitary.bee,fly near,N,,,
369,271,4.30.2017,13:02,15,larrea,post,fly,landing,Y,flower,drosphila,
370,271,4.30.2017,13:02,15,larrea,post,apis.mellifera,landing,Y,flower,,
371,183,5.1.2017,12:19,15,larrea,post,fuzzygrey.solitary.bee,fly near,N,,,
372,183,5.1.2017,12:19,15,larrea,post,fuzzygrey.solitary.bee,fly near,N,,,
373,183,5.1.2017,12:19,15,larrea,post,apis.mellifera,landing,Y,flower,,
374,183,5.1.2017,12:19,15,larrea,post,solitary.bee,fly near,N,,"medium, unfamiliar",
375,183,5.1.2017,12:19,15,larrea,post,apis.mellifera,landing,Y,flower,,
376,183,5.1.2017,12:19,15,larrea,post,apis.mellifera,landing,Y,flower,,
377,183,5.1.2017,12:19,15,larrea,post,apis.mellifera,landing,Y,flower,,
378,183,5.1.2017,12:19,15,larrea,post,centris,landing,Y,flower,,
379,183,5.1.2017,12:19,15,larrea,post,lepidoptera,fly near,N,understory,swallowtail,
380,183,5.1.2017,12:19,15,larrea,post,fuzzygrey.solitary.bee,landing,Y,flower,,
381,183,5.1.2017,12:19,15,larrea,post,ladybeetle,landing,Y,branch,,
382,187,5.1.2017,12:36,15,larrea,post,centris,landing,Y,flower,,
383,187,5.1.2017,12:36,15,larrea,post,fuzzygrey.solitary.bee,fly near,N,,,
384,187,5.1.2017,12:36,15,larrea,post,fuzzygrey.solitary.bee,fly near,N,,,
385,187,5.1.2017,12:36,15,larrea,post,fuzzygrey.solitary.bee,fly near,N,,,
386,187,5.1.2017,12:36,15,larrea,post,apis.mellifera,landing,Y,flower,,
387,187,5.1.2017,12:36,15,larrea,post,centris,landing,Y,flower,,
388,187,5.1.2017,12:36,15,larrea,post,fuzzygrey.solitary.bee,fly near,N,,,
389,187,5.1.2017,12:36,15,larrea,post,fuzzygrey.solitary.bee,fly near,N,,,
390,187,5.1.2017,12:36,15,larrea,post,fuzzygrey.solitary.bee,fly near,N,,,
391,290,5.1.2017,12:52,15,larrea,post,fuzzygrey.solitary.bee,fly near,N,,,
392,290,5.1.2017,12:52,15,larrea,post,fuzzygrey.solitary.bee,fly near,N,,,
393,290,5.1.2017,12:52,15,larrea,post,fuzzygrey.solitary.bee,fly near,N,,,
394,290,5.1.2017,12:52,15,larrea,post,fuzzygrey.solitary.bee,fly near,N,,,
395,290,5.1.2017,12:52,15,larrea,post,syrphid,fly near,N,,,
396,290,5.1.2017,12:52,15,larrea,post,solitary.bee,fly near,N,,medium,
397,290,5.1.2017,12:52,15,larrea,post,centris,landing,Y,flower,,
398,285,5.1.2017,13:11,15,larrea,post,fuzzygrey.solitary.bee,fly near,N,,,
399,285,5.1.2017,13:11,15,larrea,post,fuzzygrey.solitary.bee,fly near,N,,,
400,285,5.1.2017,13:11,15,larrea,post,formicidae,crawling,Y,old flower,,
401,285,5.1.2017,13:11,15,larrea,post,ladybeetle,crawling,Y,branch,,
402,285,5.1.2017,13:11,15,larrea,post,centris,landing,Y,flower,,
403,285,5.1.2017,13:11,15,larrea,post,lepidoptera,fly near,N,understorey,,
404,285,5.1.2017,13:11,15,larrea,post,centris,landing,Y,flower,,
405,274,5.1.2017,13:29,15,larrea,post,ladybeetle,crawling,Y,branch,,
406,274,5.1.2017,13:29,15,larrea,post,fuzzygrey.solitary.bee,fly near,N,,,
407,274,5.1.2017,13:29,15,larrea,post,fuzzygrey.solitary.bee,fly near,N,,,
408,274,5.1.2017,13:29,15,larrea,post,fuzzygrey.solitary.bee,fly near,N,,,
409,274,5.1.2017,13:29,15,larrea,post,fuzzygrey.solitary.bee,fly near,N,,,
410,274,5.1.2017,13:29,15,larrea,post,fuzzygrey.solitary.bee,fly near,N,,,
411,274,5.1.2017,13:29,15,larrea,post,fuzzygrey.solitary.bee,fly near,N,,,
412,274,5.1.2017,13:29,15,larrea,post,ladybeetle,crawling,Y,branch,,
413,274,5.1.2017,13:29,15,larrea,post,solitary.bee,landing,Y,flower,"medium, yellow and black abdomen, pointy",
414,274,5.1.2017,13:29,15,larrea,post,centris,landing,Y,flower,,
415,274,5.1.2017,13:29,15,larrea,post,fly,landing,Y,bud,small,
416,274,5.1.2017,13:29,15,larrea,post,ladybeetle,landing,Y,flower,,
417,274,5.1.2017,13:29,15,larrea,post,fuzzygrey.solitary.bee,fly near,N,,,
418,274,5.1.2017,13:29,15,larrea,post,fuzzygrey.solitary.bee,fly near,N,,,
419,274,5.1.2017,13:29,15,larrea,post,fuzzygrey.solitary.bee,fly near,N,,,
420,274,5.1.2017,13:29,15,larrea,post,solitary.bee,fly near,N,,"medium, yellow and black abdomen, pointy",
421,274,5.1.2017,13:29,15,larrea,post,wasp,landing,Y,bud,tiny black,
422,263,5.1.2017,13:46,15,larrea,post,ladybeetle,crawling,Y,branch,,
423,263,5.1.2017,13:46,15,larrea,post,asilid,landing,Y,flower,,
424,263,5.1.2017,13:46,15,larrea,post,apis.mellifera,landing,Y,flower,,
425,263,5.1.2017,13:46,15,larrea,post,gb.solitary.bee,landing,Y,flower,,
426,263,5.1.2017,13:46,15,larrea,post,fuzzygrey.solitary.bee,fly near,N,,,
427,261,5.2.2017,12:12,15,larrea,post,fly,landing,Y,bud,tiny,
428,261,5.2.2017,12:12,15,larrea,post,centris,landing,Y,flower,,
429,261,5.2.2017,12:12,15,larrea,post,ladybeetle,landing,Y,branch,,
430,273,5.2.2017,12:30,15,larrea,post,apis.mellifera,landing,Y,flower,,
431,273,5.2.2017,12:30,15,larrea,post,fuzzygrey.solitary.bee,fly near,N,,,
432,273,5.2.2017,12:30,15,larrea,post,apis.mellifera,landing,Y,flower,,
433,273,5.2.2017,12:30,15,larrea,post,fuzzygrey.solitary.bee,fly near,N,,,
434,273,5.2.2017,12:30,15,larrea,post,fuzzygrey.solitary.bee,fly near,N,,,
435,273,5.2.2017,12:30,15,larrea,post,fuzzygrey.solitary.bee,landing,Y,flower,,
436,273,5.2.2017,12:30,15,larrea,post,solitary.bee,fly near,N,,medium,
437,273,5.2.2017,12:30,15,larrea,post,ladybeetle,landing,Y,branch,,
438,273,5.2.2017,12:30,15,larrea,post,apis.mellifera,landing,Y,flower,,
439,273,5.2.2017,12:30,15,larrea,post,apis.mellifera,landing,Y,flower,,
440,273,5.2.2017,12:30,15,larrea,post,apis.mellifera,landing,Y,flower,,
441,273,5.2.2017,12:30,15,larrea,post,apis.mellifera,landing,Y,flower,,
442,280,5.2.2017,12:46,15,larrea,post,ladybeetle,landing,Y,branch,,
443,280,5.2.2017,12:46,15,larrea,post,centris,landing,Y,flower,black eyes,
444,280,5.2.2017,12:46,15,larrea,post,ladybeetle,landing,Y,branch,,
445,280,5.2.2017,12:46,15,larrea,post,fuzzygrey.solitary.bee,fly near,N,,,
446,280,5.2.2017,12:46,15,larrea,post,fuzzygrey.solitary.bee,fly near,N,,,
447,280,5.2.2017,12:46,15,larrea,post,muscoid,landing,Y,branch,,
448,280,5.2.2017,12:46,15,larrea,post,fuzzygrey.solitary.bee,landing,Y,flower,,
449,280,5.2.2017,12:46,15,larrea,post,ladybeetle,landing,Y,branch,,
450,280,5.2.2017,12:46,15,larrea,post,ladybeetle,landing,Y,branch,,
451,280,5.2.2017,12:46,15,larrea,post,hemiptera,landing,Y,branch,brown,
452,280,5.2.2017,12:46,15,larrea,post,green.lacewing,landing,Y,bud,,V
453,280,5.2.2017,12:46,15,larrea,post,ladybeetle,landing,Y,branch,,
454,280,5.2.2017,12:46,15,larrea,post,formicidae,landing,Y,flower,,
455,283,5.2.2017,13:04,15,larrea,post,centris,landing,Y,flower,red eye,
456,283,5.2.2017,13:04,15,larrea,post,fuzzygrey.solitary.bee,fly near,N,,,
457,283,5.2.2017,13:04,15,larrea,post,fuzzygrey.solitary.bee,fly near,N,,,
458,283,5.2.2017,13:04,15,larrea,post,apis.mellifera,landing,Y,flower,,
459,283,5.2.2017,13:04,15,larrea,post,ladybeetle,landing,Y,branch,,
460,283,5.2.2017,13:04,15,larrea,post,lepidoptera,landing,Y,flower,moth,
461,283,5.2.2017,13:04,15,larrea,post,apis.mellifera,landing,Y,flower,,
462,283,5.2.2017,13:04,15,larrea,post,gb.solitary.bee,fly near,N,,,
463,283,5.2.2017,13:04,15,larrea,post,gb.solitary.bee,landing,Y,flower,,V
464,283,5.2.2017,13:04,15,larrea,post,gb.solitary.bee,landing,Y,flower,,
465,283,5.2.2017,13:04,15,larrea,post,apis.mellifera,landing,Y,flower,,
466,291,5.2.2017,13:23,15,larrea,post,apis.mellifera,landing,Y,flower,,
467,291,5.2.2017,13:23,15,larrea,post,apis.mellifera,landing,Y,flower,,
468,291,5.2.2017,13:23,15,larrea,post,apis.mellifera,landing,Y,flower,,
469,291,5.2.2017,13:23,15,larrea,post,centris,landing,Y,flower,,
470,291,5.2.2017,13:23,15,larrea,post,solitary.bee,landing,Y,flower,"grey/black, yellow and black striped abdomen, medium",
471,291,5.2.2017,13:23,15,larrea,post,apis.mellifera,landing,Y,flower,,
472,291,5.2.2017,13:23,15,larrea,post,centris,landing,Y,flower,,
473,291,5.2.2017,13:23,15,larrea,post,ladybeetle,landing,Y,branch,,
474,291,5.2.2017,13:23,15,larrea,post,fuzzygrey.solitary.bee,fly near,N,,,
475,291,5.2.2017,13:23,15,larrea,post,ladybeetle,landing,Y,branch,,
476,199,5.2.2017,13:41,15,larrea,post,fuzzygrey.solitary.bee,fly near,N,,,
477,199,5.2.2017,13:41,15,larrea,post,fuzzygrey.solitary.bee,fly near,N,,,
478,199,5.2.2017,13:41,15,larrea,post,fuzzygrey.solitary.bee,fly near,N,,,
479,199,5.2.2017,13:41,15,larrea,post,fuzzygrey.solitary.bee,fly near,N,,,
480,199,5.2.2017,13:41,15,larrea,post,centris,landing,Y,flower,,
481,199,5.2.2017,13:41,15,larrea,post,fuzzygrey.solitary.bee,landing,Y,flower,,
482,199,5.2.2017,13:41,15,larrea,post,fuzzygrey.solitary.bee,landing,Y,flower,,
483,199,5.2.2017,13:41,15,larrea,post,centris,landing,Y,flower,black eyes,
484,199,5.2.2017,13:41,15,larrea,post,apis.mellifera,landing,Y,flower,,
485,199,5.2.2017,13:41,15,larrea,post,centris,landing,Y,flower,red eyes,
486,199,5.2.2017,13:41,15,larrea,post,apis.mellifera,landing,Y,flower,,
487,281,5.3.2017,10:57,15,larrea,post,fuzzygrey.solitary.bee,fly near,N,,,
488,281,5.3.2017,10:57,15,larrea,post,fuzzygrey.solitary.bee,fly near,N,,,
489,281,5.3.2017,10:57,15,larrea,post,fuzzygrey.solitary.bee,fly near,N,,,
490,185,5.3.2017,11:16,15,larrea,post,fuzzygrey.solitary.bee,fly near,N,,,
491,185,5.3.2017,11:16,15,larrea,post,fuzzygrey.solitary.bee,fly near,N,,,
492,185,5.3.2017,11:16,15,larrea,post,fuzzygrey.solitary.bee,fly near,N,,,
493,185,5.3.2017,11:16,15,larrea,post,centris,landing,Y,flower,,V
494,185,5.3.2017,11:16,15,larrea,post,centris,landing,Y,flower,,
495,185,5.3.2017,11:16,15,larrea,post,fuzzygrey.solitary.bee,fly near,N,,,
496,185,5.3.2017,11:16,15,larrea,post,fuzzygrey.solitary.bee,fly near,N,,,
497,185,5.3.2017,11:16,15,larrea,post,fuzzygrey.solitary.bee,fly near,N,,,
498,185,5.3.2017,11:16,15,larrea,post,solitary.bee,landing,Y,flower,"hairy yellow striped abdomen, medium",
499,185,5.3.2017,11:16,15,larrea,post,gb.solitary.bee,landing,Y,flower,,
500,185,5.3.2017,11:16,15,larrea,post,solitary.bee,landing,Y,flower,"small/medium, yellow fuzzy thorax, whitish black striped long abdomen, halictus?",
501,185,5.3.2017,11:16,15,larrea,post,solitary.bee,landing,Y,flower,"small/medium, yellow fuzzy thorax, whitish black striped long abdomen, halictus?",
502,193,5.3.2017,11:34,15,larrea,post,hemiptera,landing,Y,branch,brown,
503,193,5.3.2017,11:34,15,larrea,post,centris,landing,Y,flower,,
504,193,5.3.2017,11:34,15,larrea,post,fly,landing,Y,branch,tiny,
505,193,5.3.2017,11:34,15,larrea,post,bombylid,landing,N,understory,on ground,
506,198,5.3.2017,11:51,15,larrea,post,solitary.bee,fly near,N,flower,"small, hovering over flowers",
507,198,5.3.2017,11:51,15,larrea,post,apis.mellifera,landing,Y,flower,,
508,198,5.3.2017,11:51,15,larrea,post,apis.mellifera,landing,Y,flower,,
509,198,5.3.2017,11:51,15,larrea,post,centris,landing,Y,flower,,
510,198,5.3.2017,11:51,15,larrea,post,apis.mellifera,landing,Y,flower,,
511,198,5.3.2017,11:51,15,larrea,post,wasp,fly near,N,buds,"thread waisted, black and red",
512,198,5.3.2017,11:51,15,larrea,post,apis.mellifera,landing,Y,flower,,
513,198,5.3.2017,11:51,15,larrea,post,apis.mellifera,landing,Y,flower,,
514,198,5.3.2017,11:51,15,larrea,post,centris,landing,Y,flower,,
515,198,5.3.2017,11:51,15,larrea,post,solitary.bee,landing,Y,flower,"small, dark",
516,300,5.3.2017,12:08,15,larrea,post,muscoid,landing,Y,branch,,
517,300,5.3.2017,12:08,15,larrea,post,fuzzygrey.solitary.bee,landing,Y,flower,,
518,300,5.3.2017,12:08,15,larrea,post,centris,landing,Y,flower,,
519,300,5.3.2017,12:08,15,larrea,post,solitary.bee,fly near,N,,"yellow and black bee, small",
520,300,5.3.2017,12:08,15,larrea,post,centris,landing,Y,flower,,
521,300,5.3.2017,12:08,15,larrea,post,green.wasp?,landing,Y,branch,chrysops?,
522,300,5.3.2017,12:08,15,larrea,post,fuzzygrey.solitary.bee,landing,Y,flower,,
523,300,5.3.2017,12:08,15,larrea,post,fuzzygrey.solitary.bee,landing,Y,flower,,
524,300,5.3.2017,12:08,15,larrea,post,ladybeetle,landing,Y,branch,,
525,300,5.3.2017,12:08,15,larrea,post,apis.mellifera,landing,Y,flower,,
526,300,5.3.2017,12:08,15,larrea,post,ladybeetle,landing,Y,branch,,
527,302,5.3.2017,12:33,15,larrea,post,fuzzygrey.solitary.bee,fly near,N,,,
528,302,5.3.2017,12:33,15,larrea,post,fuzzygrey.solitary.bee,fly near,N,,,
529,302,5.3.2017,12:33,15,larrea,post,wasp,fly near,N,buds,"thread-waisted, red and black",
530,302,5.3.2017,12:33,15,larrea,post,asilid,landing,Y,branch,>2cm,
531,302,5.3.2017,12:33,15,larrea,post,centris,landing,Y,flower,,
532,302,5.3.2017,12:33,15,larrea,post,wasp,landing,Y,branch,"small, black",
533,302,5.3.2017,12:33,15,larrea,post,apis.mellifera,landing,Y,flower,,
534,302,5.3.2017,12:33,15,larrea,post,fuzzygrey.solitary.bee,fly near,N,,,
535,302,5.3.2017,12:33,15,larrea,post,fuzzygrey.solitary.bee,fly near,N,,,
536,302,5.3.2017,12:33,15,larrea,post,hemiptera,landing,Y,branch,brown,
537,302,5.3.2017,12:33,15,larrea,post,wasp,landing,Y,bud,"tiny black, parastoid",
538,302,5.3.2017,12:33,15,larrea,post,solitary.bee,landing,Y,flower,halicitid? yellow and black abdomen sparse yellow fuzz on thorax and abdomen,
539,302,5.3.2017,12:33,15,larrea,post,lepidoptera,fly near,N,,swallowtail,
