Rep,Slide,Transect,Het Grains,Malacothrix grains,,,,,,,,,,,,,
S1,1.1,1,0,1,,,,,,,,,,,,,
S1,1.1,2,0,1,,,,,,,,,,,,,
S1,1.1,3,0,2,,,,,,,,,,,,,
S1,1.1,4,0,1,,,,,,,,,,,,,
S1,1.1,5,0,4,,,,,,,,,,,,,
S1,1.1,6,0,1,,,,,,,,,,,,,
S1,1.1,7,0,1,,,,,,,,,,,,,
S1,1.1,8,0,0,,,,,,,,,,,,,
S1,1.1,9,0,4,,,,,,,,,,,,,
S1,1.1,10,0,1,,,,,,,,,,,,,
S1,1.1,stigma,0,5,,,,,,,,,,,,,
S1,1.2,1,0,1,,,,,,,,,,,,,
S1,1.2,2,0,4,3,,,,,,,,,,,,
S1,1.2,3,1,4,2,2,,,,,,,,,,,
S1,1.2,4,0,1,,,,,,,,,,,,,
S1,1.2,5,0,1,,,,,,,,,,,,,
S1,1.2,6,0,2,1,,,,,,,,,,,,
S1,1.2,7,1,1,1,,,,,,,,,,,,
S1,1.2,8,0,1,3,,,,,,,,,,,,
S1,1.2,9,0,5,1,,,,,,,,,,,,
S1,1.2,10,0,4,,,,,,,,,,,,,
S1,1.2,stigma,0,16,,,,,,,,,,,,,
S1,1.3,1,0,2,,,,,,,,,,,,,
S1,1.3,2,1,2,,,,,,,,,,,,,
S1,1.3,3,0,2,,,,,,,,,,,,,
S1,1.3,4,0,1,,,,,,,,,,,,,
S1,1.3,5,0,0,,,,,,,,,,,,,
S1,1.3,6,0,1,1,,,,,,,,,,,,
S1,1.3,7,0,1,,,,,,,,,,,,,
S1,1.3,8,0,5,,,,,,,,,,,,,
S1,1.3,9,0,1,,,,,,,,,,,,,
S1,1.3,10,0,1,2,,,,,,,,,,,,
S1,1.3,stigma,1,11,,,,,,,,,,,,,
S1,2.1,1,0,2,,,,,,,,,,,,,
S1,2.1,2,0,1,,,,,,,,,,,,,
S1,2.1,3,0,5,,,,,,,,,,,,,
S1,2.1,4,1,3,,,,,,,,,,,,,
S1,2.1,5,2,2,2,,,,,,,,,,,,
S1,2.1,6,0,5,,,,,,,,,,,,,
S1,2.1,7,1,0,,,,,,,,,,,,,
S1,2.1,8,0,2,1,,,,,,,,,,,,
S1,2.1,9,1,2,7,,,,,,,,,,,,
S1,2.1,10,0,10,,,,,,,,,,,,,
S1,2.1,stigma,1,10,,,,,,,,,,,,,
S1,2.2,1,0,4,8,3,4,,,,,,,,,,
S1,2.2,2,0,11,,,,,,,,,,,,,
S1,2.2,3,0,11,,,,,,,,,,,,,
S1,2.2,4,2,7,6,2,,,,,,,,,,,
S1,2.2,5,2,7,4,,,,,,,,,,,,
S1,2.2,6,1,1,1,,,,,,,,,,,,
S1,2.2,7,0,4,,,,,,,,,,,,,
S1,2.2,8,0,5,,,,,,,,,,,,,
S1,2.2,9,0,2,,,,,,,,,,,,,
S1,2.2,10,3,4,1,,,,,,,,,,,,
S1,2.2,stigma,0,11,,,,,,,,,,,,,
S1,3.1,1,0,2,,,,,,,,,,,,,
S1,3.1,2,1,5,3,,,,,,,,,,,,
S1,3.1,3,0,1,7,,,,,,,,,,,,
S1,3.1,4,1,4,1,,,,,,,,,,,,
S1,3.1,5,2,4,4,,,,,,,,,,,,
S1,3.1,6,0,0,0,,,,,,,,,,,,
S1,3.1,7,0,0,,,,,,,,,,,,,
S1,3.1,8,0,8,,,,,,,,,,,,,
S1,3.1,9,0,0,,,,,,,,,,,,,
S1,3.1,10,0,0,,,,,,,,,,,,,
S1,3.1,stigma,1,7,8,,,,,,,,,,,,
S1,3.2,1,,2,1,1,3,1,3,3,9,3,2,,,,
S1,3.2,2,,2,1,2,3,1,2,1,1,,,,,,
S1,3.2,3,,1,1,2,1,1,1,,,,,,,,
S1,3.2,4,,1,2,,,,,,,,,,,,
S1,3.2,5,,1,1,6,1,,,,,,,,,,
S1,3.2,6,,1,1,7,1,,,,,,,,,,
S1,3.2,7,,1,1,1,1,1,1,3,2,,,,,,
S1,3.2,8,1,1,2,1,2,2,3,,,,,,,,
S1,3.2,9,2,1,1,1,1,2,2,2,2,1,,,,,
S1,3.2,10,1,2,2,1,1,1,,,,,,,,,
S1,3.2,stigma,1,3,1,4,,,,,,,,,,,
S1,3.3,1,,1,1,1,4,1,1,,,,,,,,
S1,3.3,2,,4,1,1,3,1,,,,,,,,,
S1,3.3,3,,1,,,,,,,,,,,,,
S1,3.3,4,2,1,1,2,1,1,1,4,,,,,,,
S1,3.3,5,,1,1,1,2,2,1,2,,,,,,,
S1,3.3,6,,2,2,2,1,2,,,,,,,,,
S1,3.3,7,1,1,1,1,1,,,,,,,,,,
S1,3.3,8,,0,,,,,,,,,,,,,
S1,3.3,9,,2,1,2,1,1,1,1,,,,,,,
S1,3.3,10,,1,2,1,2,3,1,,,,,,,,
S1,3.3,stigma,,0,,,,,,,,,,,,,
O1,1.1,1,,13,1,1,1,1,5,,,,,,,,
O1,1.1,2,1,3,3,,,,,,,,,,,,
O1,1.1,3,1,3,3,2,13,1,,,,,,,,,
O1,1.1,4,,3,2,1,8,,,,,,,,,,
O1,1.1,5,,5,3,,,,,,,,,,,,
O1,1.1,6,,2,1,,,,,,,,,,,,
O1,1.1,7,,3,,,,,,,,,,,,,
O1,1.1,8,1,2,1,1,,,,,,,,,,,
O1,1.1,9,,1,4,2,,,,,,,,,,,
O1,1.1,10,4,2,1,1,3,,,,,,,,,,
O1,1.1,stigma,1,4,,,,,,,,,,,,,
O1,1.2,1,,2,1,,,,,,,,,,,,
O1,1.2,2,,2,1,,,,,,,,,,,,
O1,1.2,3,,2,,,,,,,,,,,,,
O1,1.2,4,,2,1,1,,,,,,,,,,,
O1,1.2,5,,5,,,,,,,,,,,,,
O1,1.2,6,,2,,,,,,,,,,,,,
O1,1.2,7,,2,,,,,,,,,,,,,
O1,1.2,8,1,3,3,,,,,,,,,,,,
O1,1.2,9,,5,1,4,,,,,,,,,,,
O1,1.2,10,,2,1,2,2,1,6,,,,,,,,
O1,1.2,stigma,1,10,5,,,,,,,,,,,,
O1,1.3,1,,4,1,1,3,2,4,1,,,,,,,
O1,1.3,2,1,3,1,2,,,,,,,,,,,
O1,1.3,3,1,2,1,1,,,,,,,,,,,
O1,1.3,4,1,2,1,1,7,,,,,,,,,,
O1,1.3,5,,5,1,3,,,,,,,,,,,
O1,1.3,6,,2,,,,,,,,,,,,,
O1,1.3,7,,1,3,4,,,,,,,,,,,
O1,1.3,8,,3,,,,,,,,,,,,,
O1,1.3,9,,2,1,1,1,1,1,2,1,,,,,,
O1,1.3,10,,1,2,2,4,1,,,,,,,,,
O1,1.3,stigma,,9,8,,,,,,,,,,,,
O1,2.1,1,,3,6,5,3,9,2,2,,,,,,,
O1,2.1,2,,5,1,,,,,,,,,,,,
O1,2.1,3,,13,1,,,,,,,,,,,,
O1,2.1,4,1,7,4,5,3,,,,,,,,,,
O1,2.1,5,,2,1,6,,,,,,,,,,,
O1,2.1,6,1,2,1,,,,,,,,,,,,
O1,2.1,7,,0,,,,,,,,,,,,,
O1,2.1,8,,2,1,,,,,,,,,,,,
O1,2.1,9,,1,,,,,,,,,,,,,
O1,2.1,10,,0,,,,,,,,,,,,,
O1,2.1,stigma,,16,,,,,,,,,,,,,
O1,2.2,1,,2,1,,,,,,,,,,,,
O1,2.2,2,,1,1,,,,,,,,,,,,
O1,2.2,3,1,7,1,,,,,,,,,,,,
O1,2.2,4,,6,,,,,,,,,,,,,
O1,2.2,5,1,2,2,,,,,,,,,,,,
O1,2.2,6,,2,1,1,3,,,,,,,,,,
O1,2.2,7,,1,2,1,1,1,,,,,,,,,
O1,2.2,8,1,1,3,,,,,,,,,,,,
O1,2.2,9,1,2,1,1,,,,,,,,,,,
O1,2.2,10,,2,,,,,,,,,,,,,
O1,2.2,stigma,1,10,28,,,,,,,,,,,,
O1,2.3,1,,0,,,,,,,,,,,,,
O1,2.3,2,,1,,,,,,,,,,,,,
O1,2.3,3,,2,1,,,,,,,,,,,,
O1,2.3,4,,1,,,,,,,,,,,,,
O1,2.3,5,,4,1,1,,,,,,,,,,,
O1,2.3,6,1,1,2,2,3,,,,,,,,,,
O1,2.3,7,,2,2,,,,,,,,,,,,
O1,2.3,8,1,4,1,1,10,,,,,,,,,,
O1,2.3,9,,10,3,1,1,1,1,1,,,,,,,
O1,2.3,10,2,4,1,1,1,3,8,,,,,,,,
O1,2.3,stigma,,2,,,,,,,,,,,,,
O1,3.1,1,,0,,,,,,,,,,,,,
O1,3.1,2,,1,1,1,2,,,,,,,,,,
O1,3.1,3,,1,,,,,,,,,,,,,
O1,3.1,4,,1,,,,,,,,,,,,,
O1,3.1,5,,3,1,1,1,,,,,,,,,,
O1,3.1,6,,1,1,1,1,,,,,,,,,,
O1,3.1,7,,1,1,2,2,,,,,,,,,,
O1,3.1,8,,3,1,1,1,1,,,,,,,,,
O1,3.1,9,,1,,,,,,,,,,,,,
O1,3.1,10,,1,2,2,1,2,,,,,,,,,
O1,3.1,stigma,,14,,,,,,,,,,,,,
O1,3.2,1,1,6,1,7,7,1,5,6,5,1,3,2,,,
O1,3.2,2,1,5,2,1,4,5,5,2,4,2,2,,,,
O1,3.2,3,,3,5,5,5,,,,,,,,,,
O1,3.2,4,,7,1,,,,,,,,,,,,
O1,3.2,5,,6,3,,,,,,,,,,,,
O1,3.2,6,,9,1,3,,,,,,,,,,,
O1,3.2,7,,1,8,,,,,,,,,,,,
O1,3.2,8,,1,2,1,4,1,,,,,,,,,
O1,3.2,9,3,3,2,2,2,1,3,,,,,,,,
O1,3.2,10,3,5,1,3,2,2,4,2,,,,,,,
O1,3.2,stigma,,20,3,30,8,,,,,,,,,,
O1,3.3,1,,1,1,1,3,,,,,,,,,,
O1,3.3,2,,2,7,1,1,,,,,,,,,,
O1,3.3,3,,1,2,,,,,,,,,,,,
O1,3.3,4,,1,2,1,2,,,,,,,,,,
O1,3.3,5,,1,1,1,1,,,,,,,,,,
O1,3.3,6,,3,3,,,,,,,,,,,,
O1,3.3,7,1,2,2,1,1,3,1,,,,,,,,
O1,3.3,8,,4,1,2,4,1,,,,,,,,,
O1,3.3,9,,1,1,,,,,,,,,,,,
O1,3.3,10,,1,1,2,1,1,,,,,,,,,
O1,3.3,stigma,,9,,,,,,,,,,,,,
S2,1.1,1,,5,,,,,,,,,,,,,
S2,1.1,2,,2,3,1,1,,,,,,,,,,
S2,1.1,3,,1,2,,,,,,,,,,,,
S2,1.1,4,,2,1,2,,,,,,,,,,,
S2,1.1,5,,2,2,,,,,,,,,,,,
S2,1.1,6,,3,2,4,,,,,,,,,,,
S2,1.1,7,,1,3,,,,,,,,,,,,
S2,1.1,8,,5,1,2,2,,,,,,,,,,
S2,1.1,9,,2,2,,,,,,,,,,,,
S2,1.1,10,,1,4,,,,,,,,,,,,
S2,1.1,stigma,,0,,,,,,,,,,,,,
S2,1.2,1,,1,,,,,,,,,,,,,
S2,1.2,2,,1,4,2,1,,,,,,,,,,
S2,1.2,3,2,1,1,1,1,2,1,,,,,,,,
S2,1.2,4,,2,2,1,3,,,,,,,,,,
S2,1.2,5,1,2,2,,,,,,,,,,,,
S2,1.2,6,,1,1,,,,,,,,,,,,
S2,1.2,7,,6,1,1,,,,,,,,,,,
S2,1.2,8,,1,1,1,1,,,,,,,,,,
S2,1.2,9,,0,,,,,,,,,,,,,
S2,1.2,10,,0,,,,,,,,,,,,,
S2,1.2,stigma,1,4,32,,,,,,,,,,,,
S2,1.3,1,,3,2,1,2,,,,,,,,,,
S2,1.3,2,,1,1,2,1,,,,,,,,,,
S2,1.3,3,,1,1,1,,,,,,,,,,,
S2,1.3,4,,4,1,,,,,,,,,,,,
S2,1.3,5,,0,,,,,,,,,,,,,
S2,1.3,6,,1,1,1,2,3,,,,,,,,,
S2,1.3,7,,1,2,1,3,,,,,,,,,,
S2,1.3,8,1,1,1,3,2,1,1,1,2,2,4,,,,
S2,1.3,9,1,4,1,1,1,1,,,,,,,,,
S2,1.3,10,,1,1,,,,,,,,,,,,
S2,1.3,stigma,,14,,,,,,,,,,,,,
S2,2.1,1,,2,1,1,3,,,,,,,,,,
S2,2.1,2,,1,2,1,1,,,,,,,,,,
S2,2.1,3,,1,2,1,1,,,,,,,,,,
S2,2.1,4,,1,1,1,2,,,,,,,,,,
S2,2.1,5,,1,,,,,,,,,,,,,
S2,2.1,6,,1,,,,,,,,,,,,,
S2,2.1,7,,1,1,2,1,,,,,,,,,,
S2,2.1,8,,3,,,,,,,,,,,,,
S2,2.1,9,1,2,,,,,,,,,,,,,
S2,2.1,10,,0,,,,,,,,,,,,,
S2,2.1,stigma,,6,,,,,,,,,,,,,
S2,2.2,1,2,2,2,1,1,4,1,1,,,,,,,
S2,2.2,2,,4,2,1,2,2,1,2,,,,,,,
S2,2.2,3,2,1,1,1,7,,,,,,,,,,
S2,2.2,4,1,2,2,,,,,,,,,,,,
S2,2.2,5,1,1,,,,,,,,,,,,,
S2,2.2,6,,4,3,1,1,2,1,2,,,,,,,
S2,2.2,7,,2,7,,,,,,,,,,,,
S2,2.2,8,2,1,2,2,,,,,,,,,,,
S2,2.2,9,2,1,2,,,,,,,,,,,,
S2,2.2,10,,0,,,,,,,,,,,,,
S2,2.2,stigma,,13,,,,,,,,,,,,,
S2,2.3,1,,6,3,2,3,1,3,2,5,,,,,,
S2,2.3,2,1,2,1,1,1,3,1,1,3,,,,,,
S2,2.3,3,,2,2,6,,,,,,,,,,,
S2,2.3,4,2,2,2,1,,,,,,,,,,,
S2,2.3,5,,1,2,1,2,1,,,,,,,,,
S2,2.3,6,,1,2,3,1,,,,,,,,,,
S2,2.3,7,,7,4,3,2,1,,,,,,,,,
S2,2.3,8,,0,,,,,,,,,,,,,
S2,2.3,9,,0,,,,,,,,,,,,,
S2,2.3,10,,0,,,,,,,,,,,,,
S2,2.3,stigma,1,15,7,18,,,,,,,,,,,
S2,3.1,1,,0,,,,,,,,,,,,,
S2,3.1,2,,1,,,,,,,,,,,,,
S2,3.1,3,1,1,1,1,,,,,,,,,,,
S2,3.1,4,1,3,1,1,,,,,,,,,,,
S2,3.1,5,1,1,3,3,,,,,,,,,,,
S2,3.1,6,,1,,,,,,,,,,,,,
S2,3.1,7,,1,1,3,1,,,,,,,,,,
S2,3.1,8,1,1,,,,,,,,,,,,,
S2,3.1,9,,2,1,,,,,,,,,,,,
S2,3.1,10,,1,1,1,1,2,,,,,,,,,
S2,3.1,stigma,1,3,,,,,,,,,,,,,
S2,3.2,1,,2,1,1,1,1,,,,,,,,,
S2,3.2,2,,1,2,,,,,,,,,,,,
S2,3.2,3,,0,,,,,,,,,,,,,
S2,3.2,4,,1,,,,,,,,,,,,,
S2,3.2,5,,1,1,,,,,,,,,,,,
S2,3.2,6,1,1,1,1,,,,,,,,,,,
S2,3.2,7,,7,1,1,1,,,,,,,,,,
S2,3.2,8,,1,1,,,,,,,,,,,,
S2,3.2,9,,1,1,1,,,,,,,,,,,
S2,3.2,10,,0,,,,,,,,,,,,,
S2,3.2,stigma,,2,,,,,,,,,,,,,
S2,3.3,1,,3,1,3,1,4,1,3,,,,,,,
S2,3.3,2,2,1,2,1,1,1,1,1,1,,,,,,
S2,3.3,3,1,1,4,1,1,,,,,,,,,,
S2,3.3,4,2,3,3,,,,,,,,,,,,
S2,3.3,5,,1,1,1,1,,,,,,,,,,
S2,3.3,6,,5,1,,,,,,,,,,,,
S2,3.3,7,1,1,1,2,1,,,,,,,,,,
S2,3.3,8,,2,7,3,2,1,1,,,,,,,,
S2,3.3,9,,1,2,1,2,2,1,1,2,5,,,,,
S2,3.3,10,1,1,3,1,1,1,1,,,,,,,,
S2,3.3,stigma,1,6,,,,,,,,,,,,,
O2,1.1,1,,1,,,,,,,,,,,,,
O2,1.1,2,,1,3,1,,,,,,,,,,,
O2,1.1,3,,1,1,3,,,,,,,,,,,
O2,1.1,4,,2,,,,,,,,,,,,,
O2,1.1,5,,2,1,,,,,,,,,,,,
O2,1.1,6,,2,1,3,1,,,,,,,,,,
O2,1.1,7,,3,,,,,,,,,,,,,
O2,1.1,8,,2,,,,,,,,,,,,,
O2,1.1,9,,3,,,,,,,,,,,,,
O2,1.1,10,,3,3,4,1,,,,,,,,,,
O2,1.1,stigma,,10,25,,,,,,,,,,,,
O2,1.2,1,,1,6,6,,,,,,,,,,,
O2,1.2,2,,8,1,,,,,,,,,,,,
O2,1.2,3,,1,,,,,,,,,,,,,
O2,1.2,4,1,3,1,,,,,,,,,,,,
O2,1.2,5,,1,,,,,,,,,,,,,
O2,1.2,6,,2,,,,,,,,,,,,,
O2,1.2,7,,5,,,,,,,,,,,,,
O2,1.2,8,1,3,,,,,,,,,,,,,
O2,1.2,9,1,1,7,1,,,,,,,,,,,
O2,1.2,10,,3,,,,,,,,,,,,,
O2,1.2,stigma,,0,,,,,,,,,,,,,
O2,1.3,1,,5,5,1,,,,,,,,,,,
O2,1.3,2,,8,,,,,,,,,,,,,
O2,1.3,3,,3,,,,,,,,,,,,,
O2,1.3,4,,5,,,,,,,,,,,,,
O2,1.3,5,,2,2,,,,,,,,,,,,
O2,1.3,6,,2,1,,,,,,,,,,,,
O2,1.3,7,,0,,,,,,,,,,,,,
O2,1.3,8,,1,1,,,,,,,,,,,,
O2,1.3,9,1,3,1,1,2,,,,,,,,,,
O2,1.3,10,,1,1,3,1,1,,,,,,,,,
O2,1.3,stigma,,1,,,,,,,,,,,,,
O2,2.1,1,,0,,,,,,,,,,,,,
O2,2.1,2,,0,,,,,,,,,,,,,
O2,2.1,3,,2,,,,,,,,,,,,,
O2,2.1,4,,0,,,,,,,,,,,,,
O2,2.1,5,,1,,,,,,,,,,,,,
O2,2.1,6,,1,1,,,,,,,,,,,,
O2,2.1,7,1,0,,,,,,,,,,,,,
O2,2.1,8,,2,1,,,,,,,,,,,,
O2,2.1,9,,2,1,4,,,,,,,,,,,
O2,2.1,10,2,4,3,2,1,4,,,,,,,,,
O2,2.1,stigma,,11,,,,,,,,,,,,,
O2,2.2,1,,1,1,,,,,,,,,,,,
O2,2.2,2,,2,1,,,,,,,,,,,,
O2,2.2,3,,0,,,,,,,,,,,,,
O2,2.2,4,,1,,,,,,,,,,,,,
O2,2.2,5,1,5,1,1,,,,,,,,,,,
O2,2.2,6,,1,1,1,2,,,,,,,,,,
O2,2.2,7,,1,2,1,,,,,,,,,,,
O2,2.2,8,1,1,1,1,2,,,,,,,,,,
O2,2.2,9,,4,1,1,2,1,4,,,,,,,,
O2,2.2,10,,1,2,1,2,,,,,,,,,,
O2,2.2,stigma,1,7,,,,,,,,,,,,,
O2,2.3,1,,0,,,,,,,,,,,,,
O2,2.3,2,,1,2,,,,,,,,,,,,
O2,2.3,3,,2,,,,,,,,,,,,,
O2,2.3,4,,1,5,,,,,,,,,,,,
O2,2.3,5,,1,1,,,,,,,,,,,,
O2,2.3,6,,1,,,,,,,,,,,,,
O2,2.3,7,1,2,1,1,,,,,,,,,,,
O2,2.3,8,,1,2,1,,,,,,,,,,,
O2,2.3,9,,2,,,,,,,,,,,,,
O2,2.3,10,,0,,,,,,,,,,,,,
O2,2.3,stigma,,3,,,,,,,,,,,,,
O2,3.3,1,,3,,,,,,,,,,,,,
O2,3.3,2,,1,1,,,,,,,,,,,,
O2,3.3,3,,1,4,1,,,,,,,,,,,
O2,3.3,4,,1,1,,,,,,,,,,,,
O2,3.3,5,2,1,,,,,,,,,,,,,
O2,3.3,6,,2,1,,,,,,,,,,,,
O2,3.3,7,,0,,,,,,,,,,,,,
O2,3.3,8,,2,,,,,,,,,,,,,
O2,3.3,9,1,1,2,,,,,,,,,,,,
O2,3.3,10,,2,1,1,1,,,,,,,,,,
O2,3.3,stigma,1,1,,,,,,,,,,,,,
S3,1.1,1,1,1,3,3,1,1,1,3,,,,,,,
S3,1.1,2,,3,1,1,1,4,1,,,,,,,,
S3,1.1,3,1,1,3,,,,,,,,,,,,
S3,1.1,4,,2,1,1,2,,,,,,,,,,
S3,1.1,5,,3,1,2,1,1,3,,,,,,,,
S3,1.1,6,,4,1,1,1,2,1,,,,,,,,
S3,1.1,7,,8,,,,,,,,,,,,,
S3,1.1,8,,1,1,1,2,2,,,,,,,,,
S3,1.1,9,,1,1,1,2,2,1,1,1,,,,,,
S3,1.1,10,,10,1,1,1,,,,,,,,,,
S3,1.1,stigma,4,27,10,8,8,,,,,,,,,,
S3,1.2,1,,2,,,,,,,,,,,,,
S3,1.2,2,,2,1,,,,,,,,,,,,
S3,1.2,3,,1,1,2,1,,,,,,,,,,
S3,1.2,4,,1,1,,,,,,,,,,,,
S3,1.2,5,,3,2,,,,,,,,,,,,
S3,1.2,6,1,1,1,4,,,,,,,,,,,
S3,1.2,7,2,7,1,1,2,3,1,1,,,,,,,
S3,1.2,8,1,3,1,2,1,1,2,,,,,,,,
S3,1.2,9,,1,1,2,2,3,2,1,2,2,,,,,
S3,1.2,10,,4,2,1,,,,,,,,,,,
S3,1.2,stigma,5,19,12,2,,,,,,,,,,,
S3,1.3,1,,5,5,3,2,7,16,14,3,1,,,,,
S3,1.3,2,1,24,11,6,,,,,,,,,,,
S3,1.3,3,,7,1,10,,,,,,,,,,,
S3,1.3,4,1,14,12,9,1,,,,,,,,,,
S3,1.3,5,,9,16,1,,,,,,,,,,,
S3,1.3,6,1,17,22,,,,,,,,,,,,
S3,1.3,7,,3,2,1,11,,,,,,,,,,
S3,1.3,8,2,6,4,1,2,1,1,1,11,1,6,,,,
S3,1.3,9,2,2,3,8,6,18,3,2,3,1,2,5,5,,
S3,1.3,10,,9,3,9,2,,,,,,,,,,
S3,1.3,stigma,,9,,,,,,,,,,,,,
S3,2.1,1,,5,1,7,9,1,,,,,,,,,
S3,2.1,2,3,9,13,2,1,5,3,,,,,,,,
S3,2.1,3,,2,1,1,4,1,,,,,,,,,
S3,2.1,4,,2,,,,,,,,,,,,,
S3,2.1,5,,3,7,,,,,,,,,,,,
S3,2.1,6,,4,,,,,,,,,,,,,
S3,2.1,7,,1,1,12,,,,,,,,,,,
S3,2.1,8,,9,1,1,,,,,,,,,,,
S3,2.1,9,,2,1,1,1,1,3,2,4,,,,,,
S3,2.1,10,,2,1,2,,,,,,,,,,,
S3,2.1,stigma,,34,,,,,,,,,,,,,
S3,2.2,1,1,1,,,,,,,,,,,,,
S3,2.2,2,,2,3,3,,,,,,,,,,,
S3,2.2,3,,2,,,,,,,,,,,,,
S3,2.2,4,,0,,,,,,,,,,,,,
S3,2.2,5,,3,2,,,,,,,,,,,,
S3,2.2,6,,0,,,,,,,,,,,,,
S3,2.2,7,,1,,,,,,,,,,,,,
S3,2.2,8,,1,1,,,,,,,,,,,,
S3,2.2,9,,1,,,,,,,,,,,,,
S3,2.2,10,,1,,,,,,,,,,,,,
S3,2.2,stigma,,15,,,,,,,,,,,,,
S3,2.3,1,1,2,1,1,3,2,1,4,,,,,,,
S3,2.3,2,2,5,1,1,1,2,2,1,6,,,,,,
S3,2.3,3,1,4,1,1,1,2,5,,,,,,,,
S3,2.3,4,,3,1,1,1,,,,,,,,,,
S3,2.3,5,,1,1,1,1,1,2,3,1,,,,,,
S3,2.3,6,,2,2,1,1,1,,,,,,,,,
S3,2.3,7,3,1,2,3,,,,,,,,,,,
S3,2.3,8,,3,1,1,1,1,1,,,,,,,,
S3,2.3,9,1,2,1,1,6,,,,,,,,,,
S3,2.3,10,1,1,1,4,1,1,2,1,,,,,,,
S3,2.3,stigma,2,7,76,39,8,18,,,,,,,,,
S3,3.1,1,,2,3,,,,,,,,,,,,
S3,3.1,2,6,1,1,6,6,,,,,,,,,,
S3,3.1,3,,1,1,1,1,1,,,,,,,,,
S3,3.1,4,,1,1,1,,,,,,,,,,,
S3,3.1,5,3,1,1,6,,,,,,,,,,,
S3,3.1,6,1,2,1,2,,,,,,,,,,,
S3,3.1,7,1,2,,,,,,,,,,,,,
S3,3.1,8,2,1,1,1,2,,,,,,,,,,
S3,3.1,9,1,1,2,,,,,,,,,,,,
S3,3.1,10,,2,4,,,,,,,,,,,,
S3,3.1,stigma,1,3,,,,,,,,,,,,,
S3,3.2,1,,2,10,8,1,,,,,,,,,,
S3,3.2,2,,1,9,,,,,,,,,,,,
S3,3.2,3,1,4,,,,,,,,,,,,,
S3,3.2,4,,2,,,,,,,,,,,,,
S3,3.2,5,,3,,,,,,,,,,,,,
S3,3.2,6,,0,,,,,,,,,,,,,
S3,3.2,7,,0,,,,,,,,,,,,,
S3,3.2,8,8,14,8,2,,,,,,,,,,,
S3,3.2,9,,3,,,,,,,,,,,,,
S3,3.2,10,1,0,,,,,,,,,,,,,
S3,3.2,stigma,1,1,,,,,,,,,,,,,
S3,3.3,1,,1,1,,,,,,,,,,,,
S3,3.3,2,,0,,,,,,,,,,,,,
S3,3.3,3,,0,,,,,,,,,,,,,
S3,3.3,4,,0,,,,,,,,,,,,,
S3,3.3,5,,0,,,,,,,,,,,,,
S3,3.3,6,,2,,,,,,,,,,,,,
S3,3.3,7,,0,,,,,,,,,,,,,
S3,3.3,8,,0,,,,,,,,,,,,,
S3,3.3,9,1,1,,,,,,,,,,,,,
S3,3.3,10,,1,,,,,,,,,,,,,
S3,3.3,stigma,,0,,,,,,,,,,,,,
O3,1.1,1,,8,2,,,,,,,,,,,,
O3,1.1,2,2,1,2,,,,,,,,,,,,
O3,1.1,3,,1,1,,,,,,,,,,,,
O3,1.1,4,,0,,,,,,,,,,,,,
O3,1.1,5,,1,,,,,,,,,,,,,
O3,1.1,6,,3,,,,,,,,,,,,,
O3,1.1,7,,1,2,,,,,,,,,,,,
O3,1.1,8,,2,,,,,,,,,,,,,
O3,1.1,9,1,2,1,3,,,,,,,,,,,
O3,1.1,10,2,2,2,2,3,3,,,,,,,,,
O3,1.1,stigma,,18,,,,,,,,,,,,,
O3,1.2,1,1,2,1,1,1,,,,,,,,,,
O3,1.2,2,2,1,4,,,,,,,,,,,,
O3,1.2,3,,5,1,,,,,,,,,,,,
O3,1.2,4,2,3,6,,,,,,,,,,,,
O3,1.2,5,,0,,,,,,,,,,,,,
O3,1.2,6,,0,,,,,,,,,,,,,
O3,1.2,7,,1,,,,,,,,,,,,,
O3,1.2,8,,0,,,,,,,,,,,,,
O3,1.2,9,,1,,,,,,,,,,,,,
O3,1.2,10,1,0,,,,,,,,,,,,,
O3,1.2,stigma,,6,,,,,,,,,,,,,
O3,1.3,1,,2,1,1,,,,,,,,,,,
O3,1.3,2,1,8,1,,,,,,,,,,,,
O3,1.3,3,,0,,,,,,,,,,,,,
O3,1.3,4,,1,,,,,,,,,,,,,
O3,1.3,5,1,0,,,,,,,,,,,,,
O3,1.3,6,,1,1,,,,,,,,,,,,
O3,1.3,7,,1,1,,,,,,,,,,,,
O3,1.3,8,2,1,1,1,,,,,,,,,,,
O3,1.3,9,1,0,,,,,,,,,,,,,
O3,1.3,10,,0,,,,,,,,,,,,,
O3,1.3,stigma,1,5,11,,,,,,,,,,,,
O3,2.1,1,1,5,1,2,6,,,,,,,,,,
O3,2.1,2,1,5,9,1,1,2,,,,,,,,,
O3,2.1,3,,1,1,2,2,,,,,,,,,,
O3,2.1,4,,0,,,,,,,,,,,,,
O3,2.1,5,1,0,,,,,,,,,,,,,
O3,2.1,6,,1,2,,,,,,,,,,,,
O3,2.1,7,1,1,1,1,2,,,,,,,,,,
O3,2.1,8,,2,1,2,5,,,,,,,,,,
O3,2.1,9,2,3,1,1,,,,,,,,,,,
O3,2.1,10,1,1,1,3,1,1,7,,,,,,,,
O3,2.1,stigma,1,5,,,,,,,,,,,,,
O3,2.2,1,2,1,,,,,,,,,,,,,
O3,2.2,2,,0,,,,,,,,,,,,,
O3,2.2,3,1,0,,,,,,,,,,,,,
O3,2.2,4,3,2,1,,,,,,,,,,,,
O3,2.2,5,,1,,,,,,,,,,,,,
O3,2.2,6,,0,,,,,,,,,,,,,
O3,2.2,7,1,1,,,,,,,,,,,,,
O3,2.2,8,1,0,,,,,,,,,,,,,
O3,2.2,9,2,2,,,,,,,,,,,,,
O3,2.2,10,,1,1,,,,,,,,,,,,
O3,2.2,stigma,,9,,,,,,,,,,,,,
O3,2.3,1,1,9,5,1,1,1,,,,,,,,,
O3,2.3,2,3,1,6,1,,,,,,,,,,,
O3,2.3,3,3,2,1,1,,,,,,,,,,,
O3,2.3,4,2,9,1,5,1,,,,,,,,,,
O3,2.3,5,,1,1,,,,,,,,,,,,
O3,2.3,6,,1,1,3,,,,,,,,,,,
O3,2.3,7,2,13,4,,,,,,,,,,,,
O3,2.3,8,,1,2,3,1,,,,,,,,,,
O3,2.3,9,2,4,5,,,,,,,,,,,,
O3,2.3,10,,3,2,1,4,,,,,,,,,,
O3,2.3,stigma,,34,,,,,,,,,,,,,
O3,3.1,1,,0,,,,,,,,,,,,,
O3,3.1,2,,5,,,,,,,,,,,,,
O3,3.1,3,1,1,1,,,,,,,,,,,,
O3,3.1,4,,1,1,2,,,,,,,,,,,
O3,3.1,5,,3,,,,,,,,,,,,,
O3,3.1,6,,1,,,,,,,,,,,,,
O3,3.1,7,,0,,,,,,,,,,,,,
O3,3.1,8,,2,,,,,,,,,,,,,
O3,3.1,9,,1,3,2,,,,,,,,,,,
O3,3.1,10,,1,,,,,,,,,,,,,
O3,3.1,stigma,,9,,,,,,,,,,,,,
O3,3.2,1,1,0,,,,,,,,,,,,,
O3,3.2,2,,1,1,1,1,1,,,,,,,,,
O3,3.2,3,1,2,1,,,,,,,,,,,,
O3,3.2,4,1,1,1,1,3,,,,,,,,,,
O3,3.2,5,3,1,,,,,,,,,,,,,
O3,3.2,6,1,1,,,,,,,,,,,,,
O3,3.2,7,1,1,2,,,,,,,,,,,,
O3,3.2,8,,0,,,,,,,,,,,,,
O3,3.2,9,,2,,,,,,,,,,,,,
O3,3.2,10,,0,,,,,,,,,,,,,
O3,3.2,stigma,,20,,,,,,,,,,,,,
O3,3.3,1,2,1,1,4,,,,,,,,,,,
O3,3.3,2,1,1,1,1,,,,,,,,,,,
O3,3.3,3,3,1,2,1,3,,,,,,,,,,
O3,3.3,4,2,1,,,,,,,,,,,,,
O3,3.3,5,1,0,,,,,,,,,,,,,
O3,3.3,6,,3,1,,,,,,,,,,,,
O3,3.3,7,,0,,,,,,,,,,,,,
O3,3.3,8,,1,,,,,,,,,,,,,
O3,3.3,9,,1,1,,,,,,,,,,,,
O3,3.3,10,,1,,,,,,,,,,,,,
O3,3.3,stigma,2,8,6,,,,,,,,,,,,
S4,1.1,1,,1,1,1,,,,,,,,,,,
S4,1.1,2,,1,1,2,1,1,8,,,,,,,,
S4,1.1,3,,3,1,1,2,1,,,,,,,,,
S4,1.1,4,1,1,2,,,,,,,,,,,,
S4,1.1,5,,6,1,,,,,,,,,,,,
S4,1.1,6,,1,2,2,,,,,,,,,,,
S4,1.1,7,1,1,,,,,,,,,,,,,
S4,1.1,8,,1,,,,,,,,,,,,,
S4,1.1,9,1,0,,,,,,,,,,,,,
S4,1.1,10,,1,,,,,,,,,,,,,
S4,1.1,stigma,,5,,,,,,,,,,,,,
S4,1.2,1,1,0,,,,,,,,,,,,,
S4,1.2,2,1,0,,,,,,,,,,,,,
S4,1.2,3,,0,,,,,,,,,,,,,
S4,1.2,4,,0,,,,,,,,,,,,,
S4,1.2,5,,1,1,,,,,,,,,,,,
S4,1.2,6,,1,,,,,,,,,,,,,
S4,1.2,7,,0,,,,,,,,,,,,,
S4,1.2,8,,1,,,,,,,,,,,,,
S4,1.2,9,,0,,,,,,,,,,,,,
S4,1.2,10,,1,,,,,,,,,,,,,
S4,1.2,stigma,,5,,,,,,,,,,,,,
S4,1.3,1,1,4,1,2,1,1,2,,,,,,,,
S4,1.3,2,,3,3,,,,,,,,,,,,
S4,1.3,3,,4,,,,,,,,,,,,,
S4,1.3,4,1,6,,,,,,,,,,,,,
S4,1.3,5,,1,1,,,,,,,,,,,,
S4,1.3,6,,1,1,1,,,,,,,,,,,
S4,1.3,7,1,5,,,,,,,,,,,,,
S4,1.3,8,,1,1,,,,,,,,,,,,
S4,1.3,9,,3,,,,,,,,,,,,,
S4,1.3,10,,1,1,,,,,,,,,,,,
S4,1.3,stigma,,10,,,,,,,,,,,,,
S4,2.1,1,,0,,,,,,,,,,,,,
S4,2.1,2,,1,,,,,,,,,,,,,
S4,2.1,3,,0,,,,,,,,,,,,,
S4,2.1,4,,0,,,,,,,,,,,,,
S4,2.1,5,,1,,,,,,,,,,,,,
S4,2.1,6,1,0,,,,,,,,,,,,,
S4,2.1,7,,1,1,,,,,,,,,,,,
S4,2.1,8,,1,,,,,,,,,,,,,
S4,2.1,9,,2,1,3,2,,,,,,,,,,
S4,2.1,10,,1,,,,,,,,,,,,,
S4,2.1,stigma,1,3,,,,,,,,,,,,,
S4,2.2,1,,1,2,,,,,,,,,,,,
S4,2.2,2,,7,3,2,1,1,2,3,,,,,,,
S4,2.2,3,1,2,1,1,3,4,,,,,,,,,
S4,2.2,4,1,2,2,,,,,,,,,,,,
S4,2.2,5,,2,1,1,3,,,,,,,,,,
S4,2.2,6,,4,1,,,,,,,,,,,,
S4,2.2,7,,1,1,3,,,,,,,,,,,
S4,2.2,8,1,3,4,,,,,,,,,,,,
S4,2.2,9,,2,1,2,,,,,,,,,,,
S4,2.2,10,,2,1,1,4,,,,,,,,,,
S4,2.2,stigma,,39,,,,,,,,,,,,,
S4,2.3,1,,2,4,1,4,1,5,,,,,,,,
S4,2.3,2,1,0,,,,,,,,,,,,,
S4,2.3,3,1,1,1,2,1,,,,,,,,,,
S4,2.3,4,,1,5,,,,,,,,,,,,
S4,2.3,5,1,1,1,3,2,2,,,,,,,,,
S4,2.3,6,,1,2,,,,,,,,,,,,
S4,2.3,7,,1,2,,,,,,,,,,,,
S4,2.3,8,,7,,,,,,,,,,,,,
S4,2.3,9,,1,,,,,,,,,,,,,
S4,2.3,10,5,2,,,,,,,,,,,,,
S4,2.3,stigma,1,19,,,,,,,,,,,,,
S4,3.1,1,,0,,,,,,,,,,,,,
S4,3.1,2,,0,,,,,,,,,,,,,
S4,3.1,3,,1,,,,,,,,,,,,,
S4,3.1,4,,0,,,,,,,,,,,,,
S4,3.1,5,,0,,,,,,,,,,,,,
S4,3.1,6,,1,,,,,,,,,,,,,
S4,3.1,7,,5,1,,,,,,,,,,,,
S4,3.1,8,,4,1,4,,,,,,,,,,,
S4,3.1,9,2,2,1,1,,,,,,,,,,,
S4,3.1,10,,0,,,,,,,,,,,,,
S4,3.1,stigma,,15,,,,,,,,,,,,,
S4,3.2,1,1,1,2,,,,,,,,,,,,
S4,3.2,2,,4,1,3,1,,,,,,,,,,
S4,3.2,3,2,1,1,,,,,,,,,,,,
S4,3.2,4,,3,1,,,,,,,,,,,,
S4,3.2,5,1,2,5,,,,,,,,,,,,
S4,3.2,6,,4,1,1,,,,,,,,,,,
S4,3.2,7,,2,,,,,,,,,,,,,
S4,3.2,8,,1,1,,,,,,,,,,,,
S4,3.2,9,,1,1,,,,,,,,,,,,
S4,3.2,10,2,1,1,1,,,,,,,,,,,
S4,3.2,stigma,1,7,,,,,,,,,,,,,
S4,3.3,1,1,5,1,1,2,1,8,,,,,,,,
S4,3.3,2,,6,2,,,,,,,,,,,,
S4,3.3,3,,1,2,1,9,,,,,,,,,,
S4,3.3,4,,3,2,4,,,,,,,,,,,
S4,3.3,5,1,2,,,,,,,,,,,,,
S4,3.3,6,,0,,,,,,,,,,,,,
S4,3.3,7,2,2,4,,,,,,,,,,,,
S4,3.3,8,1,1,3,1,,,,,,,,,,,
S4,3.3,9,1,1,1,1,1,5,10,,,,,,,,
S4,3.3,10,3,3,4,5,1,2,1,,,,,,,,
S4,3.3,stigma,1,20,,,,,,,,,,,,,
O4,1.1,1,,2,2,2,2,1,1,1,,,,,,,
O4,1.1,2,,1,1,1,1,1,1,2,4,,,,,,
O4,1.1,3,,11,1,1,6,1,,,,,,,,,
O4,1.1,4,,1,1,,,,,,,,,,,,
O4,1.1,5,,1,1,,,,,,,,,,,,
O4,1.1,6,,3,1,,,,,,,,,,,,
O4,1.1,7,,1,,,,,,,,,,,,,
O4,1.1,8,,1,,,,,,,,,,,,,
O4,1.1,9,,1,3,1,,,,,,,,,,,
O4,1.1,10,1,1,1,4,1,,,,,,,,,,
O4,1.1,stigma,,27,,,,,,,,,,,,,
O4,1.2,1,,0,,,,,,,,,,,,,
O4,1.2,2,1,3,1,1,1,3,2,1,,,,,,,
O4,1.2,3,1,5,1,,,,,,,,,,,,
O4,1.2,4,,6,1,3,2,1,4,,,,,,,,
O4,1.2,5,2,7,3,2,1,5,2,,,,,,,,
O4,1.2,6,1,1,5,1,5,,,,,,,,,,
O4,1.2,7,,7,1,4,,,,,,,,,,,
O4,1.2,8,,11,1,2,3,2,,,,,,,,,
O4,1.2,9,1,6,1,2,,,,,,,,,,,
O4,1.2,10,,4,1,1,1,9,6,4,2,,,,,,
O4,1.2,stigma,1,25,,,,,,,,,,,,,
O4,1.3,1,1,1,,,,,,,,,,,,,
O4,1.3,2,1,1,1,1,,,,,,,,,,,
O4,1.3,3,,0,,,,,,,,,,,,,
O4,1.3,4,,1,,,,,,,,,,,,,
O4,1.3,5,1,1,,,,,,,,,,,,,
O4,1.3,6,,1,2,,,,,,,,,,,,
O4,1.3,7,,2,1,1,1,,,,,,,,,,
O4,1.3,8,,1,,,,,,,,,,,,,
O4,1.3,9,,1,1,1,,,,,,,,,,,
O4,1.3,10,,3,,,,,,,,,,,,,
O4,1.3,stigma,,21,,,,,,,,,,,,,
O4,2.1,1,,1,2,2,1,6,2,5,,,,,,,
O4,2.1,2,2,11,1,2,2,1,1,1,,,,,,,
O4,2.1,3,,1,1,,,,,,,,,,,,
O4,2.1,4,,0,,,,,,,,,,,,,
O4,2.1,5,,3,1,,,,,,,,,,,,
O4,2.1,6,,0,,,,,,,,,,,,,
O4,2.1,7,,3,,,,,,,,,,,,,
O4,2.1,8,,2,,,,,,,,,,,,,
O4,2.1,9,,2,1,1,1,2,,,,,,,,,
O4,2.1,10,2,1,2,,,,,,,,,,,,
O4,2.1,stigma,,29,,,,,,,,,,,,,
O4,2.2,1,1,3,1,,,,,,,,,,,,
O4,2.2,2,,0,,,,,,,,,,,,,
O4,2.2,3,1,1,1,,,,,,,,,,,,
O4,2.2,4,,1,1,1,,,,,,,,,,,
O4,2.2,5,,1,,,,,,,,,,,,,
O4,2.2,6,,3,3,,,,,,,,,,,,
O4,2.2,7,,0,,,,,,,,,,,,,
O4,2.2,8,,1,2,,,,,,,,,,,,
O4,2.2,9,3,1,1,,,,,,,,,,,,
O4,2.2,10,,1,1,1,,,,,,,,,,,
O4,2.2,stigma,,0,,,,,,,,,,,,,
O4,2.3,1,,0,,,,,,,,,,,,,
O4,2.3,2,,1,1,2,,,,,,,,,,,
O4,2.3,3,,1,,,,,,,,,,,,,
O4,2.3,4,,1,,,,,,,,,,,,,
O4,2.3,5,,1,,,,,,,,,,,,,
O4,2.3,6,,5,3,,,,,,,,,,,,
O4,2.3,7,,2,1,1,3,1,2,,,,,,,,
O4,2.3,8,1,1,1,1,1,2,1,1,1,,,,,,
O4,2.3,9,1,2,3,1,1,2,,,,,,,,,
O4,2.3,10,,0,,,,,,,,,,,,,
O4,2.3,stigma,,22,,,,,,,,,,,,,
O4,3.1,1,3,4,1,3,2,1,3,1,3,,,,,,
O4,3.1,2,,3,4,1,,,,,,,,,,,
O4,3.1,3,1,1,6,3,,,,,,,,,,,
O4,3.1,4,,4,1,1,1,,,,,,,,,,
O4,3.1,5,,1,2,5,,,,,,,,,,,
O4,3.1,6,,2,1,,,,,,,,,,,,
O4,3.1,7,,1,4,1,2,,,,,,,,,,
O4,3.1,8,,2,1,5,,,,,,,,,,,
O4,3.1,9,,4,,,,,,,,,,,,,
O4,3.1,10,,1,1,5,,,,,,,,,,,
O4,3.1,stigma,,61,,,,,,,,,,,,,
O4,3.2,1,,8,4,1,2,1,1,1,1,3,1,2,3,1,
O4,3.2,2,1,1,3,3,2,1,2,3,1,5,1,1,1,,
O4,3.2,3,,6,5,4,2,1,,,,,,,,,
O4,3.2,4,1,4,1,8,,,,,,,,,,,
O4,3.2,5,,11,1,1,2,1,1,8,1,1,,,,,
O4,3.2,6,1,3,5,1,15,,,,,,,,,,
O4,3.2,7,,17,1,9,4,3,,,,,,,,,
O4,3.2,8,1,2,2,1,2,1,8,,,,,,,,
O4,3.2,9,3,2,3,1,1,1,1,4,9,3,1,,,,
O4,3.2,10,1,1,1,3,3,1,1,2,1,5,,,,,
O4,3.2,stigma,1,23,,,,,,,,,,,,,
O4,3.3,1,1,2,1,4,3,4,1,,,,,,,,
O4,3.3,2,,7,3,1,2,,,,,,,,,,
O4,3.3,3,,3,2,1,2,3,2,1,,,,,,,
O4,3.3,4,1,8,2,1,1,2,1,4,,,,,,,
O4,3.3,5,,3,2,1,,,,,,,,,,,
O4,3.3,6,2,1,6,1,5,2,,,,,,,,,
O4,3.3,7,1,1,1,11,1,2,1,2,1,1,,,,,
O4,3.3,8,2,3,6,1,4,6,1,,,,,,,,
O4,3.3,9,1,1,1,4,2,1,3,1,,,,,,,
O4,3.3,10,1,5,1,1,5,12,4,1,,,,,,,
O4,3.3,stigma,1,10,,,,,,,,,,,,,
S5,1.1,1,,1,1,1,1,,,,,,,,,,
S5,1.1,2,,3,1,1,1,,,,,,,,,,
S5,1.1,3,,1,,,,,,,,,,,,,
S5,1.1,4,,0,,,,,,,,,,,,,
S5,1.1,5,,1,1,,,,,,,,,,,,
S5,1.1,6,,1,1,1,,,,,,,,,,,
S5,1.1,7,,2,1,,,,,,,,,,,,
S5,1.1,8,1,1,2,,,,,,,,,,,,
S5,1.1,9,,3,1,1,1,,,,,,,,,,
S5,1.1,10,,1,1,,,,,,,,,,,,
S5,1.1,stigma,,0,,,,,,,,,,,,,
S5,1.2,1,1,2,2,2,3,2,2,1,1,,,,,,
S5,1.2,2,1,1,2,1,1,,,,,,,,,,
S5,1.2,3,1,13,1,3,,,,,,,,,,,
S5,1.2,4,,2,1,2,,,,,,,,,,,
S5,1.2,5,1,1,3,2,1,1,5,,,,,,,,
S5,1.2,6,,7,1,1,,,,,,,,,,,
S5,1.2,7,,1,,,,,,,,,,,,,
S5,1.2,8,,2,1,,,,,,,,,,,,
S5,1.2,9,,1,1,1,,,,,,,,,,,
S5,1.2,10,,1,,,,,,,,,,,,,
S5,1.2,stigma,,2,,,,,,,,,,,,,
S5,1.3,1,,1,1,,,,,,,,,,,,
S5,1.3,2,1,1,1,,,,,,,,,,,,
S5,1.3,3,,1,1,,,,,,,,,,,,
S5,1.3,4,,0,,,,,,,,,,,,,
S5,1.3,5,1,0,,,,,,,,,,,,,
S5,1.3,6,,1,,,,,,,,,,,,,
S5,1.3,7,,1,1,1,,,,,,,,,,,
S5,1.3,8,2,2,1,,,,,,,,,,,,
S5,1.3,9,,1,,,,,,,,,,,,,
S5,1.3,10,3,1,1,,,,,,,,,,,,
S5,1.3,stigma,1,4,,,,,,,,,,,,,
S5,2.1,1,,1,1,1,,,,,,,,,,,
S5,2.1,2,,1,1,1,1,1,1,,,,,,,,
S5,2.1,3,,1,1,2,1,1,,,,,,,,,
S5,2.1,4,,0,,,,,,,,,,,,,
S5,2.1,5,,2,1,1,,,,,,,,,,,
S5,2.1,6,,2,1,1,,,,,,,,,,,
S5,2.1,7,,2,3,,,,,,,,,,,,
S5,2.1,8,,1,1,1,,,,,,,,,,,
S5,2.1,9,1,1,2,2,1,3,,,,,,,,,
S5,2.1,10,1,5,1,1,1,1,1,,,,,,,,
S5,2.1,stigma,,3,,,,,,,,,,,,,
S5,2.2,1,1,2,4,,,,,,,,,,,,
S5,2.2,2,1,3,1,2,1,,,,,,,,,,
S5,2.2,3,1,14,1,1,1,2,1,,,,,,,,
S5,2.2,4,,1,1,,,,,,,,,,,,
S5,2.2,5,,5,3,,,,,,,,,,,,
S5,2.2,6,,1,1,3,,,,,,,,,,,
S5,2.2,7,,4,1,1,,,,,,,,,,,
S5,2.2,8,,1,6,1,1,4,,,,,,,,,
S5,2.2,9,,3,5,,,,,,,,,,,,
S5,2.2,10,,1,,,,,,,,,,,,,
S5,2.2,stigma,,0,,,,,,,,,,,,,
S5,2.3,1,2,1,1,1,,,,,,,,,,,
S5,2.3,2,,1,,,,,,,,,,,,,
S5,2.3,3,,1,,,,,,,,,,,,,
S5,2.3,4,2,0,,,,,,,,,,,,,
S5,2.3,5,,1,,,,,,,,,,,,,
S5,2.3,6,,1,,,,,,,,,,,,,
S5,2.3,7,2,0,,,,,,,,,,,,,
S5,2.3,8,,1,2,,,,,,,,,,,,
S5,2.3,9,,1,2,1,2,1,,,,,,,,,
S5,2.3,10,,1,2,2,,,,,,,,,,,
S5,2.3,stigma,,3,,,,,,,,,,,,,
S5,3.1,1,,2,,,,,,,,,,,,,
S5,3.1,2,,2,1,,,,,,,,,,,,
S5,3.1,3,,1,,,,,,,,,,,,,
S5,3.1,4,,1,,,,,,,,,,,,,
S5,3.1,5,,0,,,,,,,,,,,,,
S5,3.1,6,,0,,,,,,,,,,,,,
S5,3.1,7,,1,,,,,,,,,,,,,
S5,3.1,8,,0,,,,,,,,,,,,,
S5,3.1,9,,0,,,,,,,,,,,,,
S5,3.1,10,,1,,,,,,,,,,,,,
S5,3.1,stigma,,2,,,,,,,,,,,,,
S5,3.2,1,1,2,1,2,1,,,,,,,,,,
S5,3.2,2,2,1,,,,,,,,,,,,,
S5,3.2,3,,1,,,,,,,,,,,,,
S5,3.2,4,,0,,,,,,,,,,,,,
S5,3.2,5,,1,,,,,,,,,,,,,
S5,3.2,6,1,2,2,,,,,,,,,,,,
S5,3.2,7,,0,,,,,,,,,,,,,
S5,3.2,8,,5,1,1,,,,,,,,,,,
S5,3.2,9,,1,,,,,,,,,,,,,
S5,3.2,10,,6,11,,,,,,,,,,,,
S5,3.2,stigma,2,24,31,,,,,,,,,,,,
S5,3.3,1,2,1,1,1,1,3,,,,,,,,,
S5,3.3,2,,1,1,,,,,,,,,,,,
S5,3.3,3,,3,2,2,1,1,2,1,1,,,,,,
S5,3.3,4,,3,,,,,,,,,,,,,
S5,3.3,5,1,0,,,,,,,,,,,,,
S5,3.3,6,,0,,,,,,,,,,,,,
S5,3.3,7,,0,,,,,,,,,,,,,
S5,3.3,8,,0,,,,,,,,,,,,,
S5,3.3,9,1,1,,,,,,,,,,,,,
S5,3.3,10,,1,,,,,,,,,,,,,
S5,3.3,stigma,,0,,,,,,,,,,,,,
O5,1.1,1,,2,1,1,,,,,,,,,,,
O5,1.1,2,1,7,1,,,,,,,,,,,,
O5,1.1,3,1,5,,,,,,,,,,,,,
O5,1.1,4,,3,1,4,,,,,,,,,,,
O5,1.1,5,,1,2,,,,,,,,,,,,
O5,1.1,6,,1,,,,,,,,,,,,,
O5,1.1,7,,1,1,,,,,,,,,,,,
O5,1.1,8,,1,1,1,1,,,,,,,,,,
O5,1.1,9,,1,,,,,,,,,,,,,
O5,1.1,10,,3,,,,,,,,,,,,,
O5,1.1,stigma,1,7,,,,,,,,,,,,,
O5,1.2,1,1,1,,,,,,,,,,,,,
O5,1.2,2,,1,1,,,,,,,,,,,,
O5,1.2,3,2,1,2,,,,,,,,,,,,
O5,1.2,4,,1,1,2,,,,,,,,,,,
O5,1.2,5,,2,1,,,,,,,,,,,,
O5,1.2,6,,1,1,,,,,,,,,,,,
O5,1.2,7,,2,1,,,,,,,,,,,,
O5,1.2,8,3,1,1,,,,,,,,,,,,
O5,1.2,9,3,2,1,1,1,,,,,,,,,,
O5,1.2,10,,1,,,,,,,,,,,,,
O5,1.2,stigma,1,8,,,,,,,,,,,,,
O5,1.3,1,,2,,,,,,,,,,,,,
O5,1.3,2,,1,,,,,,,,,,,,,
O5,1.3,3,,1,1,,,,,,,,,,,,
O5,1.3,4,,0,,,,,,,,,,,,,
O5,1.3,5,,0,,,,,,,,,,,,,
O5,1.3,6,,2,,,,,,,,,,,,,
O5,1.3,7,,2,2,1,,,,,,,,,,,
O5,1.3,8,1,2,1,,,,,,,,,,,,
O5,1.3,9,,1,1,,,,,,,,,,,,
O5,1.3,10,,1,1,,,,,,,,,,,,
O5,1.3,stigma,,0,,,,,,,,,,,,,
O5,2.1,1,,1,,,,,,,,,,,,,
O5,2.1,2,,1,,,,,,,,,,,,,
O5,2.1,3,1,1,,,,,,,,,,,,,
O5,2.1,4,,0,,,,,,,,,,,,,
O5,2.1,5,,0,,,,,,,,,,,,,
O5,2.1,6,,0,,,,,,,,,,,,,
O5,2.1,7,,0,,,,,,,,,,,,,
O5,2.1,8,,0,,,,,,,,,,,,,
O5,2.1,9,1,3,1,,,,,,,,,,,,
O5,2.1,10,1,1,2,,,,,,,,,,,,
O5,2.1,stigma,,2,,,,,,,,,,,,,
O5,2.2,1,,1,1,,,,,,,,,,,,
O5,2.2,2,,1,1,,,,,,,,,,,,
O5,2.2,3,1,1,,,,,,,,,,,,,
O5,2.2,4,1,1,1,1,,,,,,,,,,,
O5,2.2,5,1,1,1,1,1,2,,,,,,,,,
O5,2.2,6,1,1,,,,,,,,,,,,,
O5,2.2,7,,1,,,,,,,,,,,,,
O5,2.2,8,,1,,,,,,,,,,,,,
O5,2.2,9,,1,1,,,,,,,,,,,,
O5,2.2,10,,0,,,,,,,,,,,,,
O5,2.2,stigma,,1,,,,,,,,,,,,,
O5,2.3,1,,1,3,,,,,,,,,,,,
O5,2.3,2,2,2,2,,,,,,,,,,,,
O5,2.3,3,,1,,,,,,,,,,,,,
O5,2.3,4,,2,,,,,,,,,,,,,
O5,2.3,5,2,2,1,,,,,,,,,,,,
O5,2.3,6,1,3,1,,,,,,,,,,,,
O5,2.3,7,,1,,,,,,,,,,,,,
O5,2.3,8,,1,1,1,1,,,,,,,,,,
O5,2.3,9,1,1,,,,,,,,,,,,,
O5,2.3,10,,0,,,,,,,,,,,,,
O5,2.3,stigma,,9,,,,,,,,,,,,,
O5,3.1,1,,0,,,,,,,,,,,,,
O5,3.1,2,,0,,,,,,,,,,,,,
O5,3.1,3,,1,,,,,,,,,,,,,
O5,3.1,4,,1,1,2,3,4,,,,,,,,,
O5,3.1,5,,2,1,1,1,,,,,,,,,,
O5,3.1,6,,2,2,1,1,1,,,,,,,,,
O5,3.1,7,,1,1,,,,,,,,,,,,
O5,3.1,8,,2,1,1,1,,,,,,,,,,
O5,3.1,9,1,11,,,,,,,,,,,,,
O5,3.1,10,,1,1,2,1,,,,,,,,,,
O5,3.1,stigma,,20,,,,,,,,,,,,,
O5,3.2,1,,2,,,,,,,,,,,,,
O5,3.2,2,,0,,,,,,,,,,,,,
O5,3.2,3,,2,,,,,,,,,,,,,
O5,3.2,4,,1,2,1,,,,,,,,,,,
O5,3.2,5,,0,,,,,,,,,,,,,
O5,3.2,6,,0,,,,,,,,,,,,,
O5,3.2,7,1,4,1,1,,,,,,,,,,,
O5,3.2,8,,1,1,,,,,,,,,,,,
O5,3.2,9,,0,,,,,,,,,,,,,
O5,3.2,10,,2,,,,,,,,,,,,,
O5,3.2,stigma,1,13,,,,,,,,,,,,,
O5,3.3,1,2,1,1,1,1,,,,,,,,,,
O5,3.3,2,,4,2,2,,,,,,,,,,,
O5,3.3,3,,1,1,1,2,,,,,,,,,,
O5,3.3,4,,2,1,1,,,,,,,,,,,
O5,3.3,5,,1,1,1,1,1,,,,,,,,,
O5,3.3,6,,1,,,,,,,,,,,,,
O5,3.3,7,,2,,,,,,,,,,,,,
O5,3.3,8,,1,1,,,,,,,,,,,,
O5,3.3,9,1,1,1,,,,,,,,,,,,
O5,3.3,10,1,4,1,1,,,,,,,,,,,
O5,3.3,stigma,,2,,,,,,,,,,,,,
S6,1.1,1,,0,,,,,,,,,,,,,
S6,1.1,2,,1,1,1,1,,,,,,,,,,
S6,1.1,3,1,1,2,2,1,,,,,,,,,,
S6,1.1,4,1,1,4,1,3,,,,,,,,,,
S6,1.1,5,,2,1,1,2,,,,,,,,,,
S6,1.1,6,1,4,1,2,,,,,,,,,,,
S6,1.1,7,,1,2,,,,,,,,,,,,
S6,1.1,8,1,3,1,1,1,1,,,,,,,,,
S6,1.1,9,2,3,2,1,10,,,,,,,,,,
S6,1.1,10,,6,1,1,,,,,,,,,,,
S6,1.1,stigma,,35,,,,,,,,,,,,,
S6,1.2,1,,1,1,1,3,1,,,,,,,,,
S6,1.2,2,,2,1,,,,,,,,,,,,
S6,1.2,3,,4,,,,,,,,,,,,,
S6,1.2,4,,2,1,1,,,,,,,,,,,
S6,1.2,5,,1,2,2,,,,,,,,,,,
S6,1.2,6,,3,,,,,,,,,,,,,
S6,1.2,7,,1,1,,,,,,,,,,,,
S6,1.2,8,1,1,1,1,,,,,,,,,,,
S6,1.2,9,,1,1,1,1,,,,,,,,,,
S6,1.2,10,,1,1,,,,,,,,,,,,
S6,1.2,stigma,,13,,,,,,,,,,,,,
S6,1.3,1,,1,2,1,3,,,,,,,,,,
S6,1.3,2,,1,1,1,,,,,,,,,,,
S6,1.3,3,,1,1,,,,,,,,,,,,
S6,1.3,4,,1,,,,,,,,,,,,,
S6,1.3,5,,1,,,,,,,,,,,,,
S6,1.3,6,,2,1,,,,,,,,,,,,
S6,1.3,7,,1,1,,,,,,,,,,,,
S6,1.3,8,,1,1,,,,,,,,,,,,
S6,1.3,9,,0,,,,,,,,,,,,,
S6,1.3,10,,1,1,2,1,1,,,,,,,,,
S6,1.3,stigma,2,13,,,,,,,,,,,,,
S6,2.1,1,,1,1,2,2,2,,,,,,,,,
S6,2.1,2,,2,1,1,,,,,,,,,,,
S6,2.1,3,,1,1,,,,,,,,,,,,
S6,2.1,4,1,7,1,1,1,,,,,,,,,,
S6,2.1,5,,1,1,3,3,,,,,,,,,,
S6,2.1,6,,2,4,1,1,1,,,,,,,,,
S6,2.1,7,1,1,2,,,,,,,,,,,,
S6,2.1,8,,1,1,1,1,1,,,,,,,,,
S6,2.1,9,,1,,,,,,,,,,,,,
S6,2.1,10,1,1,2,,,,,,,,,,,,
S6,2.1,stigma,,34,,,,,,,,,,,,,
S6,2.2,1,,1,,,,,,,,,,,,,
S6,2.2,2,,1,1,1,6,3,1,,,,,,,,
S6,2.2,3,,2,1,1,1,1,,,,,,,,,
S6,2.2,4,,1,1,,,,,,,,,,,,
S6,2.2,5,3,1,2,,,,,,,,,,,,
S6,2.2,6,,1,4,6,,,,,,,,,,,
S6,2.2,7,1,,,,,,,,,,,,,,
S6,2.2,8,,6,1,1,,,,,,,,,,,
S6,2.2,9,1,1,1,1,1,,,,,,,,,,
S6,2.2,10,1,4,4,1,,,,,,,,,,,
S6,2.2,stigma,1,28,27,,,,,,,,,,,,
S6,2.3,1,1,1,1,,,,,,,,,,,,
S6,2.3,2,,0,,,,,,,,,,,,,
S6,2.3,3,,1,,,,,,,,,,,,,
S6,2.3,4,,1,1,,,,,,,,,,,,
S6,2.3,5,3,4,1,,,,,,,,,,,,
S6,2.3,6,1,2,1,1,,,,,,,,,,,
S6,2.3,7,,1,1,1,,,,,,,,,,,
S6,2.3,8,2,1,,,,,,,,,,,,,
S6,2.3,9,1,1,1,1,,,,,,,,,,,
S6,2.3,10,1,1,2,1,,,,,,,,,,,
S6,2.3,stigma,3,25,,,,,,,,,,,,,
S6,3.1,1,,1,,,,,,,,,,,,,
S6,3.1,2,,0,,,,,,,,,,,,,
S6,3.1,3,,1,,,,,,,,,,,,,
S6,3.1,4,,0,,,,,,,,,,,,,
S6,3.1,5,,1,,,,,,,,,,,,,
S6,3.1,6,,1,1,,,,,,,,,,,,
S6,3.1,7,,1,1,,,,,,,,,,,,
S6,3.1,8,,1,1,1,1,,,,,,,,,,
S6,3.1,9,,1,,,,,,,,,,,,,
S6,3.1,10,,1,1,1,1,,,,,,,,,,
S6,3.1,stigma,3,20,,,,,,,,,,,,,
S6,3.2,1,,1,1,1,,,,,,,,,,,
S6,3.2,2,,5,1,2,1,1,2,2,,,,,,,
S6,3.2,3,,1,1,1,1,1,1,1,,,,,,,
S6,3.2,4,,1,2,2,1,2,2,,,,,,,,
S6,3.2,5,,2,2,2,1,,,,,,,,,,
S6,3.2,6,,2,1,,,,,,,,,,,,
S6,3.2,7,,1,2,,,,,,,,,,,,
S6,3.2,8,,4,1,1,1,,,,,,,,,,
S6,3.2,9,,6,,,,,,,,,,,,,
S6,3.2,10,4,2,1,1,1,1,1,1,1,1,,,,,
S6,3.2,stigma,2,3,,,,,,,,,,,,,
S6,3.3,1,,1,,,,,,,,,,,,,
S6,3.3,2,2,1,1,3,2,,,,,,,,,,
S6,3.3,3,1,1,1,1,,,,,,,,,,,
S6,3.3,4,,1,1,,,,,,,,,,,,
S6,3.3,5,1,,,,,,,,,,,,,,
S6,3.3,6,,0,,,,,,,,,,,,,
S6,3.3,7,,0,,,,,,,,,,,,,
S6,3.3,8,,0,,,,,,,,,,,,,
S6,3.3,9,,1,,,,,,,,,,,,,
S6,3.3,10,,2,,,,,,,,,,,,,
S6,3.3,stigma,,32,,,,,,,,,,,,,
O6,1.1,1,1,4,1,3,1,1,1,1,,,,,,,
O6,1.1,2,2,2,1,1,1,1,2,1,,,,,,,
O6,1.1,3,1,2,1,1,1,1,3,3,2,1,,,,,
O6,1.1,4,1,1,1,1,2,1,1,,,,,,,,
O6,1.1,5,,1,1,,,,,,,,,,,,
O6,1.1,6,,1,1,2,2,4,,,,,,,,,
O6,1.1,7,1,1,1,1,,,,,,,,,,,
O6,1.1,8,,1,,,,,,,,,,,,,
O6,1.1,9,1,1,2,4,1,1,,,,,,,,,
O6,1.1,10,,0,,,,,,,,,,,,,
O6,1.1,stigma,,26,,,,,,,,,,,,,
O6,1.2,1,,14,1,1,1,1,3,3,1,,,,,,
O6,1.2,2,1,1,5,1,1,3,,,,,,,,,
O6,1.2,3,1,6,2,4,1,1,4,1,,,,,,,
O6,1.2,4,2,3,2,3,2,3,,,,,,,,,
O6,1.2,5,4,1,1,1,3,,,,,,,,,,
O6,1.2,6,,2,1,3,,,,,,,,,,,
O6,1.2,7,2,9,1,1,1,1,1,,,,,,,,
O6,1.2,8,1,1,1,4,,,,,,,,,,,
O6,1.2,9,,7,1,1,,,,,,,,,,,
O6,1.2,10,,1,4,1,,,,,,,,,,,
O6,1.2,stigma,1,22,24,3,,,,,,,,,,,
O6,1.3,1,,1,1,1,1,1,,,,,,,,,
O6,1.3,2,1,1,1,,,,,,,,,,,,
O6,1.3,3,1,1,1,1,1,1,,,,,,,,,
O6,1.3,4,,1,,,,,,,,,,,,,
O6,1.3,5,1,1,,,,,,,,,,,,,
O6,1.3,6,,1,,,,,,,,,,,,,
O6,1.3,7,1,1,1,,,,,,,,,,,,
O6,1.3,8,,2,1,,,,,,,,,,,,
O6,1.3,9,,0,,,,,,,,,,,,,
O6,1.3,10,,1,,,,,,,,,,,,,
O6,1.3,stigma,2,13,11,,,,,,,,,,,,
O6,2.1,1,1,2,7,7,3,10,3,1,2,,,,,,
O6,2.1,2,,5,2,1,2,1,2,3,1,,,,,,
O6,2.1,3,1,1,3,10,2,2,1,2,1,2,4,4,,,
O6,2.1,4,1,1,1,1,5,,,,,,,,,,
O6,2.1,5,,1,1,3,2,1,1,1,,,,,,,
O6,2.1,6,,1,2,,,,,,,,,,,,
O6,2.1,7,,5,1,,,,,,,,,,,,
O6,2.1,8,,1,1,11,,,,,,,,,,,
O6,2.1,9,1,12,1,1,,,,,,,,,,,
O6,2.1,10,,1,2,,,,,,,,,,,,
O6,2.1,stigma,1,38,36,15,,,,,,,,,,,
O6,2.2,1,,1,3,1,2,,,,,,,,,,
O6,2.2,2,,1,,,,,,,,,,,,,
O6,2.2,3,,7,1,,,,,,,,,,,,
O6,2.2,4,,3,3,4,1,,,,,,,,,,
O6,2.2,5,2,3,,,,,,,,,,,,,
O6,2.2,6,,1,2,1,,,,,,,,,,,
O6,2.2,7,,4,1,1,,,,,,,,,,,
O6,2.2,8,1,2,2,1,1,1,,,,,,,,,
O6,2.2,9,,3,8,4,,,,,,,,,,,
O6,2.2,10,1,3,,,,,,,,,,,,,
O6,2.2,stigma,,11,,,,,,,,,,,,,
O6,2.3,1,,6,1,,,,,,,,,,,,
O6,2.3,2,2,3,1,,,,,,,,,,,,
O6,2.3,3,,0,,,,,,,,,,,,,
O6,2.3,4,1,1,1,2,1,,,,,,,,,,
O6,2.3,5,,1,1,1,,,,,,,,,,,
O6,2.3,6,,1,1,1,,,,,,,,,,,
O6,2.3,7,,1,,,,,,,,,,,,,
O6,2.3,8,,1,1,1,,,,,,,,,,,
O6,2.3,9,1,2,,,,,,,,,,,,,
O6,2.3,10,,0,,,,,,,,,,,,,
O6,2.3,stigma,5,2,21,,,,,,,,,,,,
O6,3.1,1,2,2,7,,,,,,,,,,,,
O6,3.1,2,,2,13,2,,,,,,,,,,,
O6,3.1,3,,1,4,1,,,,,,,,,,,
O6,3.1,4,,2,,,,,,,,,,,,,
O6,3.1,5,,2,,,,,,,,,,,,,
O6,3.1,6,,1,,,,,,,,,,,,,
O6,3.1,7,,0,,,,,,,,,,,,,
O6,3.1,8,,0,,,,,,,,,,,,,
O6,3.1,9,,0,,,,,,,,,,,,,
O6,3.1,10,,29,17,1,,,,,,,,,,,
O6,3.1,stigma,,0,,,,,,,,,,,,,
O6,3.2,1,1,1,1,1,1,1,,,,,,,,,
O6,3.2,2,2,1,1,2,,,,,,,,,,,
O6,3.2,3,,1,,,,,,,,,,,,,
O6,3.2,4,,1,,,,,,,,,,,,,
O6,3.2,5,,1,,,,,,,,,,,,,
O6,3.2,6,,1,1,,,,,,,,,,,,
O6,3.2,7,,0,,,,,,,,,,,,,
O6,3.2,8,,0,,,,,,,,,,,,,
O6,3.2,9,,1,,,,,,,,,,,,,
O6,3.2,10,,3,2,,,,,,,,,,,,
O6,3.2,stigma,4,15,5,,,,,,,,,,,,
O6,3.3,1,1,1,2,2,4,2,2,3,,,,,,,
O6,3.3,2,1,12,7,4,1,4,2,2,,,,,,,
O6,3.3,3,3,1,1,2,1,8,1,9,3,9,18,,,,
O6,3.3,4,2,6,3,4,8,9,5,2,1,2,1,1,,,
O6,3.3,5,,1,1,2,3,1,1,,,,,,,,
O6,3.3,6,1,6,1,10,7,5,3,,,,,,,,
O6,3.3,7,1,2,3,1,,,,,,,,,,,
O6,3.3,8,1,4,2,1,,,,,,,,,,,
O6,3.3,9,,1,2,1,1,8,,,,,,,,,
O6,3.3,10,,1,2,11,41,13,3,1,1,,,,,,
O6,3.3,stigma,,0,,,,,,,,,,,,,
S7,1.1,1,,1,3,2,,,,,,,,,,,
S7,1.1,2,,1,,,,,,,,,,,,,
S7,1.1,3,,1,1,,,,,,,,,,,,
S7,1.1,4,,0,,,,,,,,,,,,,
S7,1.1,5,,0,,,,,,,,,,,,,
S7,1.1,6,,1,,,,,,,,,,,,,
S7,1.1,7,,1,,,,,,,,,,,,,
S7,1.1,8,,1,,,,,,,,,,,,,
S7,1.1,9,,2,,,,,,,,,,,,,
S7,1.1,10,,1,1,,,,,,,,,,,,
S7,1.1,stigma,,4,,,,,,,,,,,,,
S7,1.2,1,1,1,1,2,2,2,1,1,7,1,2,1,,,
S7,1.2,2,,1,1,1,1,1,,,,,,,,,
S7,1.2,3,,4,1,1,2,2,,,,,,,,,
S7,1.2,4,,1,1,1,3,,,,,,,,,,
S7,1.2,5,,3,1,1,,,,,,,,,,,
S7,1.2,6,,1,2,,,,,,,,,,,,
S7,1.2,7,,1,,,,,,,,,,,,,
S7,1.2,8,1,1,1,,,,,,,,,,,,
S7,1.2,9,,1,4,,,,,,,,,,,,
S7,1.2,10,1,1,,,,,,,,,,,,,
S7,1.2,stigma,,42,,,,,,,,,,,,,
S7,1.3,1,,1,,,,,,,,,,,,,
S7,1.3,2,,1,,,,,,,,,,,,,
S7,1.3,3,,0,,,,,,,,,,,,,
S7,1.3,4,,1,,,,,,,,,,,,,
S7,1.3,5,,0,,,,,,,,,,,,,
S7,1.3,6,,0,,,,,,,,,,,,,
S7,1.3,7,,0,,,,,,,,,,,,,
S7,1.3,8,,0,,,,,,,,,,,,,
S7,1.3,9,,1,,,,,,,,,,,,,
S7,1.3,10,,0,,,,,,,,,,,,,
S7,1.3,stigma,,1,,,,,,,,,,,,,
S7,2.1,1,,1,1,,,,,,,,,,,,
S7,2.1,2,,1,1,1,1,,,,,,,,,,
S7,2.1,3,,1,,,,,,,,,,,,,
S7,2.1,4,,0,,,,,,,,,,,,,
S7,2.1,5,,0,,,,,,,,,,,,,
S7,2.1,6,,0,,,,,,,,,,,,,
S7,2.1,7,,0,,,,,,,,,,,,,
S7,2.1,8,,1,,,,,,,,,,,,,
S7,2.1,9,,0,,,,,,,,,,,,,
S7,2.1,10,,0,,,,,,,,,,,,,
S7,2.1,stigma,,0,,,,,,,,,,,,,
S7,2.2,1,,1,3,,,,,,,,,,,,
S7,2.2,2,,1,2,,,,,,,,,,,,
S7,2.2,3,1,1,1,,,,,,,,,,,,
S7,2.2,4,1,1,1,,,,,,,,,,,,
S7,2.2,5,,1,,,,,,,,,,,,,
S7,2.2,6,,1,1,,,,,,,,,,,,
S7,2.2,7,,4,,,,,,,,,,,,,
S7,2.2,8,,3,1,1,,,,,,,,,,,
S7,2.2,9,,2,2,1,1,,,,,,,,,,
S7,2.2,10,,1,1,2,1,,,,,,,,,,
S7,2.2,stigma,1,22,,,,,,,,,,,,,
S7,2.3,1,2,1,,,,,,,,,,,,,
S7,2.3,2,3,1,1,1,,,,,,,,,,,
S7,2.3,3,,1,1,1,1,,,,,,,,,,
S7,2.3,4,1,1,3,5,2,1,,,,,,,,,
S7,2.3,5,,0,,,,,,,,,,,,,
S7,2.3,6,1,2,2,,,,,,,,,,,,
S7,2.3,7,1,1,1,1,,,,,,,,,,,
S7,2.3,8,,1,1,,,,,,,,,,,,
S7,2.3,9,,1,1,5,3,,,,,,,,,,
S7,2.3,10,1,2,3,1,1,,,,,,,,,,
S7,2.3,stigma,1,11,,,,,,,,,,,,,
S7,3.1,1,,1,3,2,,,,,,,,,,,
S7,3.1,2,,1,,,,,,,,,,,,,
S7,3.1,3,,0,,,,,,,,,,,,,
S7,3.1,4,,0,,,,,,,,,,,,,
S7,3.1,5,,1,2,,,,,,,,,,,,
S7,3.1,6,,2,,,,,,,,,,,,,
S7,3.1,7,,1,,,,,,,,,,,,,
S7,3.1,8,,3,2,2,,,,,,,,,,,
S7,3.1,9,,1,1,,,,,,,,,,,,
S7,3.1,10,,1,,,,,,,,,,,,,
S7,3.1,stigma,,1,,,,,,,,,,,,,
S7,3.2,1,,1,1,3,1,1,4,1,,,,,,,
S7,3.2,2,,4,1,1,1,1,,,,,,,,,
S7,3.2,3,,3,2,,,,,,,,,,,,
S7,3.2,4,,3,1,1,,,,,,,,,,,
S7,3.2,5,1,2,4,1,1,,,,,,,,,,
S7,3.2,6,1,1,2,1,3,1,,,,,,,,,
S7,3.2,7,1,1,1,1,3,,,,,,,,,,
S7,3.2,8,,1,4,3,2,1,2,,,,,,,,
S7,3.2,9,,6,4,,,,,,,,,,,,
S7,3.2,10,1,1,,,,,,,,,,,,,
S7,3.2,stigma,1,77,,,,,,,,,,,,,
S7,3.3,1,1,1,1,1,1,,,,,,,,,,
S7,3.3,2,1,4,1,1,,,,,,,,,,,
S7,3.3,3,,2,1,1,,,,,,,,,,,
S7,3.3,4,,2,,,,,,,,,,,,,
S7,3.3,5,,1,1,,,,,,,,,,,,
S7,3.3,6,,1,,,,,,,,,,,,,
S7,3.3,7,1,1,,,,,,,,,,,,,
S7,3.3,8,1,0,,,,,,,,,,,,,
S7,3.3,9,,1,,,,,,,,,,,,,
S7,3.3,10,,1,,,,,,,,,,,,,
S7,3.3,stigma,2,53,,,,,,,,,,,,,
O7,1.1,1,3,2,2,1,7,1,,,,,,,,,
O7,1.1,2,1,1,1,1,2,,,,,,,,,,
O7,1.1,3,1,2,,,,,,,,,,,,,
O7,1.1,4,,1,,,,,,,,,,,,,
O7,1.1,5,,1,1,1,,,,,,,,,,,
O7,1.1,6,,3,1,,,,,,,,,,,,
O7,1.1,7,,1,,,,,,,,,,,,,
O7,1.1,8,,1,1,2,1,,,,,,,,,,
O7,1.1,9,,3,1,1,,,,,,,,,,,
O7,1.1,10,,0,,,,,,,,,,,,,
O7,1.1,stigma,4,10,15,,,,,,,,,,,,
O7,1.2,1,,0,,,,,,,,,,,,,
O7,1.2,2,,1,,,,,,,,,,,,,
O7,1.2,3,,0,,,,,,,,,,,,,
O7,1.2,4,,1,,,,,,,,,,,,,
O7,1.2,5,,0,,,,,,,,,,,,,
O7,1.2,6,,0,,,,,,,,,,,,,
O7,1.2,7,1,0,,,,,,,,,,,,,
O7,1.2,8,,0,,,,,,,,,,,,,
O7,1.2,9,,0,,,,,,,,,,,,,
O7,1.2,10,,0,,,,,,,,,,,,,
O7,1.2,stigma,,0,,,,,,,,,,,,,
O7,1.3,1,,1,5,,,,,,,,,,,,
O7,1.3,2,,2,1,1,,,,,,,,,,,
O7,1.3,3,,3,1,5,,,,,,,,,,,
O7,1.3,4,,5,1,1,,,,,,,,,,,
O7,1.3,5,,3,1,,,,,,,,,,,,
O7,1.3,6,,6,1,1,,,,,,,,,,,
O7,1.3,7,,3,9,,,,,,,,,,,,
O7,1.3,8,,2,1,1,1,,,,,,,,,,
O7,1.3,9,,3,,,,,,,,,,,,,
O7,1.3,10,,9,3,,,,,,,,,,,,
O7,1.3,stigma,,24,,,,,,,,,,,,,
O7,2.1,1,,1,1,2,,,,,,,,,,,
O7,2.1,2,,2,,,,,,,,,,,,,
O7,2.1,3,,1,,,,,,,,,,,,,
O7,2.1,4,,2,,,,,,,,,,,,,
O7,2.1,5,,1,,,,,,,,,,,,,
O7,2.1,6,,1,1,,,,,,,,,,,,
O7,2.1,7,,2,,,,,,,,,,,,,
O7,2.1,8,,1,1,,,,,,,,,,,,
O7,2.1,9,1,1,,,,,,,,,,,,,
O7,2.1,10,,3,1,1,,,,,,,,,,,
O7,2.1,stigma,,6,,,,,,,,,,,,,
O7,2.2,1,1,1,1,1,,,,,,,,,,,
O7,2.2,2,,1,2,1,,,,,,,,,,,
O7,2.2,3,,1,4,9,2,2,,,,,,,,,
O7,2.2,4,1,1,1,25,,,,,,,,,,,
O7,2.2,5,,1,,,,,,,,,,,,,
O7,2.2,6,,0,,,,,,,,,,,,,
O7,2.2,7,,1,,,,,,,,,,,,,
O7,2.2,8,,2,1,,,,,,,,,,,,
O7,2.2,9,,1,1,,,,,,,,,,,,
O7,2.2,10,1,1,,,,,,,,,,,,,
O7,2.2,stigma,,31,,,,,,,,,,,,,
O7,2.3,1,1,2,1,1,1,4,2,,,,,,,,
O7,2.3,2,,1,2,3,,,,,,,,,,,
O7,2.3,3,,3,1,1,2,,,,,,,,,,
O7,2.3,4,1,1,1,,,,,,,,,,,,
O7,2.3,5,1,1,,,,,,,,,,,,,
O7,2.3,6,,1,1,,,,,,,,,,,,
O7,2.3,7,,4,1,,,,,,,,,,,,
O7,2.3,8,,1,2,1,3,,,,,,,,,,
O7,2.3,9,1,2,,,,,,,,,,,,,
O7,2.3,10,,2,0,,,,,,,,,,,,
O7,2.3,stigma,,58,,,,,,,,,,,,,
O7,3.1,1,,1,1,2,,,,,,,,,,,
O7,3.1,2,2,1,1,1,1,1,,,,,,,,,
O7,3.1,3,,1,3,1,,,,,,,,,,,
O7,3.1,4,1,4,2,2,1,,,,,,,,,,
O7,3.1,5,1,2,1,2,1,,,,,,,,,,
O7,3.1,6,,1,1,,,,,,,,,,,,
O7,3.1,7,1,2,2,2,,,,,,,,,,,
O7,3.1,8,,1,1,,,,,,,,,,,,
O7,3.1,9,,1,1,,,,,,,,,,,,
O7,3.1,10,,2,1,1,1,1,,,,,,,,,
O7,3.1,stigma,,33,,,,,,,,,,,,,
O7,3.2,1,1,1,2,3,4,6,3,2,5,,,,,,
O7,3.2,2,1,3,1,4,3,2,1,2,,,,,,,
O7,3.2,3,,3,1,3,1,2,1,1,1,1,,,,,
O7,3.2,4,1,2,1,1,7,1,,,,,,,,,
O7,3.2,5,,1,2,3,,,,,,,,,,,
O7,3.2,6,,1,,,,,,,,,,,,,
O7,3.2,7,,2,,,,,,,,,,,,,
O7,3.2,8,,1,,,,,,,,,,,,,
O7,3.2,9,1,1,,,,,,,,,,,,,
O7,3.2,10,,1,6,,,,,,,,,,,,
O7,3.2,stigma,,2,,,,,,,,,,,,,
O7,3.3,1,,1,1,1,1,2,2,2,1,,,,,,
O7,3.3,2,,1,2,,,,,,,,,,,,
O7,3.3,3,1,3,2,1,1,,,,,,,,,,
O7,3.3,4,,1,1,1,,,,,,,,,,,
O7,3.3,5,,1,1,2,,,,,,,,,,,
O7,3.3,6,2,1,3,1,1,1,,,,,,,,,
O7,3.3,7,2,15,3,3,2,,,,,,,,,,
O7,3.3,8,1,5,1,2,1,1,,,,,,,,,
O7,3.3,9,1,1,1,1,1,1,4,2,2,,,,,,
O7,3.3,10,1,2,2,2,2,1,,,,,,,,,
O7,3.3,stigma,,16,,,,,,,,,,,,,
S8,1.1,1,1,1,1,,,,,,,,,,,,
S8,1.1,2,2,1,,,,,,,,,,,,,
S8,1.1,3,1,1,,,,,,,,,,,,,
S8,1.1,4,1,1,,,,,,,,,,,,,
S8,1.1,5,,2,,,,,,,,,,,,,
S8,1.1,6,3,1,2,,,,,,,,,,,,
S8,1.1,7,2,1,,,,,,,,,,,,,
S8,1.1,8,2,1,,,,,,,,,,,,,
S8,1.1,9,4,1,1,1,,,,,,,,,,,
S8,1.1,10,1,1,3,,,,,,,,,,,,
S8,1.1,stigma,,6,there is a different plant bit covered in foreign pollen - not counting but not sure what to do,,,,,,,,,,,,
S8,1.2,1,,0,,,,,,,,,,,,,
S8,1.2,2,1,0,,,,,,,,,,,,,
S8,1.2,3,2,1,,,,,,,,,,,,,
S8,1.2,4,1,0,,,,,,,,,,,,,
S8,1.2,5,,0,,,,,,,,,,,,,
S8,1.2,6,,1,,,,,,,,,,,,,
S8,1.2,7,,0,,,,,,,,,,,,,
S8,1.2,8,,0,,,,,,,,,,,,,
S8,1.2,9,,0,,,,,,,,,,,,,
S8,1.2,10,,0,,,,,,,,,,,,,
S8,1.2,stigma,1,25,,,,,,,,,,,,,
S8,1.3,1,,1,,,,,,,,,,,,,
S8,1.3,2,1,0,,,,,,,,,,,,,
S8,1.3,3,,0,,,,,,,,,,,,,
S8,1.3,4,1,1,,,,,,,,,,,,,
S8,1.3,5,,1,1,1,,,,,,,,,,,
S8,1.3,6,,5,1,,,,,,,,,,,,
S8,1.3,7,1,2,,,,,,,,,,,,,
S8,1.3,8,1,2,1,1,1,,,,,,,,,,
S8,1.3,9,,1,1,,,,,,,,,,,,
S8,1.3,10,,2,1,,,,,,,,,,,,
S8,1.3,stigma,,18,,,,,,,,,,,,,
S8,2.1,1,2,1,,,,,,,,,,,,,
S8,2.1,2,,1,,,,,,,,,,,,,
S8,2.1,3,,1,,,,,,,,,,,,,
S8,2.1,4,,1,,,,,,,,,,,,,
S8,2.1,5,1,1,,,,,,,,,,,,,
S8,2.1,6,,0,,,,,,,,,,,,,
S8,2.1,7,1,1,,,,,,,,,,,,,
S8,2.1,8,,0,,,,,,,,,,,,,
S8,2.1,9,,0,,,,,,,,,,,,,
S8,2.1,10,,0,,,,,,,,,,,,,
S8,2.1,stigma,,70,,,,,,,,,,,,,
S8,2.2,1,,0,,,,,,,,,,,,,
S8,2.2,2,,1,,,,,,,,,,,,,
S8,2.2,3,,1,,,,,,,,,,,,,
S8,2.2,4,1,1,1,,,,,,,,,,,,
S8,2.2,5,,1,,,,,,,,,,,,,
S8,2.2,6,,0,,,,,,,,,,,,,
S8,2.2,7,,0,,,,,,,,,,,,,
S8,2.2,8,1,0,,,,,,,,,,,,,
S8,2.2,9,,0,,,,,,,,,,,,,
S8,2.2,10,,0,,,,,,,,,,,,,
S8,2.2,stigma,3,48,40,,,,,,,,,,,,
S8,2.3,1,,0,,,,,,,,,,,,,
S8,2.3,2,,0,,,,,,,,,,,,,
S8,2.3,3,,0,,,,,,,,,,,,,
S8,2.3,4,,3,3,1,1,2,,,,,,,,,
S8,2.3,5,,1,1,2,1,,,,,,,,,,
S8,2.3,6,,1,,,,,,,,,,,,,
S8,2.3,7,,1,,,,,,,,,,,,,
S8,2.3,8,,1,,,,,,,,,,,,,
S8,2.3,9,,1,1,1,1,,,,,,,,,,
S8,2.3,10,,0,,,,,,,,,,,,,
S8,2.3,stigma,1,2,,,,,,,,,,,,,
S8,3.1,1,,0,,,,,,,,,,,,,
S8,3.1,2,,0,,,,,,,,,,,,,
S8,3.1,3,,1,,,,,,,,,,,,,
S8,3.1,4,,1,,,,,,,,,,,,,
S8,3.1,5,,0,,,,,,,,,,,,,
S8,3.1,6,1,1,1,,,,,,,,,,,,
S8,3.1,7,,1,,,,,,,,,,,,,
S8,3.1,8,1,0,,,,,,,,,,,,,
S8,3.1,9,,4,1,,,,,,,,,,,,
S8,3.1,10,,1,1,,,,,,,,,,,,
S8,3.1,stigma,1,8,,,,,,,,,,,,,
S8,3.2,1,1,2,1,1,2,2,1,,,,,,,,
S8,3.2,2,2,2,,,,,,,,,,,,,
S8,3.2,3,,1,1,1,1,1,2,2,,,,,,,
S8,3.2,4,1,1,2,2,1,1,,,,,,,,,
S8,3.2,5,,0,,,,,,,,,,,,,
S8,3.2,6,,1,1,,,,,,,,,,,,
S8,3.2,7,,1,1,1,,,,,,,,,,,
S8,3.2,8,2,2,2,1,1,1,1,2,,,,,,,
S8,3.2,9,1,1,1,1,,,,,,,,,,,
S8,3.2,10,1,1,7,2,1,1,1,1,1,,,,,,
S8,3.2,stigma,,16,,,,,,,,,,,,,
O8,1.1,1,,2,,,,,,,,,,,,,
O8,1.1,2,,0,,,,,,,,,,,,,
O8,1.1,3,1,,,,,,,,,,,,,,
O8,1.1,4,2,1,2,,,,,,,,,,,,
O8,1.1,5,,0,,,,,,,,,,,,,
O8,1.1,6,1,,,,,,,,,,,,,,
O8,1.1,7,3,1,,,,,,,,,,,,,
O8,1.1,8,,0,,,,,,,,,,,,,
O8,1.1,9,2,1,1,,,,,,,,,,,,
O8,1.1,10,2,2,,,,,,,,,,,,,
O8,1.1,stigma,2,20,16,,,,,,,,,,,,
O8,1.2,1,4,1,1,1,,,,,,,,,,,
O8,1.2,2,3,1,1,,,,,,,,,,,,
O8,1.2,3,1,1,2,1,1,,,,,,,,,,
O8,1.2,4,8,3,4,2,,,,,,,,,,,
O8,1.2,5,4,5,1,2,,,,,,,,,,,
O8,1.2,6,2,1,1,3,,,,,,,,,,,
O8,1.2,7,6,1,2,,,,,,,,,,,,
O8,1.2,8,1,2,1,1,1,,,,,,,,,,
O8,1.2,9,1,2,1,3,,,,,,,,,,,
O8,1.2,10,21,5,4,2,3,1,,,,,,,,,
O8,1.2,stigma,14,9,6,12,,,,,,,,,,,
O8,1.3,1,1,1,3,1,,,,,,,,,,,
O8,1.3,2,4,1,1,1,1,,,,,,,,,,
O8,1.3,3,,0,,,,,,,,,,,,,
O8,1.3,4,3,0,,,,,,,,,,,,,
O8,1.3,5,1,1,,,,,,,,,,,,,
O8,1.3,6,,1,,,,,,,,,,,,,
O8,1.3,7,,0,,,,,,,,,,,,,
O8,1.3,8,,0,,,,,,,,,,,,,
O8,1.3,9,,1,,,,,,,,,,,,,
O8,1.3,10,,1,,,,,,,,,,,,,
O8,1.3,stigma,16,6,26,17,11,,,,,,,,,,
O8,2.1,1,9,3,,,,,,,,,,,,,
O8,2.1,2,2,2,1,1,1,2,1,,,,,,,,
O8,2.1,3,1,,,,,,,,,,,,,,
O8,2.1,4,2,1,2,,,,,,,,,,,,
O8,2.1,5,1,1,1,,,,,,,,,,,,
O8,2.1,6,4,1,,,,,,,,,,,,,
O8,2.1,7,,0,,,,,,,,,,,,,
O8,2.1,8,,1,,,,,,,,,,,,,
O8,2.1,9,5,1,,,,,,,,,,,,,
O8,2.1,10,,0,,,,,,,,,,,,,
O8,2.1,stigma,13,6,2,7,13,9,,,,,,,,,
O8,2.2,1,3,3,1,,,,,,,,,,,,
O8,2.2,2,1,1,,,,,,,,,,,,,
O8,2.2,3,1,1,,,,,,,,,,,,,
O8,2.2,4,1,1,1,1,,,,,,,,,,,
O8,2.2,5,3,1,,,,,,,,,,,,,
O8,2.2,6,2,,,,,,,,,,,,,,
O8,2.2,7,5,1,1,,,,,,,,,,,,
O8,2.2,8,5,1,2,1,3,1,,,,,,,,,
O8,2.2,9,10,2,1,1,2,1,2,,,,,,,,
O8,2.2,10,5,1,3,1,,,,,,,,,,,
O8,2.2,stigma,5,10,15,4,,,,,,,,,,,
O8,2.3,1,2,0,,,,,,,,,,,,,
O8,2.3,2,,0,,,,,,,,,,,,,
O8,2.3,3,,0,,,,,,,,,,,,,
O8,2.3,4,,0,,,,,,,,,,,,,
O8,2.3,5,,0,,,,,,,,,,,,,
O8,2.3,6,,1,,,,,,,,,,,,,
O8,2.3,7,,1,,,,,,,,,,,,,
O8,2.3,8,,1,,,,,,,,,,,,,
O8,2.3,9,,0,,,,,,,,,,,,,
O8,2.3,10,,0,,,,,,,,,,,,,
O8,2.3,stigma,3,3,,,,,,,,,,,,,
O8,3.1,1,1,1,1,,,,,,,,,,,,
O8,3.1,2,3,2,,,,,,,,,,,,,
O8,3.1,3,4,0,,,,,,,,,,,,,
O8,3.1,4,1,0,,,,,,,,,,,,,
O8,3.1,5,3,,,,,,,,,,,,,,
O8,3.1,6,1,2,,,,,,,,,,,,,
O8,3.1,7,,1,,,,,,,,,,,,,
O8,3.1,8,5,1,,,,,,,,,,,,,
O8,3.1,9,4,3,,,,,,,,,,,,,
O8,3.1,10,7,2,2,3,1,1,,,,,,,,,
O8,3.1,stigma,3,8,,,,,,,,,,,,,
O8,3.2,1,12,1,3,1,3,,,,,,,,,,
O8,3.2,2,6,2,2,1,,,,,,,,,,,
O8,3.2,3,8,1,2,4,,,,,,,,,,,
O8,3.2,4,4,,,,,,,,,,,,,,
O8,3.2,5,,0,,,,,,,,,,,,,
O8,3.2,6,6,1,1,1,,,,,,,,,,,
O8,3.2,7,,1,1,,,,,,,,,,,,
O8,3.2,8,4,1,,,,,,,,,,,,,
O8,3.2,9,5,1,,,,,,,,,,,,,
O8,3.2,10,5,1,1,1,1,1,,,,,,,,,
O8,3.2,stigma,7,4,,,,,,,,,,,,,
O8,3.3,1,2,1,1,1,,,,,,,,,,,
O8,3.3,2,5,1,,,,,,,,,,,,,
O8,3.3,3,1,0,,,,,,,,,,,,,
O8,3.3,4,2,2,1,1,,,,,,,,,,,
O8,3.3,5,2,1,,,,,,,,,,,,,
O8,3.3,6,,0,,,,,,,,,,,,,
O8,3.3,7,4,1,1,,,,,,,,,,,,
O8,3.3,8,3,0,,,,,,,,,,,,,
O8,3.3,9,6,0,,,,,,,,,,,,,
O8,3.3,10,2,1,,,,,,,,,,,,,
O8,3.3,stigma,3,8,,,,,,,,,,,,,
S8,3.3,1,,0,,,,,,,,,,,,,
S8,3.3,2,,1,,,,,,,,,,,,,
S8,3.3,3,,2,1,1,2,3,,,,,,,,,
S8,3.3,4,,1,2,,,,,,,,,,,,
S8,3.3,5,,0,,,,,,,,,,,,,
S8,3.3,6,,1,1,,,,,,,,,,,,
S8,3.3,7,1,3,,,,,,,,,,,,,
S8,3.3,8,1,2,1,2,2,,,,,,,,,,
S8,3.3,9,,1,,,,,,,,,,,,,
S8,3.3,10,,1,,,,,,,,,,,,,
S8,3.3,stigma,7,13,18,6,3,,,,,,,,,,
S9,1.1,1,1,1,1,1,,,,,,,,,,,
S9,1.1,2,,1,1,1,1,2,1,,,,,,,,
S9,1.1,3,,1,2,1,2,,,,,,,,,,
S9,1.1,4,,1,1,,,,,,,,,,,,
S9,1.1,5,1,1,,,,,,,,,,,,,
S9,1.1,6,1,,,,,,,,,,,,,,
S9,1.1,7,,2,,,,,,,,,,,,,
S9,1.1,8,1,1,1,1,1,3,,,,,,,,,
S9,1.1,9,,2,,,,,,,,,,,,,
S9,1.1,10,1,1,3,1,2,,,,,,,,,,
S9,1.1,stigma,2,17,,,,,,,,,,,,,
S9,1.2,1,,2,1,2,2,1,1,,,,,,,,
S9,1.2,2,,1,3,2,,,,,,,,,,,
S9,1.2,3,,1,2,1,1,,,,,,,,,,
S9,1.2,4,1,1,1,1,,,,,,,,,,,
S9,1.2,5,,2,1,1,,,,,,,,,,,
S9,1.2,6,1,1,1,,,,,,,,,,,,
S9,1.2,7,,2,1,,,,,,,,,,,,
S9,1.2,8,1,6,1,1,,,,,,,,,,,
S9,1.2,9,2,1,1,3,1,1,,,,,,,,,
S9,1.2,10,,2,3,1,1,1,1,,,,,,,,
S9,1.2,stigma,,9,,,,,,,,,,,,,
S9,1.3,1,2,2,5,,,,,,,,,,,,
S9,1.3,2,,1,,,,,,,,,,,,,
S9,1.3,3,,1,1,,,,,,,,,,,,
S9,1.3,4,,0,,,,,,,,,,,,,
S9,1.3,5,,1,,,,,,,,,,,,,
S9,1.3,6,1,0,,,,,,,,,,,,,
S9,1.3,7,,1,1,,,,,,,,,,,,
S9,1.3,8,,1,1,1,1,,,,,,,,,,
S9,1.3,9,,1,1,1,1,1,,,,,,,,,
S9,1.3,10,,1,1,,,,,,,,,,,,
S9,1.3,stigma,,3,,,,,,,,,,,,,
S9,2.1,1,2,1,2,,,,,,,,,,,,
S9,2.1,2,1,3,1,1,1,,,,,,,,,,
S9,2.1,3,,3,,,,,,,,,,,,,
S9,2.1,4,1,4,1,2,2,1,,,,,,,,,
S9,2.1,5,4,1,1,1,2,1,8,,,,,,,,
S9,2.1,6,2,1,1,2,1,5,1,,,,,,,,
S9,2.1,7,3,1,2,3,1,,,,,,,,,,
S9,2.1,8,,4,,,,,,,,,,,,,
S9,2.1,9,3,2,1,4,4,2,,,,,,,,,
S9,2.1,10,,1,2,1,2,1,1,1,1,1,1,,,,
S9,2.1,stigma,1,4,,,,,,,,,,,,,
S9,2.2,1,,1,1,,,,,,,,,,,,
S9,2.2,2,2,2,1,,,,,,,,,,,,
S9,2.2,3,2,2,1,2,2,,,,,,,,,,
S9,2.2,4,1,4,1,1,2,5,,,,,,,,,
S9,2.2,5,,2,1,1,,,,,,,,,,,
S9,2.2,6,,1,1,,,,,,,,,,,,
S9,2.2,7,,2,,,,,,,,,,,,,
S9,2.2,8,1,1,,,,,,,,,,,,,
S9,2.2,9,,2,,,,,,,,,,,,,
S9,2.2,10,1,1,,,,,,,,,,,,,
S9,2.2,stigma,,6,,,,,,,,,,,,,
S9,2.3,1,1,1,1,,,,,,,,,,,,
S9,2.3,2,,1,1,1,1,,,,,,,,,,
S9,2.3,3,,1,2,1,,,,,,,,,,,
S9,2.3,4,,0,,,,,,,,,,,,,
S9,2.3,5,,0,,,,,,,,,,,,,
S9,2.3,6,,1,,,,,,,,,,,,,
S9,2.3,7,,1,,,,,,,,,,,,,
S9,2.3,8,,0,,,,,,,,,,,,,
S9,2.3,9,,1,,,,,,,,,,,,,
S9,2.3,10,1,1,1,,,,,,,,,,,,
S9,2.3,stigma,6,31,23,,,,,,,,,,,,
S9,3.1,1,,1,,,,,,,,,,,,,
S9,3.1,2,,1,,,,,,,,,,,,,
S9,3.1,3,,1,,,,,,,,,,,,,
S9,3.1,4,,0,,,,,,,,,,,,,
S9,3.1,5,,0,,,,,,,,,,,,,
S9,3.1,6,,1,,,,,,,,,,,,,
S9,3.1,7,1,1,,,,,,,,,,,,,
S9,3.1,8,,0,,,,,,,,,,,,,
S9,3.1,9,,2,,,,,,,,,,,,,
S9,3.1,10,,0,,,,,,,,,,,,,
S9,3.1,stigma,2,18,,,,,,,,,,,,,
S9,3.2,1,1,1,3,1,1,,,,,,,,,,
S9,3.2,2,,1,2,2,2,,,,,,,,,,
S9,3.2,3,,3,,,,,,,,,,,,,
S9,3.2,4,2,4,,,,,,,,,,,,,
S9,3.2,5,1,3,1,,,,,,,,,,,,
S9,3.2,6,3,3,1,,,,,,,,,,,,
S9,3.2,7,,1,1,1,2,,,,,,,,,,
S9,3.2,8,1,4,3,,,,,,,,,,,,
S9,3.2,9,1,1,1,,,,,,,,,,,,
S9,3.2,10,,4,1,6,,,,,,,,,,,
S9,3.2,stigma,3,23,,,,,,,,,,,,,
S9,3.3,1,,3,,,,,,,,,,,,,
S9,3.3,2,,1,1,,,,,,,,,,,,
S9,3.3,3,,2,3,,,,,,,,,,,,
S9,3.3,4,1,1,1,,,,,,,,,,,,
S9,3.3,5,,1,2,,,,,,,,,,,,
S9,3.3,6,1,1,1,,,,,,,,,,,,
S9,3.3,7,,1,,,,,,,,,,,,,
S9,3.3,8,,2,,,,,,,,,,,,,
S9,3.3,9,,2,,,,,,,,,,,,,
S9,3.3,10,,5,,,,,,,,,,,,,
S9,3.3,stigma,,0,,,,,,,,,,,,,
O9,1.1,1,,1,3,1,1,,,,,,,,,,
O9,1.1,2,,1,1,1,2,2,1,1,,,,,,,
O9,1.1,3,,3,3,2,1,2,2,4,4,1,1,2,1,1,1
O9,1.1,4,,1,1,,,,,,,,,,,,
O9,1.1,5,,1,1,1,,,,,,,,,,,
O9,1.1,6,,1,1,1,,,,,,,,,,,
O9,1.1,7,1,7,1,1,1,,,,,,,,,,
O9,1.1,8,1,2,2,3,,,,,,,,,,,
O9,1.1,9,,1,3,,,,,,,,,,,,
O9,1.1,10,,1,1,2,,,,,,,,,,,
O9,1.1,stigma,3,6,,,,,,,,,,,,,
O9,1.2,1,,2,1,1,1,,,,,,,,,,
O9,1.2,2,,1,,,,,,,,,,,,,
O9,1.2,3,,1,2,,,,,,,,,,,,
O9,1.2,4,1,1,,,,,,,,,,,,,
O9,1.2,5,,0,,,,,,,,,,,,,
O9,1.2,6,,1,3,1,,,,,,,,,,,
O9,1.2,7,,3,,,,,,,,,,,,,
O9,1.2,8,,1,1,2,,,,,,,,,,,
O9,1.2,9,,1,,,,,,,,,,,,,
O9,1.2,10,,1,1,2,,,,,,,,,,,
O9,1.2,stigma,,12,,,,,,,,,,,,,
O9,1.3,1,,1,5,,,,,,,,,,,,
O9,1.3,2,1,1,1,1,2,1,,,,,,,,,
O9,1.3,3,,1,1,1,2,3,2,3,,,,,,,
O9,1.3,4,2,2,2,1,5,,,,,,,,,,
O9,1.3,5,1,3,2,,,,,,,,,,,,
O9,1.3,6,1,1,1,1,,,,,,,,,,,
O9,1.3,7,,5,1,1,2,,,,,,,,,,
O9,1.3,8,,1,4,,,,,,,,,,,,
O9,1.3,9,,1,1,3,,,,,,,,,,,
O9,1.3,10,,1,1,,,,,,,,,,,,
O9,1.3,stigma,1,90,,,,,,,,,,,,,
O9,2.1,1,2,1,11,2,1,3,,,,,,,,,
O9,2.1,2,1,1,1,3,,,,,,,,,,,
O9,2.1,3,1,2,1,,,,,,,,,,,,
O9,2.1,4,,1,,,,,,,,,,,,,
O9,2.1,5,,2,,,,,,,,,,,,,
O9,2.1,6,,0,,,,,,,,,,,,,
O9,2.1,7,,1,1,2,,,,,,,,,,,
O9,2.1,8,1,1,1,,,,,,,,,,,,
O9,2.1,9,1,2,,,,,,,,,,,,,
O9,2.1,10,1,1,,,,,,,,,,,,,
O9,2.1,stigma,3,16,,,,,,,,,,,,,
O9,2.2,1,,1,,,,,,,,,,,,,
O9,2.2,2,1,0,,,,,,,,,,,,,
O9,2.2,3,,1,,,,,,,,,,,,,
O9,2.2,4,,0,,,,,,,,,,,,,
O9,2.2,5,,0,,,,,,,,,,,,,
O9,2.2,6,,0,,,,,,,,,,,,,
O9,2.2,7,,0,,,,,,,,,,,,,
O9,2.2,8,,1,,,,,,,,,,,,,
O9,2.2,9,,1,,,,,,,,,,,,,
O9,2.2,10,,1,1,,,,,,,,,,,,
O9,2.2,stigma,1,96,,,,,,,,,,,,,
O9,2.3,1,,4,1,2,5,8,,,,,,,,,
O9,2.3,2,4,2,2,1,,,,,,,,,,,
O9,2.3,3,,1,1,1,1,1,,,,,,,,,
O9,2.3,4,,1,2,2,1,,,,,,,,,,
O9,2.3,5,,3,1,,,,,,,,,,,,
O9,2.3,6,1,1,1,2,,,,,,,,,,,
O9,2.3,7,1,1,1,,,,,,,,,,,,
O9,2.3,8,,3,2,,,,,,,,,,,,
O9,2.3,9,,1,,,,,,,,,,,,,
O9,2.3,10,,0,,,,,,,,,,,,,
O9,2.3,stigma,,6,,,,,,,,,,,,,
O9,3.1,1,,1,3,,,,,,,,,,,,
O9,3.1,2,1,2,1,1,2,,,,,,,,,,
O9,3.1,3,,3,,,,,,,,,,,,,
O9,3.1,4,,1,2,,,,,,,,,,,,
O9,3.1,5,,1,1,6,,,,,,,,,,,
O9,3.1,6,1,4,,,,,,,,,,,,,
O9,3.1,7,,8,,,,,,,,,,,,,
O9,3.1,8,,1,,,,,,,,,,,,,
O9,3.1,9,,0,,,,,,,,,,,,,
O9,3.1,10,,0,,,,,,,,,,,,,
O9,3.1,stigma,1,5,,,,,,,,,,,,,
O9,3.2,1,,1,1,1,3,3,1,6,8,1,1,2,3,,
O9,3.2,2,1,6,2,1,1,1,2,1,,,,,,,
O9,3.2,3,,1,2,2,7,12,5,1,2,,,,,,
O9,3.2,4,,3,6,1,2,2,4,1,,,,,,,
O9,3.2,5,,2,1,1,16,5,,,,,,,,,
O9,3.2,6,1,4,7,1,,,,,,,,,,,
O9,3.2,7,1,4,2,10,5,1,1,,,,,,,,
O9,3.2,8,,1,3,6,1,1,,,,,,,,,
O9,3.2,9,1,1,2,2,4,2,3,3,2,1,2,2,,,
O9,3.2,10,,5,1,2,2,5,1,1,1,,,,,,
O9,3.2,stigma,,17,,,,,,,,,,,,,
O9,3.3,1,,1,1,1,5,,,,,,,,,,
O9,3.3,2,1,1,1,1,1,,,,,,,,,,
O9,3.3,3,,0,,,,,,,,,,,,,
O9,3.3,4,,1,,,,,,,,,,,,,
O9,3.3,5,,0,,,,,,,,,,,,,
O9,3.3,6,,1,1,1,,,,,,,,,,,
O9,3.3,7,1,2,4,,,,,,,,,,,,
O9,3.3,8,,4,3,2,1,,,,,,,,,,
O9,3.3,9,,1,3,7,,,,,,,,,,,
O9,3.3,10,,3,1,1,,,,,,,,,,,
O9,3.3,stigma,,2,,,,,,,,,,,,,
S10,1.1,1,6,1,2,2,2,1,4,4,1,,,,,,
S10,1.1,2,6,1,3,4,2,1,1,,,,,,,,
S10,1.1,3,1,3,1,1,1,1,,,,,,,,,
S10,1.1,4,4,1,1,2,1,1,1,1,2,1,2,,,,
S10,1.1,5,3,1,1,1,1,1,1,2,3,,,,,,
S10,1.1,6,,1,1,1,1,1,3,,,,,,,,
S10,1.1,7,,6,1,7,1,,,,,,,,,,
S10,1.1,8,3,2,3,1,1,1,,,,,,,,,
S10,1.1,9,4,1,3,1,1,7,2,,,,,,,,
S10,1.1,10,2,1,6,1,1,1,1,,,,,,,,
S10,1.1,stigma,17,15,,,,,,,,,,,,,
S10,1.2,1,,1,1,2,2,,,,,,,,,,
S10,1.2,2,,7,2,1,,,,,,,,,,,
S10,1.2,3,,2,8,,,,,,,,,,,,
S10,1.2,4,,9,2,1,,,,,,,,,,,
S10,1.2,5,,5,,,,,,,,,,,,,
S10,1.2,6,1,12,1,2,3,1,,,,,,,,,
S10,1.2,7,,2,1,5,,,,,,,,,,,
S10,1.2,8,1,6,,,,,,,,,,,,,
S10,1.2,9,,1,1,,,,,,,,,,,,
S10,1.2,10,1,2,1,1,2,1,1,,,,,,,,
S10,1.2,stigma,,0,,,,,,,,,,,,,
S10,1.3,1,,3,3,1,1,3,1,1,,,,,,,
S10,1.3,2,,1,1,1,1,1,1,1,,,,,,,
S10,1.3,3,1,2,2,4,1,2,,,,,,,,,
S10,1.3,4,,3,2,1,,,,,,,,,,,
S10,1.3,5,,2,6,1,,,,,,,,,,,
S10,1.3,6,,2,1,1,1,,,,,,,,,,
S10,1.3,7,,1,2,1,3,1,1,,,,,,,,
S10,1.3,8,,1,1,1,,,,,,,,,,,
S10,1.3,9,1,1,1,4,3,,,,,,,,,,
S10,1.3,10,,1,1,1,1,1,1,1,,,,,,,
S10,1.3,stigma,2,4,,,,,,,,,,,,,
S10,2.1,1,,3,4,1,2,,,,,,,,,,
S10,2.1,2,2,3,1,,,,,,,,,,,,
S10,2.1,3,,1,,,,,,,,,,,,,
S10,2.1,4,1,0,,,,,,,,,,,,,
S10,2.1,5,,1,2,2,,,,,,,,,,,
S10,2.1,6,,1,1,4,,,,,,,,,,,
S10,2.1,7,3,6,4,3,1,,,,,,,,,,
S10,2.1,8,1,2,2,1,5,4,1,,,,,,,,
S10,2.1,9,1,4,3,1,2,,,,,,,,,,
S10,2.1,10,1,1,  ,,,,,,,,,,,,
S10,2.1,stigma,,9,,,,,,,,,,,,,
S10,2.2,1,1,1,1,,,,,,,,,,,,
S10,2.2,2,,1,2,2,1,2,,,,,,,,,
S10,2.2,3,,1,1,1,1,,,,,,,,,,
S10,2.2,4,2,2,,,,,,,,,,,,,
S10,2.2,5,,1,,,,,,,,,,,,,
S10,2.2,6,,0,,,,,,,,,,,,,
S10,2.2,7,,1,,,,,,,,,,,,,
S10,2.2,8,,0,,,,,,,,,,,,,
S10,2.2,9,,1,,,,,,,,,,,,,
S10,2.2,10,,1,1,1,,,,,,,,,,,
S10,2.2,stigma,,3,,,,,,,,,,,,,
S10,2.3,1,1,1,1,2,1,1,3,20,,,,,,,
S10,2.3,2,2,1,2,1,2,1,1,1,1,4,1,3,,,
S10,2.3,3,1,1,1,7,5,,,,,,,,,,
S10,2.3,4,,1,,,,,,,,,,,,,
S10,2.3,5,,1,,,,,,,,,,,,,
S10,2.3,6,1,7,1,2,,,,,,,,,,,
S10,2.3,7,2,2,2,2,1,3,,,,,,,,,
S10,2.3,8,,6,2,3,1,2,,,,,,,,,
S10,2.3,9,,1,1,2,1,1,3,4,4,,,,,,
S10,2.3,10,2,1,1,4,6,10,7,,,,,,,,
S10,2.3,stigma,,11,,,,,,,,,,,,,
S10,3.1,1,,0,,,,,,,,,,,,,
S10,3.1,2,,1,1,1,,,,,,,,,,,
S10,3.1,3,,2,1,,,,,,,,,,,,
S10,3.1,4,,1,,,,,,,,,,,,,
S10,3.1,5,1,2,6,1,1,,,,,,,,,,
S10,3.1,6,,1,,,,,,,,,,,,,
S10,3.1,7,,1,,,,,,,,,,,,,
S10,3.1,8,,0,,,,,,,,,,,,,
S10,3.1,9,,2,,,,,,,,,,,,,
S10,3.1,10,,2,1, ,,,,,,,,,,,
S10,3.1,stigma,1,,,,,,,,,,,,,,
S10,3.2,1,1,0,,,,,,,,,,,,,
S10,3.2,2,,0,,,,,,,,,,,,,
S10,3.2,3,1,0,,,,,,,,,,,,,
S10,3.2,4,,0,,,,,,,,,,,,,
S10,3.2,5,,0,,,,,,,,,,,,,
S10,3.2,6,,0,,,,,,,,,,,,,
S10,3.2,7,,0,,,,,,,,,,,,,
S10,3.2,8,,0,,,,,,,,,,,,,
S10,3.2,9,,0,,,,,,,,,,,,,
S10,3.2,10,,0,,,,,,,,,,,,,
S10,3.2,stigma,4,,,,,,,,,,,,,,
S10,3.3,1,,1,1,1,1,2,,,,,,,,,
S10,3.3,2,,1,,,,,,,,,,,,,
S10,3.3,3,,4,1,,,,,,,,,,,,
S10,3.3,4,,3,3,1,2,2,,,,,,,,,
S10,3.3,5,,1,1,1,4,1,,,,,,,,,
S10,3.3,6,,2,1,2,1,1,1,,,,,,,,
S10,3.3,7,,2,4,5,1,2,1,2,,,,,,,
S10,3.3,8,,2,2,1,3,2,1,1,1,,,,,,
S10,3.3,9,,4,1,1,8,,,,,,,,,,
S10,3.3,10,1,0,,,,,,,,,,,,,
S10,3.3,stigma,2,2,,,,,,,,,,,,,
O10,1.1,1,,0,,,,,,,,,,,,,
O10,1.1,2,,1,1,1,1,,,,,,,,,,
O10,1.1,3,1,2,,,,,,,,,,,,,
O10,1.1,4,2,1,2,,,,,,,,,,,,
O10,1.1,5,2,2,,,,,,,,,,,,,
O10,1.1,6,3,2,1,3,,,,,,,,,,,
O10,1.1,7,1,5,1,2,,,,,,,,,,,
O10,1.1,8,6,1,1,1,1,2,,,,,,,,,
O10,1.1,9,,0,,,,,,,,,,,,,
O10,1.1,10,,0,,,,,,,,,,,,,
O10,1.1,stigma,2,27,,,,,,,,,,,,,
O10,1.2,1,1,1,,,,,,,,,,,,,
O10,1.2,2,7,0,,,,,,,,,,,,,
O10,1.2,3,1,1,,,,,,,,,,,,,
O10,1.2,4,1,2,1,,,,,,,,,,,,
O10,1.2,5,,0,,,,,,,,,,,,,
O10,1.2,6,,0,,,,,,,,,,,,,
O10,1.2,7,2,1,1,1,,,,,,,,,,,
O10,1.2,8,1,,,,,,,,,,,,,,
O10,1.2,9,2,1,3,2,,,,,,,,,,,
O10,1.2,10,1,1,,,,,,,,,,,,,
O10,1.2,stigma,1,32,,,,,,,,,,,,,
O10,1.3,1,4,1,2,1,1,1,1,,,,,,,,
O10,1.3,2,1,2,1,1,,,,,,,,,,,
O10,1.3,3,3,2,1,,,,,,,,,,,,
O10,1.3,4,2,1,1,,,,,,,,,,,,
O10,1.3,5,1,1,1,1,1,,,,,,,,,,
O10,1.3,6,,2,3,,,,,,,,,,,,
O10,1.3,7,,2,1,1,,,,,,,,,,,
O10,1.3,8,,1,1,,,,,,,,,,,,
O10,1.3,9,2,,,,,,,,,,,,,,
O10,1.3,10,1,,,,,,,,,,,,,,
O10,1.3,stigma,2,4,,,,,,,,,,,,,
O10,2.1,1,2,1,,,,,,,,,,,,,
O10,2.1,2,,1,1,1,1,1,,,,,,,,,
O10,2.1,3,,2,1,,,,,,,,,,,,
O10,2.1,4,1,4,,,,,,,,,,,,,
O10,2.1,5,1,0,,,,,,,,,,,,,
O10,2.1,6,,0,,,,,,,,,,,,,
O10,2.1,7,4,1,1,3,,,,,,,,,,,
O10,2.1,8,2,1,6,,,,,,,,,,,,
O10,2.1,9,4,1,1,,,,,,,,,,,,
O10,2.1,10,3,2,2,2,2,4,4,3,,,,,,,
O10,2.1,stigma,5,12,,,,,,,,,,,,,
O10,2.2,1,3,4,2,1,,,,,,,,,,,
O10,2.2,2,1,1,2,,,,,,,,,,,,
O10,2.2,3,1,2,1,1,,,,,,,,,,,
O10,2.2,4,,1,1,1,4,,,,,,,,,,
O10,2.2,5,,1,,,,,,,,,,,,,
O10,2.2,6,,1,,,,,,,,,,,,,
O10,2.2,7,,2,,,,,,,,,,,,,
O10,2.2,8,1,2,2,,,,,,,,,,,,
O10,2.2,9,6,1,,,,,,,,,,,,,
O10,2.2,10,1,,,,,,,,,,,,,,
O10,2.2,stigma,5,12,,,,,,,,,,,,,
O10,2.3,1,4,1,3,,,,,,,,,,,,
O10,2.3,2,1,2,4,1,1,,,,,,,,,,
O10,2.3,3,,2,4,,,,,,,,,,,,
O10,2.3,4,,2,,,,,,,,,,,,,
O10,2.3,5,,3,3,2,,,,,,,,,,,
O10,2.3,6,1,4,,,,,,,,,,,,,
O10,2.3,7,,2,3,,,,,,,,,,,,
O10,2.3,8,2,4,1,1,1,,,,,,,,,,
O10,2.3,9,,1,,,,,,,,,,,,,
O10,2.3,10,,1,1,1,,,,,,,,,,,
O10,2.3,stigma,5,26,,,,,,,,,,,,,
O10,3.1,1,,1,,,,,,,,,,,,,
O10,3.1,2,,0,,,,,,,,,,,,,
O10,3.1,3,,0,,,,,,,,,,,,,
O10,3.1,4,2,0,,,,,,,,,,,,,
O10,3.1,5,,0,,,,,,,,,,,,,
O10,3.1,6,,0,,,,,,,,,,,,,
O10,3.1,7,,0,,,,,,,,,,,,,
O10,3.1,8,,1,,,,,,,,,,,,,
O10,3.1,9,2,1,,,,,,,,,,,,,
O10,3.1,10,3,3,3,1,,,,,,,,,,,
O10,3.1,stigma,4,10,,,,,,,,,,,,,
O10,3.2,1,2,1,1,1,1,,,,,,,,,,
O10,3.2,2,3,0,,,,,,,,,,,,,
O10,3.2,3,,1,2,,,,,,,,,,,,
O10,3.2,4,7,1,,,,,,,,,,,,,
O10,3.2,5,,1,,,,,,,,,,,,,
O10,3.2,6,1,1,,,,,,,,,,,,,
O10,3.2,7,4,3,,,,,,,,,,,,,
O10,3.2,8,3,0,,,,,,,,,,,,,
O10,3.2,9,3,1,,,,,,,,,,,,,
O10,3.2,10,7,1,,,,,,,,,,,,,
O10,3.2,stigma,3,5,,,,,,,,,,,,,
O10,3.3,1,,2,,,,,,,,,,,,,
O10,3.3,2,,0,,,,,,,,,,,,,
O10,3.3,3,,0,,,,,,,,,,,,,
O10,3.3,4,,0,,,,,,,,,,,,,
O10,3.3,5,,0,,,,,,,,,,,,,
O10,3.3,6,,0,,,,,,,,,,,,,
O10,3.3,7,,0,,,,,,,,,,,,,
O10,3.3,8,1,0,,,,,,,,,,,,,
O10,3.3,9,,0,,,,,,,,,,,,,
O10,3.3,10,,1,,,,,,,,,,,,,
O10,3.3,stigma,,3,,,,,,,,,,,,,
S11,1.1,1,,3,1,3,1,1,,,,,,,,,
S11,1.1,2,1,0,,,,,,,,,,,,,
S11,1.1,3,,0,,,,,,,,,,,,,
S11,1.1,4,,1,,,,,,,,,,,,,
S11,1.1,5,2,2,,,,,,,,,,,,,
S11,1.1,6,,0,,,,,,,,,,,,,
S11,1.1,7,,0,,,,,,,,,,,,,
S11,1.1,8,,0,,,,,,,,,,,,,
S11,1.1,9,,0,,,,,,,,,,,,,
S11,1.1,10,,2,1,,,,,,,,,,,,
S11,1.1,stigma,1,,,,,,,,,,,,,,
S11,1.2,1,,9,,,,,,,,,,,,,
S11,1.2,2,,1,1,7,1,3,,,,,,,,,
S11,1.2,3,,1,2,2,1,2,,,,,,,,,
S11,1.2,4,,2,4,3,,,,,,,,,,,
S11,1.2,5,,1,2,2,1,,,,,,,,,,
S11,1.2,6,,1,1,3,1,1,,,,,,,,,
S11,1.2,7,,1,,,,,,,,,,,,,
S11,1.2,8,,0,,,,,,,,,,,,,
S11,1.2,9,,1,2,1,1,,,,,,,,,,
S11,1.2,10,1,1,2,2,3,5,2,,,,,,,,
S11,1.2,stigma,,15,,,,,,,,,,,,,
S11,1.3,1,,1,1,,,,,,,,,,,,
S11,1.3,2,,1,,,,,,,,,,,,,
S11,1.3,3,1,0,,,,,,,,,,,,,
S11,1.3,4,,0,,,,,,,,,,,,,
S11,1.3,5,,0,,,,,,,,,,,,,
S11,1.3,6,,0,,,,,,,,,,,,,
S11,1.3,7,,2,1,1,,,,,,,,,,,
S11,1.3,8,,0,,,,,,,,,,,,,
S11,1.3,9,,0,,,,,,,,,,,,,
S11,1.3,10,,1,,,,,,,,,,,,,
S11,1.3,stigma,,3,,,,,,,,,,,,,
S11,2.1,1,4,2,1,1,,,,,,,,,,,
S11,2.1,2,3,1,,,,,,,,,,,,,
S11,2.1,3,1,1,2,,,,,,,,,,,,
S11,2.1,4,1,1,1,,,,,,,,,,,,
S11,2.1,5,,0,,,,,,,,,,,,,
S11,2.1,6,2,1,,,,,,,,,,,,,
S11,2.1,7,1,1,,,,,,,,,,,,,
S11,2.1,8,1,2,1,1,,,,,,,,,,,
S11,2.1,9,,2,,,,,,,,,,,,,
S11,2.1,10,1,1,1,2,1,,,,,,,,,,
S11,2.1,stigma,2,18,,,,,,,,,,,,,
S11,2.2,1,2,1,,,,,,,,,,,,,
S11,2.2,2,,1,,,,,,,,,,,,,
S11,2.2,3,,0,,,,,,,,,,,,,
S11,2.2,4,,0,,,,,,,,,,,,,
S11,2.2,5,,0,,,,,,,,,,,,,
S11,2.2,6,,0,,,,,,,,,,,,,
S11,2.2,7,,0,,,,,,,,,,,,,
S11,2.2,8,1,0,,,,,,,,,,,,,
S11,2.2,9,,0,,,,,,,,,,,,,
S11,2.2,10,,0,,,,,,,,,,,,,
S11,2.2,stigma,1,10,,,,,,,,,,,,,
S11,2.3,1,1,1,1,1,,,,,,,,,,,
S11,2.3,2,,0,,,,,,,,,,,,,
S11,2.3,3,1,0,,,,,,,,,,,,,
S11,2.3,4,,1,1,,,,,,,,,,,,
S11,2.3,5,,1,,,,,,,,,,,,,
S11,2.3,6,,0,,,,,,,,,,,,,
S11,2.3,7,,1,,,,,,,,,,,,,
S11,2.3,8,1,1,,,,,,,,,,,,,
S11,2.3,9,,1,,,,,,,,,,,,,
S11,2.3,10,2,2,2,,,,,,,,,,,,
S11,2.3,stigma,3,14,,,,,,,,,,,,,
S11,3.1,1,4,1,1,1,,,,,,,,,,,
S11,3.1,2,1,2,1,1,,,,,,,,,,,
S11,3.1,3,2,4,2,2,2,,,,,,,,,,
S11,3.1,4,2,2,1,1,1,2,1,1,,,,,,,
S11,3.1,5,1,1,1,1,1,1,1,,,,,,,,
S11,3.1,6,1,1,1,1,4,2,,,,,,,,,
S11,3.1,7,2,3,1,1,2,1,4,1,,,,,,,
S11,3.1,8,1,1,1,1,1,,,,,,,,,,
S11,3.1,9,,1,1,1,1,1,,,,,,,,,
S11,3.1,10,,1,2,1,,,,,,,,,,,
S11,3.1,stigma,3,34,,,,,,,,,,,,,
S11,3.2,1,,0,,,,,,,,,,,,,
S11,3.2,2,,0,,,,,,,,,,,,,
S11,3.2,3,1,0,,,,,,,,,,,,,
S11,3.2,4,1,0,,,,,,,,,,,,,
S11,3.2,5,3,2,1,1,,,,,,,,,,,
S11,3.2,6,,0,,,,,,,,,,,,,
S11,3.2,7,,1,,,,,,,,,,,,,
S11,3.2,8,2,1,,,,,,,,,,,,,
S11,3.2,9,,1,,,,,,,,,,,,,
S11,3.2,10,,1,,,,,,,,,,,,,
S11,3.2,stigma,19,6,10,,,,,,,,,,,,
S11,3.3,1,,0,,,,,,,,,,,,,
S11,3.3,2,,0,,,,,,,,,,,,,
S11,3.3,3,,0,,,,,,,,,,,,,
S11,3.3,4,,1,,,,,,,,,,,,,
S11,3.3,5,,0,,,,,,,,,,,,,
S11,3.3,6,,0,,,,,,,,,,,,,
S11,3.3,7,,0,,,,,,,,,,,,,
S11,3.3,8,,0,,,,,,,,,,,,,
S11,3.3,9,,0,,,,,,,,,,,,,
S11,3.3,10,2,2,2,1,,,,,,,,,,,
S11,3.3,stigma,2,30,18,,,,,,,,,,,,
O11,1.1,1,,1,1,2,1,,,,,,,,,,
O11,1.1,2,,1,3,2,,,,,,,,,,,
O11,1.1,3,,1,,,,,,,,,,,,,
O11,1.1,4,,0,,,,,,,,,,,,,
O11,1.1,5,,0,,,,,,,,,,,,,
O11,1.1,6,1,2,1,1,,,,,,,,,,,
O11,1.1,7,,1,,,,,,,,,,,,,
O11,1.1,8,,0,,,,,,,,,,,,,
O11,1.1,9,,0,,,,,,,,,,,,,
O11,1.1,10,2,1,2,1,1,3,,,,,,,,,
O11,1.1,stigma,4,18,15,,,,,,,,,,,,
O11,1.2,1,,1,,,,,,,,,,,,,
O11,1.2,2,,1,,,,,,,,,,,,,
O11,1.2,3,,1,,,,,,,,,,,,,
O11,1.2,4,,0,,,,,,,,,,,,,
O11,1.2,5,3,1,,,,,,,,,,,,,
O11,1.2,6,2,3,,,,,,,,,,,,,
O11,1.2,7,,1,2,,,,,,,,,,,,
O11,1.2,8,,1,2,1,3,,,,,,,,,,
O11,1.2,9,,1,2,1,,,,,,,,,,,
O11,1.2,10,6,2,2,4,1,4,1,1,,,,,,,
O11,1.2,stigma,,40,,,,,,,,,,,,,
O11,1.3,1,,3,2,10,1,1,1,1,,,,,,,
O11,1.3,2,2,3,1,1,1,3,,,,,,,,,
O11,1.3,3,,0,,,,,,,,,,,,,
O11,1.3,4,1,0,,,,,,,,,,,,,
O11,1.3,5,,1,,,,,,,,,,,,,
O11,1.3,6,,0,,,,,,,,,,,,,
O11,1.3,7,1,2,2,2,,,,,,,,,,,
O11,1.3,8,,1,,,,,,,,,,,,,
O11,1.3,9,,1,,,,,,,,,,,,,
O11,1.3,10,,1,1,1,1,,,,,,,,,,
O11,1.3,stigma,2,22,,,,,,,,,,,,,
O11,2.1,1,,1,4,,,,,,,,,,,,
O11,2.1,2,,1,1,1,1,1,,,,,,,,,
O11,2.1,3,2,3,,,,,,,,,,,,,
O11,2.1,4,,1,2,,,,,,,,,,,,
O11,2.1,5,3,2,,,,,,,,,,,,,
O11,2.1,6,,0,,,,,,,,,,,,,
O11,2.1,7,,1,1,4,,,,,,,,,,,
O11,2.1,8,,1,1,3,,,,,,,,,,,
O11,2.1,9,1,1,,,,,,,,,,,,,
O11,2.1,10,,0,,,,,,,,,,,,,
O11,2.1,stigma,,4,,,,,,,,,,,,,
O11,2.2,1,,3,2,1,1,1,1,2,1,,,,,,
O11,2.2,2,,8,1,1,,,,,,,,,,,
O11,2.2,3,1,2,4,,,,,,,,,,,,
O11,2.2,4,1,4,1,1,,,,,,,,,,,
O11,2.2,5,,1,4,,,,,,,,,,,,
O11,2.2,6,1,5,,,,,,,,,,,,,
O11,2.2,7,,3,,,,,,,,,,,,,
O11,2.2,8,,10,,,,,,,,,,,,,
O11,2.2,9,,1,2,2,,,,,,,,,,,
O11,2.2,10,1,7,4,4,1,1,,,,,,,,,
O11,2.2,stigma,2,6,,,,,,,,,,,,,
O11,2.3,1,,1,,,,,,,,,,,,,
O11,2.3,2,,2,,,,,,,,,,,,,
O11,2.3,3,,1,2,,,,,,,,,,,,
O11,2.3,4,,0,,,,,,,,,,,,,
O11,2.3,5,,1,1,,,,,,,,,,,,
O11,2.3,6,,0,,,,,,,,,,,,,
O11,2.3,7,1,1,,,,,,,,,,,,,
O11,2.3,8,,0,,,,,,,,,,,,,
O11,2.3,9,,0,,,,,,,,,,,,,
O11,2.3,10,,0,,,,,,,,,,,,,
O11,2.3,stigma,,0,,,,,,,,,,,,,
O11,3.1,1,,2,2,2,2,2,3,,,,,,,,
O11,3.1,2,5,1,5,1,,,,,,,,,,,
O11,3.1,3,,1,,,,,,,,,,,,,
O11,3.1,4,,2,1,,,,,,,,,,,,
O11,3.1,5,1,2,3,,,,,,,,,,,,
O11,3.1,6,1,4,,,,,,,,,,,,,
O11,3.1,7,3,,,,,,,,,,,,,,
O11,3.1,8,,5,1,,,,,,,,,,,,
O11,3.1,9,2,2,1,5,,,,,,,,,,,
O11,3.1,10,3,2,1, ,,,,,,,,,,,
O11,3.1,stigma,2,11,,,,,,,,,,,,,
O11,3.2,1,,1,,,,,,,,,,,,,
O11,3.2,2,,1,,,,,,,,,,,,,
O11,3.2,3,,0,,,,,,,,,,,,,
O11,3.2,4,,2,,,,,,,,,,,,,
O11,3.2,5,,1,,,,,,,,,,,,,
O11,3.2,6,,1,,,,,,,,,,,,,
O11,3.2,7,,0,,,,,,,,,,,,,
O11,3.2,8,,0,,,,,,,,,,,,,
O11,3.2,9,,0,,,,,,,,,,,,,
O11,3.2,10,,0,,,,,,,,,,,,,
O11,3.2,stigma,2,12,,,,,,,,,,,,,
O11,3.3,1,,1,,,,,,,,,,,,,
O11,3.3,2,,1,1,,,,,,,,,,,,
O11,3.3,3,1,1,1,1,,,,,,,,,,,
O11,3.3,4,,1,,,,,,,,,,,,,
O11,3.3,5,1,1,2,1,1,,,,,,,,,,
O11,3.3,6,,1,,,,,,,,,,,,,
O11,3.3,7,,1,1,,,,,,,,,,,,
O11,3.3,8,1,1,1,,,,,,,,,,,,
O11,3.3,9,,1,,,,,,,,,,,,,
O11,3.3,10,,1,,,,,,,,,,,,,
O11,3.3,stigma,2,23,,,,,,,,,,,,,
S13,1.1,1,,4,1,1,,,,,,,,,,,
S13,1.1,2,,1,2,,,,,,,,,,,,
S13,1.1,3,,2,1,,,,,,,,,,,,
S13,1.1,4,,1,1,,,,,,,,,,,,
S13,1.1,5,,1,1,,,,,,,,,,,,
S13,1.1,6,,2,,,,,,,,,,,,,
S13,1.1,7,,0,,,,,,,,,,,,,
S13,1.1,8,,1,,,,,,,,,,,,,
S13,1.1,9,,1,,,,,,,,,,,,,
S13,1.1,10,,0,,,,,,,,,,,,,
S13,1.1,stigma,1,79,,,,,,,,,,,,,
S13,1.2,1,1,1,6,,,,,,,,,,,,
S13,1.2,2,,1,2,,,,,,,,,,,,
S13,1.2,3,,3,3,2,,,,,,,,,,,
S13,1.2,4,3,1,6,2,,,,,,,,,,,
S13,1.2,5,1,3,,,,,,,,,,,,,
S13,1.2,6,,1,1,,,,,,,,,,,,
S13,1.2,7,,1,2,2,3,1,,,,,,,,,
S13,1.2,8,,2,1,1,3,,,,,,,,,,
S13,1.2,9,,1,1,1,1,,,,,,,,,,
S13,1.2,10,,1,1,,,,,,,,,,,,
S13,1.2,stigma,3,43,,,,,,,,,,,,,
S13,1.3,1,,3,,,,,,,,,,,,,
S13,1.3,2,,1,1,1,,,,,,,,,,,
S13,1.3,3,,0,,,,,,,,,,,,,
S13,1.3,4,,1,1,,,,,,,,,,,,
S13,1.3,5,,1,,,,,,,,,,,,,
S13,1.3,6,,1,1,1,,,,,,,,,,,
S13,1.3,7,2,2,,,,,,,,,,,,,
S13,1.3,8,1,1,2,,,,,,,,,,,,
S13,1.3,9,1,1,1,1,2,,,,,,,,,,
S13,1.3,10,,2,1,,,,,,,,,,,,
S13,1.3,stigma,3,14,,,,,,,,,,,,,
S13,2.1,1,3,4,1,1,4,2,3,1,1,3,1,3,2,,
S13,2.1,2,2,1,1,2,2,5,1,3,2,2,,,,,
S13,2.1,3,,1,1,2,3,1,,,,,,,,,
S13,2.1,4,2,2,2,1,1,1,,,,,,,,,
S13,2.1,5,1,1,5,1,,,,,,,,,,,
S13,2.1,6,,1,2,1,1,,,,,,,,,,
S13,2.1,7,1,2,2,1,1,2,1,,,,,,,,
S13,2.1,8,1,2,,,,,,,,,,,,,
S13,2.1,9,,3,1,,,,,,,,,,,,
S13,2.1,10,2,3,2,,,,,,,,,,,,
S13,2.1,stigma,1,5,,,,,,,,,,,,,
S13,2.2,1,,0,,,,,,,,,,,,,
S13,2.2,2,,0,,,,,,,,,,,,,
S13,2.2,3,,1,,,,,,,,,,,,,
S13,2.2,4,,0,,,,,,,,,,,,,
S13,2.2,5,,0,,,,,,,,,,,,,
S13,2.2,6,,0,,,,,,,,,,,,,
S13,2.2,7,,0,,,,,,,,,,,,,
S13,2.2,8,,0,,,,,,,,,,,,,
S13,2.2,9,,0,,,,,,,,,,,,,
S13,2.2,10,,0,,,,,,,,,,,,,
S13,2.2,stigma,,0,,,,,,,,,,,,,
S13,2.3,1,,2,,,,,,,,,,,,,
S13,2.3,2,,3,,,,,,,,,,,,,
S13,2.3,3,,1,2,2,,,,,,,,,,,
S13,2.3,4,,1,2,4,1,1,1,,,,,,,,
S13,2.3,5,1,1,2,2,2,1,,,,,,,,,
S13,2.3,6,,2,2,,,,,,,,,,,,
S13,2.3,7,,1,2,,,,,,,,,,,,
S13,2.3,8,1,1,1,,,,,,,,,,,,
S13,2.3,9,1,1,1,2,2,,,,,,,,,,
S13,2.3,10,,1,1,4,1,1,2,1,1,,,,,,
S13,2.3,stigma,,16,,,,,,,,,,,,,
S13,3.1,1,,0,,,,,,,, ,,,,,
S13,3.1,2,,1,1,,,,,,,,,,,,
S13,3.1,3,,0,,,,,,,,,,,,,
S13,3.1,4,,0,,,,,,,,,,,,,
S13,3.1,5,,0,,,,,,,,,,,,,
S13,3.1,6,,1,,,,,,,,,,,,,
S13,3.1,7,,1,,,,,,,,,,,,,
S13,3.1,8,,1,,,,,,,,,,,,,
S13,3.1,9,,1,1,,,,,,,,,,,,
S13,3.1,10,,0,,,,,,,,,,,,,
S13,3.1,stigma,3,38,,,,,,,,,,,,,
S13,3.2,1,,0,,,,,,,,,,,,,
S13,3.2,2,1,0,,,,,,,,,,,,,
S13,3.2,3,,0,,,,,,,,,,,,,
S13,3.2,4,,0,,,,,,,,,,,,,
S13,3.2,5,,0,,,,,,,,,,,,,
S13,3.2,6,,1,1,3,,,,,,,,,,,
S13,3.2,7,,0,,,,,,,,,,,,,
S13,3.2,8,,0,,,,,,,,,,,,,
S13,3.2,9,,0,,,,,,,,,,,,,
S13,3.2,10,,0,,,,,,,,,,,,,
S13,3.2,stigma,3,6,,,,,,,,,,,,,
S13,3.3,1,,1,1,1,2,,,,,,,,,,
S13,3.3,2,,1,3,2,,,,,,,,,,,
S13,3.3,3,,1,5,1,,,,,,,,,,,
S13,3.3,4,3,2,3,3,,,,,,,,,,,
S13,3.3,5,,2,1,1,2,3,,,,,,,,,
S13,3.3,6,,1,2,,,,,,,,,,,,
S13,3.3,7,,2,1,,,,,,,,,,,,
S13,3.3,8,,2,1,,,,,,,,,,,,
S13,3.3,9,,6,,,,,,,,,,,,,
S13,3.3,10,,0,,,,,,,,,,,,,
S13,3.3,stigma,1,18,,,,,,,,,,,,,
O13,1.1,1,,13,7,,,,,,,,,,,,
O13,1.1,2,,1,1,,,,,,,,,,,,
O13,1.1,3,,1,,,,,,,,,,,,,
O13,1.1,4,1,1,2,,,,,,,,,,,,
O13,1.1,5,,1,,,,,,,,,,,,,
O13,1.1,6,2,1,,,,,,,,,,,,,
O13,1.1,7,,3,1,1,,,,,,,,,,,
O13,1.1,8,1,4,,,,,,,,,,,,,
O13,1.1,9,,3,,,,,,,,,,,,,
O13,1.1,10,,1,1,3,,,,,,,,,,,
O13,1.1,stigma,1,61,,,,,,,,,,,,,
O13,1.2,1,1,2,2,1,4,2,,,,,,,,,
O13,1.2,2,,3,1,,,,,,,,,,,,
O13,1.2,3,,1,1,,,,,,,,,,,,
O13,1.2,4,1,1,1,1,2,,,,,,,,,,
O13,1.2,5,2,2,1,1,,,,,,,,,,,
O13,1.2,6,,1,1,,,,,,,,,,,,
O13,1.2,7,,0,,,,,,,,,,,,,
O13,1.2,8,,3,,,,,,,,,,,,,
O13,1.2,9,,1,,,,,,,,,,,,,
O13,1.2,10,,1,,,,,,,,,,,,,
O13,1.2,stigma,,23,,,,,,,,,,,,,
O13,1.3,1,,1,1,,,,,,,,,,,,
O13,1.3,2,,1,,,,,,,,,,,,,
O13,1.3,3,,4,,,,,,,,,,,,,
O13,1.3,4,,0,,,,,,,,,,,,,
O13,1.3,5,,0,,,,,,,,,,,,,
O13,1.3,6,,1,,,,,,,,,,,,,
O13,1.3,7,,1,,,,,,,,,,,,,
O13,1.3,8,,1,1,,,,,,,,,,,,
O13,1.3,9,,1,,,,,,,,,,,,,
O13,1.3,10,,0,,,,,,,,,,,,,
O13,1.3,stigma,2,15,,,,,,,,,,,,,
O13,2.1,1,1,3,3,1,3,10,5,1,,,,,,,
O13,2.1,2,,4,1,,,,,,,,,,,,
O13,2.1,3,3,3,3,2,5,,,,,,,,,,
O13,2.1,4,,2,1,,,,,,,,,,,,
O13,2.1,5,,1,4,1,,,,,,,,,,,
O13,2.1,6,1,4,1,1,,,,,,,,,,,
O13,2.1,7,,1,1,1,,,,,,,,,,,
O13,2.1,8,2,5,2,,,,,,,,,,,,
O13,2.1,9,,3,1,1,1,1,2,1,,,,,,,
O13,2.1,10,,4,3,1,1,5,2,,,,,,,,
O13,2.1,stigma,3,8,,,,,,,,,,,,,
O13,2.2,1,,1,,,,,,,,,,,,,
O13,2.2,2,2,6,2,,,,,,,,,,,,
O13,2.2,3,,3,,,,,,,,,,,,,
O13,2.2,4,2,3,1,1,,,,,,,,,,,
O13,2.2,5,,1,1,7,,,,,,,,,,,
O13,2.2,6,,0,,,,,,,,,,,,,
O13,2.2,7,2,1,7,,,,,,,,,,,,
O13,2.2,8,1,1,2,2,6,,,,,,,,,,
O13,2.2,9,3,3,2,5,4,,,,,,,,,,
O13,2.2,10,23,5,5,4,4,2,3,3,2,5,3,2,,,
O13,2.2,stigma,3,33,,,,,,,,,,,,,
O13,2.3,1,1,2,1,1,1,,,,,,,,,,
O13,2.3,2,,1,,,,,,,,,,,,,
O13,2.3,3,,0,,,,,,,,,,,,,
O13,2.3,4,,4,,,,,,,,,,,,,
O13,2.3,5,,1,,,,,,,,,,,,,
O13,2.3,6,,1,1,,,,,,,,,,,,
O13,2.3,7,1,1,,,,,,,,,,,,,
O13,2.3,8,3,4,1,1,1,,,,,,,,,,
O13,2.3,9,1,1,1,,,,,,,,,,,,
O13,2.3,10,1,4,1,2,,,,,,,,,,,
O13,2.3,stigma,3,24,,,,,,,,,,,,,
O13,3.1,1,,4,1,,,,,,,,,,,,
O13,3.1,2,3,2,1,,,,,,,,,,,,
O13,3.1,3,2,1,1,1,,,,,,,,,,,
O13,3.1,4,,1,1,1,2,2,,,,,,,,,
O13,3.1,5,1,1,1,1,,,,,,,,,,,
O13,3.1,6,,5,1,1,1,,,,,,,,,,
O13,3.1,7,1,1,1,4,1,,,,,,,,,,
O13,3.1,8,,3,1,,,,,,,,,,,,
O13,3.1,9,,2,1,,,,,,,,,,,,
O13,3.1,10,,5,1,2,2,,,,,,,,,,
O13,3.1,stigma,13,10,33,78,,,,,,,,,,,
O13,3.2,1,,1,1,3,1,,,,,,,,,,
O13,3.2,2,,1,1,1,5,1,,,,,,,,,
O13,3.2,3,,2,1,7,9,,,,,,,,,,
O13,3.2,4,,2,,,,,,,,,,,,,
O13,3.2,5,,1,1,2,1,1,,,,,,,,,
O13,3.2,6,,1,,,,,,,,,,,,,
O13,3.2,7,,1,1,2,1,,,,,,,,,,
O13,3.2,8,2,5,3,,,,,,,,,,,,
O13,3.2,9,,1,,,,,,,,,,,,,
O13,3.2,10,,2,1,,,,,,,,,,,,
O13,3.2,stigma,,130,51,,,,,,,,,,,,
O13,3.3,1,,1,,,,,,,,,,,,,
O13,3.3,2,,0,,,,,,,,,,,,,
O13,3.3,3,,0,,,,,,,,,,,,,
O13,3.3,4,,1,,,,,,,,,,,,,
O13,3.3,5,,1,1,,,,,,,,,,,,
O13,3.3,6,,1,,,,,,,,,,,,,
O13,3.3,7,,1,,,,,,,,,,,,,
O13,3.3,8,,0,,,,,,,,,,,,,
O13,3.3,9,,0,,,,,,,,,,,,,
O13,3.3,10,,1,1,,,,,,,,,,,,
O13,3.3,stigma,1,16,,,,,,,,,,,,,
S14,1.1,1,2,2,2,1,2,2,1,3,3,1,2,3,6,5,
S14,1.1,2,1,4,1,1,1,2,2,1,1,1,1,4,,,
S14,1.1,3,,1,1,1,1,4,2,,,,,,,,
S14,1.1,4,1,12,17,1,,,,,,,,,,,
S14,1.1,5,,1,5,2,,,,,,,,,,,
S14,1.1,6,1,3,,,,,,,,,,,,,
S14,1.1,7,,2,2,1,,,,,,,,,,,
S14,1.1,8,,1,2,1,1,1,2,,,,,,,,
S14,1.1,9,1,1,2,1,,,,,,,,,,,
S14,1.1,10,,1,1,1,2,,,,,,,,,,
S14,1.1,stigma,1,57,,,,,,,,,,,,,
S14,1.2,1,1,1,1,,,,,,,,,,,,
S14,1.2,2,1,1,1,1,2,,,,,,,,,,
S14,1.2,3,,1,1,,,,,,,,,,,,
S14,1.2,4,,1,2,,,,,,,,,,,,
S14,1.2,5,1,1,1,,,,,,,,,,,,
S14,1.2,6,,1,1,1,1,,,,,,,,,,
S14,1.2,7,,1,3,2,1,1,,,,,,,,,
S14,1.2,8,1,2,1,1,,,,,,,,,,,
S14,1.2,9,1,7,,,,,,,,,,,,,
S14,1.2,10,,1,4,,,,,,,,,,,,
S14,1.2,stigma,2,13,,,,,,,,,,,,,
S14,1.3,1,,0,,,,,,,,,,,,,
S14,1.3,2,,1,1,,,,,,,,,,,,
S14,1.3,3,,1,1,1,,,,,,,,,,,
S14,1.3,4,,0,,,,,,,,,,,,,
S14,1.3,5,,1,,,,,,,,,,,,,
S14,1.3,6,,0,,,,,,,,,,,,,
S14,1.3,7,,1,1,,,,,,,,,,,,
S14,1.3,8,,0,,,,,,,,,,,,,
S14,1.3,9,,0,,,,,,,,,,,,,
S14,1.3,10,,0,,,,,,,,,,,,,
S14,1.3,stigma,,58,,,,,,,,,,,,,
S14,2.1,1,,1,,,,,,,,,,,,,
S14,2.1,2,,2,1,,,,,,,,,,,,
S14,2.1,3,,1,,,,,,,,,,,,,
S14,2.1,4,,0,,,,,,,,,,,,,
S14,2.1,5,,1,1,1,,,,,,,,,,,
S14,2.1,6,,0,,,,,,,,,,,,,
S14,2.1,7,,0,,,,,,,,,,,,,
S14,2.1,8,,1,,,,,,,,,,,,,
S14,2.1,9,,1,1,1,1,,,,,,,,,,
S14,2.1,10,,1,1,,,,,,,,,,,,
S14,2.1,stigma,1,31,,,,,,,,,,,,,
S14,2.2,1,1,1,6,3,5,2,3,8,2,1,,,,,
S14,2.2,2,,3,6,,,,,,,,,,,,
S14,2.2,3,,3,5,1,1,,,,,,,,,,
S14,2.2,4,,2,1,6,1,,,,,,,,,,
S14,2.2,5,,1,1,3,1,,,,,,,,,,
S14,2.2,6,,10,3,,,,,,,,,,,,
S14,2.2,7,,1,1,1,,,,,,,,,,,
S14,2.2,8,1,1,1,1,1,,,,,,,,,,
S14,2.2,9,,1,1,1,1,,,,,,,,,,
S14,2.2,10,1,1,2,1,,,,,,,,,,,
S14,2.2,stigma,2,29,,,,,,,,,,,,,
S14,2.3,1,1,1,1,1,1,2,,,,,,,,,
S14,2.3,2,12,1,1,1,,,,,,,,,,,
S14,2.3,3,,2,5,1,,,,,,,,,,,
S14,2.3,4,2,1,1,1,,,,,,,,,,,
S14,2.3,5,,1,,,,,,,,,,,,,
S14,2.3,6,,0,,,,,,,,,,,,,
S14,2.3,7,4,0,,,,,,,,,,,,,
S14,2.3,8,3,0,,,,,,,,,,,,,
S14,2.3,9,4,0,,,,,,,,,,,,,
S14,2.3,10,,0,,,,,,,,,,,,,
S14,2.3,stigma,2,44,,,,,,,,,,,,,
S14,3.1,1,,1,1,,,,,,,,,,,,
S14,3.1,2,,0,,,,,,,,,,,,,
S14,3.1,3,1,0,,,,,,,,,,,,,
S14,3.1,4,,0,,,,,,,,,,,,,
S14,3.1,5,,1,1,,,,,,,,,,,,
S14,3.1,6,,2,1,1,,,,,,,,,,,
S14,3.1,7,,0,,,,,,,,,,,,,
S14,3.1,8,,0,,,,,,,,,,,,,
S14,3.1,9,,1,2,,,,,,,,,,,,
S14,3.1,10,,1, ,,,,,,,,,,,,
S14,3.1,stigma,1,7,,,,,,,,,,,,,
S14,3.2,1,2,1,1,2,2,1,1,1,,,,,,,
S14,3.2,2,1,1,2,1,1,1,2,,,,,,,,
S14,3.2,3,,1,1,,,,,,,,,,,,
S14,3.2,4,,1,1,1,1,1,1,,,,,,,,
S14,3.2,5,,1,1,1,1,1,,,,,,,,,
S14,3.2,6,,1,3,,,,,,,,,,,,
S14,3.2,7,1,2,1,2,1,,,,,,,,,,
S14,3.2,8,2,1,2,3,,,,,,,,,,,
S14,3.2,9,2,3,1,4,2,,,,,,,,,,
S14,3.2,10,2,1,3,3,2,1,1, ,,,,,,,
S14,3.2,stigma,3,14,,,,,,,,,,,,,
S14,3.3,1,,1,1,2,1,,,,,,,,,,
S14,3.3,2,2,1,1,1,1,1,,,,,,,,,
S14,3.3,3,,1,2,,,,,,,,,,,,
S14,3.3,4,,1,,,,,,,,,,,,,
S14,3.3,5,,0,,,,,,,,,,,,,
S14,3.3,6,,1,1,2,,,,,,,,,,,
S14,3.3,7,,1,2,,,,,,,,,,,,
S14,3.3,8,,1,2,,,,,,,,,,,,
S14,3.3,9,,2,2,1,,,,,,,,,,,
S14,3.3,10,,1,1, ,,,,,,,,,,,
S14,3.3,stigma,,13,,,,,,,,,,,,,
O14,1.1,1,4,7,5,1,7,,,,,,,,,,
O14,1.1,2,2,1,3,17,,,,,,,,,,,
O14,1.1,3,2,4,3,2,1,,,,,,,,,,
O14,1.1,4,4,8,2,4,4,,,,,,,,,,
O14,1.1,5,3,1,2,2,27,9,6,,,,,,,,
O14,1.1,6,5,7,3,4,1,2,,,,,,,,,
O14,1.1,7,2,1,1,2,1,1,1,1,1,1,,,,,
O14,1.1,8,2,1,3,,,,,,,,,,,,
O14,1.1,9,1,1,,,,,,,,,,,,,
O14,1.1,10,,0,,,,,,,,,,,,,
O14,1.1,stigma,6,31,38,41,31,,,,,,,,,,
O14,1.2,1,1,2,1,1,,,,,,,,,,,
O14,1.2,2,1,1,1,,,,,,,,,,,,
O14,1.2,3,,1,,,,,,,,,,,,,
O14,1.2,4,2,3,,,,,,,,,,,,,
O14,1.2,5,,2,,,,,,,,,,,,,
O14,1.2,6,,4,,,,,,,,,,,,,
O14,1.2,7,,1,,,,,,,,,,,,,
O14,1.2,8,2,6,2,,,,,,,,,,,,
O14,1.2,9,,1,1,4,1,,,,,,,,,,
O14,1.2,10,,1,2,1,  ,,,,,,,,,,
O14,1.2,stigma,1,15,,,,,,,,,,,,,
O14,1.3,1,,1,,,,,,,,,,,,,
O14,1.3,2,,1,,,,,,,,,,,,,
O14,1.3,3,,0,,,,,,,,,,,,,
O14,1.3,4,,0,,,,,,,,,,,,,
O14,1.3,5,,1,,,,,,,,,,,,,
O14,1.3,6,,0,,,,,,,,,,,,,
O14,1.3,7,,9,,,,,,,,,,,,,
O14,1.3,8,,0,,,,,,,,,,,,,
O14,1.3,9,,0,,,,,,,,,,,,,
O14,1.3,10,,3, ,,,,,,,,,,,,
O14,1.3,stigma,,28,,,,,,,,,,,,,
O14,2.1,1,,1,,,,,,,,,,,,,
O14,2.1,2,1,1,1,,,,,,,,,,,,
O14,2.1,3,1,1,,,,,,,,,,,,,
O14,2.1,4,,1,,,,,,,,,,,,,
O14,2.1,5,,1,,,,,,,,,,,,,
O14,2.1,6,,1,2,,,,,,,,,,,,
O14,2.1,7,2,1,,,,,,,,,,,,,
O14,2.1,8,,0,,,,,,,,,,,,,
O14,2.1,9,2,1,,,,,,,,,,,,,
O14,2.1,10,,2, ,,,,,,,,,,,,
O14,2.1,stigma,2,51,135,,,,,,,,,,,,
O14,2.2,1,1,1,1,,,,,,,,,,,,
O14,2.2,2,1,1,3,1,1,2,1,7,,,,,,,
O14,2.2,3,2,8,9,2,5,,,,,,,,,,
O14,2.2,4,6,1,1,2,1,1,2,,,,,,,,
O14,2.2,5,1,5,2,5,,,,,,,,,,,
O14,2.2,6,1,1,1,1,1,2,4,1,,,,,,,
O14,2.2,7,2,2,1,3,6,1,,,,,,,,,
O14,2.2,8,1,2,1,4,1,1,,,,,,,,,
O14,2.2,9,2,1,3,1,2,1,3,2,2,1,1,1,4,,
O14,2.2,10,,1,1,2,3, ,,,,,,,,,
O14,2.2,stigma,1,25,,,,,,,,,,,,,
O14,2.3,1,1,1,1,1,1,15,,,,,,,,,
O14,2.3,2,1,2,11,1,17,3,,,,,,,,,
O14,2.3,3,1,3,1,2,7,1,1,,,,,,,,
O14,2.3,4,6,1,7,1,1,7,,,,,,,,,
O14,2.3,5,7,2,2,5,1,,,,,,,,,,
O14,2.3,6,1,2,1,3,1,,,,,,,,,,
O14,2.3,7,,2,1,1,1,1,,,,,,,,,
O14,2.3,8,4,2,1,2,,,,,,,,,,,
O14,2.3,9,,3,1,,,,,,,,,,,,
O14,2.3,10,,0,,,,,,,,,,,,,
O14,2.3,stigma,,0,,,,,,,,,,,,,
O14,3.1,1,1,1,1,1,1,,,,,,,,,,
O14,3.1,2,1,0,,,,,,,,,,,,,
O14,3.1,3,1,1,,,,,,,,,,,,,
O14,3.1,4,1,2,,,,,,,,,,,,,
O14,3.1,5,,0,,,,,,,,,,,,,
O14,3.1,6,,0,,,,,,,,,,,,,
O14,3.1,7,1,1,1,3,,,,,,,,,,,
O14,3.1,8,1,1,,,,,,,,,,,,,
O14,3.1,9,2,0,,,,,,,,,,,,,
O14,3.1,10,1,2,1,1,1,,,,,,,,,,
O14,3.1,stigma,,4,,,,,,,,,,,,,
O14,3.2,1,,2,,,,,,,,,,,,,
O14,3.2,2,,1,1,,,,,,,,,,,,
O14,3.2,3,2,1,2,,,,,,,,,,,,
O14,3.2,4,1,1,,,,,,,,,,,,,
O14,3.2,5,,1,,,,,,,,,,,,,
O14,3.2,6,,1,2,1,2,3,,,,,,,,,
O14,3.2,7,,0,,,,,,,,,,,,,
O14,3.2,8,,0,,,,,,,,,,,,,
O14,3.2,9,,3,1,1,,,,,,,,,,,
O14,3.2,10,,1,1,,,,,,,,,,,,
O14,3.2,stigma,2,19,,,,,,,,,,,,,
O14,3.3,1,,3,1,2,2,1,1,1,,,,,,,
O14,3.3,2,2,1,3,1,1,2,,,,,,,,,
O14,3.3,3,,1,1,2,,,,,,,,,,,
O14,3.3,4,,4,4,1,1,1,,,,,,,,,
O14,3.3,5,1,2,3,1,3,,,,,,,,,,
O14,3.3,6,,2,3,2,,,,,,,,,,,
O14,3.3,7,1,1,1,1,6,1,,,,,,,,,
O14,3.3,8,2,2,4,1,1,1,,,,,,,,,
O14,3.3,9,2,1,1,1,5,1,2,,,,,,,,
O14,3.3,10,1,2,1,1,3,2,,,,,,,,,
O14,3.3,stigma,6,5,,,,,,,,,,,,,
