"","PlantID","date","time.start","duration..min.","s.species","pre.post","visitor.rtu","v.species","behaviour","part.used","visitor.description","voucher."
"1","262","4.11.2017","13:58",15,"larrea","pre","syrphid","scaeva pyrastri","touchdown","branch","yellow and black",""
"2","262","4.11.2017","13:58",15,"larrea","pre","syrphid","scaeva pyrastri","touchdown","branch","",""
"3","262","4.11.2017","13:58",15,"larrea","pre","fly","fly","landing","branch","",""
"4","262","4.11.2017","13:58",15,"larrea","pre","syrphid","scaeva pyrastri","touchdown","","",""
"5","262","4.11.2017","13:58",15,"larrea","pre","syrphid","scaeva pyrastri","touchdown","","",""
"6","262","4.11.2017","13:58",15,"larrea","pre","ladybeetle","asian lady beetle","","understory.ground","",""
"7","275","4.11.2017","14:15",15,"larrea","pre","syrphid","scaeva pyrastri","hover","branch","",""
"8","275","4.11.2017","14:15",15,"larrea","pre","syrphid","scaeva pyrastri","landing","branch","",""
"9","275","4.11.2017","14:15",15,"larrea","pre","syrphid","scaeva pyrastri","hover then land","branch","",""
"10","275","4.11.2017","14:15",15,"larrea","pre","syrphid","scaeva pyrastri","fly near","branch","",""
"11","275","4.11.2017","14:15",15,"larrea","pre","syrphid","scaeva pyrastri","fly near","branch","",""
"12","275","4.11.2017","14:15",15,"larrea","pre","syrphid","scaeva pyrastri","fly near","branch","",""
"13","275","4.11.2017","14:15",15,"larrea","pre","ladybeetle","asian lady beetle","landing","branch","",""
"14","275","4.11.2017","14:15",15,"larrea","pre","ladybeetle","asian lady beetle","","branch","",""
"15","275","4.11.2017","14:15",15,"larrea","pre","unknown","?","fly near","branch","",""
"16","289","4.11.2017","14:31",15,"larrea","pre","lepidoptera","butterfly","fly near","understory","orange",""
"17","289","4.11.2017","14:31",15,"larrea","pre","apis.mellifera","Apis mellifera","fly near","","",""
"18","289","4.11.2017","14:31",15,"larrea","pre","syrphid","scaeva pyrastri","landing","understory","landed on crypt.",""
"19","289","4.11.2017","14:31",15,"larrea","pre","syrphid","scaeva pyrastri","landing","understory","grass",""
"20","289","4.11.2017","14:31",15,"larrea","pre","syrphid","scaeva pyrastri","fly near","branch","",""
"21","289","4.11.2017","14:31",15,"larrea","pre","syrphid","scaeva pyrastri","landing","understory","cyrpt",""
"22","289","4.11.2017","14:31",15,"larrea","pre","syrphid","scaeva pyrastri","landing","branch","",""
"23","289","4.11.2017","14:31",15,"larrea","pre","syrphid","scaeva pyrastri","fly near","branch","",""
"24","289","4.11.2017","14:31",15,"larrea","pre","centris","centris rhodopus","landing","understory","amsinckia",""
"25","289","4.11.2017","14:31",15,"larrea","pre","apis.mellifera","Apis mellifera","fly near","branch","",""
"26","191","4.11.2017","14:48",15,"larrea","pre","ladybeetle","asian lady beetle","landing","understory","yellow flower",""
"27","191","4.11.2017","14:48",15,"larrea","pre","fly","fly","fly near","branch","small",""
"28","191","4.11.2017","14:48",15,"larrea","pre","ladybeetle","asian lady beetle","landing","understory","yellow annual",""
"29","191","4.11.2017","14:48",15,"larrea","pre","unknown","?","fly near","branch","",""
"30","191","4.11.2017","14:48",15,"larrea","pre","syrphid","scaeva pyrastri","fly near","branch","",""
"31","191","4.11.2017","14:48",15,"larrea","pre","fly","fly","fly near","branch","tiny",""
"32","191","4.11.2017","14:48",15,"larrea","pre","apis.mellifera","Apis mellifera","landing","understory","amsinckia",""
"33","263","4.12.2017","15:30",15,"larrea","pre","syrphid","scaeva pyrastri","fly near","branch","",""
"34","263","4.12.2017","15:30",15,"larrea","pre","wasp","ammophila","landing","branch","red abdomen, thread-waisted, black thorax",""
"35","272","4.12.2017","15:59",15,"larrea","pre","syrphid","scaeva pyrastri","fly near","branch","",""
"36","272","4.12.2017","15:59",15,"larrea","pre","syrphid","scaeva pyrastri","fly near","branch","",""
"37","272","4.12.2017","15:59",15,"larrea","pre","fly","fly","fly near","understory","tiny",""
"38","272","4.12.2017","15:59",15,"larrea","pre","acari","red spider mite","crawling","branch","red spider mite",""
"39","272","4.12.2017","15:59",15,"larrea","pre","fly","fly","fly near","branch","",""
"40","272","4.12.2017","15:59",15,"larrea","pre","fly","fly","landing","branch","tiny, black/red",""
"41","272","4.12.2017","15:59",15,"larrea","pre","ladybeetle","asian lady beetle","landing","branch","",""
"42","189","4.12.2017","16:24",15,"larrea","pre","fly","fly","landing","branch","tiny",""
"43","189","4.12.2017","16:24",15,"larrea","pre","fly","fly","landing","branch","tiny",""
"44","293","4.12.2017","16:46",15,"larrea","pre","fly","fly","fly near","branch","tiny",""
"45","293","4.12.2017","16:46",15,"larrea","pre","fly","fly","fly near","branch","tiny",""
"46","293","4.12.2017","16:46",15,"larrea","pre","fly","fly","landing","branch","gnat",""
"47","293","4.12.2017","16:46",15,"larrea","pre","muscoid","Muscoidea","fly near","branch","",""
"48","300","4.13.2017","13:43",15,"larrea","pre","syrphid","scaeva pyrastri","fly near","branch","",""
"49","300","4.13.2017","13:43",15,"larrea","pre","syrphid","scaeva pyrastri","fly near","branch","",""
"50","300","4.13.2017","13:43",15,"larrea","pre","syrphid","scaeva pyrastri","fly near","branch","",""
"51","199","4.13.2017","14:03",15,"larrea","pre","ladybeetle","asian lady beetle","fly near","branch","",""
"52","199","4.13.2017","14:03",15,"larrea","pre","fly","fly","fly near","branch","tiny",""
"53","199","4.13.2017","14:03",15,"larrea","pre","hemiptera","rhopalidae","landing","branch","unknown, green",""
"54","199","4.13.2017","14:03",15,"larrea","pre","syrphid","scaeva pyrastri","fly near","branch","inspecting for 15s",""
"55","199","4.13.2017","14:03",15,"larrea","pre","apis.mellifera","Apis mellifera","landing","understory","amsinckia",""
"56","192","4.13.2017","14:31",15,"larrea","pre","syrphid","scaeva pyrastri","fly near","branch","",""
"57","192","4.13.2017","14:31",15,"larrea","pre","fly","fly","landing","branch","tiny",""
"58","192","4.13.2017","14:31",15,"larrea","pre","fly","fly","fly near","branch","tiny",""
"59","192","4.13.2017","14:31",15,"larrea","pre","fly","fly","fly near","branch","tiny",""
"60","192","4.13.2017","14:31",15,"larrea","pre","muscoid","Muscoidea","landing","branch","red eye, black stripes",""
"61","192","4.13.2017","14:31",15,"larrea","pre","ladybeetle","asian lady beetle","landing","branch","",""
"62","192","4.13.2017","14:31",15,"larrea","pre","syrphid","scaeva pyrastri","fly near","understory","",""
"63","192","4.13.2017","14:31",15,"larrea","pre","apis.mellifera","Apis mellifera","fly near","understory","",""
"64","186","4.13.2017","15:02",15,"larrea","pre","apis.mellifera","Apis mellifera","landing","understory","amsinckia",""
"65","186","4.13.2017","15:02",15,"larrea","pre","apis.mellifera","Apis mellifera","landing","understory","amsinckia",""
"66","186","4.13.2017","15:02",15,"larrea","pre","syrphid","scaeva pyrastri","landing","branch","",""
"67","186","4.13.2017","15:02",15,"larrea","pre","nomada","nomada","fly near","understory","amsinckia",""
"68","186","4.13.2017","15:02",15,"larrea","pre","ladybeetle","lady beetle","landing","branch","",""
"69","282","4.15.2017","15:32",15,"larrea","pre","syrphid","","fly near","branch","",""
"70","282","4.15.2017","15:32",15,"larrea","pre","fly","","fly near","branch","tiny",""
"71","282","4.15.2017","15:32",15,"larrea","pre","acari","red spider mite","crawling","branch","red spider mite",""
"72","282","4.15.2017","15:32",15,"larrea","pre","muscoid","Muscoidea","landing","branch","",""
"73","282","4.15.2017","15:32",15,"larrea","pre","muscoid","Muscoidea","landing","branch","",""
"74","282","4.15.2017","15:32",15,"larrea","pre","syrphid","scaeva pyrastri","fly near","branch","inspecting branche and understory annuals",""
"75","282","4.15.2017","15:32",15,"larrea","pre","syrphid","scaeva pyrastri","fly near","branch","inspecting",""
"76","294","4.15.2017","15:59",15,"larrea","pre","muscoid","Muscoidea","landing","branch","",""
"77","294","4.15.2017","15:59",15,"larrea","pre","apis.mellifera","Apis mellifera","landing","understory","amsinckia",""
"78","294","4.15.2017","15:59",15,"larrea","pre","solitary.bee","solitary.bee","landing","branch","looks similar to one from buckhorn earlier, black and grey. Medium. Looks halictidae",""
"79","295","4.15.2017","14:19",15,"larrea","pre","ladybeetle","lady beetle","fly near","branch","",""
"80","295","4.15.2017","14:19",15,"larrea","pre","syrphid","scaeva pyrastri","fly near","branch","inspecting buds",""
"81","295","4.15.2017","14:19",15,"larrea","pre","syrphid","scaeva pyrastri","fly near","branch","inspecting buds",""
"82","299","4.15.2017","16:41",15,"larrea","pre","ladybeetle","lady beetle","fly near","branch","",""
"83","299","4.15.2017","16:41",15,"larrea","pre","fly","fly","","branch","tiny",""
"84","299","4.15.2017","16:41",15,"larrea","pre","fly","fly","landing","branch","small",""
"85","299","4.15.2017","16:41",15,"larrea","pre","fly","fly","fly near","branch","tiny",""
"86","299","4.15.2017","16:41",15,"larrea","pre","fly","fly ","fly near","branch","tiny",""
"87","264","4.16.2017","14:03",15,"larrea","pre","wasp","parasitoid wasp","crawling","branch","tiny, on buds",""
"88","264","4.16.2017","14:03",15,"larrea","pre","ladybeetle","lady beetle","landing","branch","may be asian",""
"89","264","4.16.2017","14:03",15,"larrea","pre","wasp","parasitoid wasp","crawling","branch","tiny, on buds",""
"90","264","4.16.2017","14:03",15,"larrea","pre","fly","fly","fly near","branch","tiny",""
"91","264","4.16.2017","14:03",15,"larrea","pre","syrphid","scaeva pyrastri","fly near","branch","",""
"92","264","4.16.2017","14:03",15,"larrea","pre","muscoid","Muscoidea","landing","branch","shiny",""
"93","264","4.16.2017","14:03",15,"larrea","pre","syrphid","scaeva pyrastri","fly near","branch","",""
"94","264","4.16.2017","14:03",15,"larrea","pre","syrphid","scaeva pyrastri","fly near","branch","",""
"95","276","4.16.2017","14:23",15,"larrea","pre","fly","fly","fly near","branch","tiny",""
"96","276","4.16.2017","14:23",15,"larrea","pre","fly","fly","fly near","branch","tiny",""
"97","276","4.16.2017","14:23",15,"larrea","pre","fly","fly","fly near","branch","small",""
"98","276","4.16.2017","14:23",15,"larrea","pre","fly","fly","fly near","branch","tiny",""
"99","276","4.16.2017","14:23",15,"larrea","pre","fly","fly","fly near","branch","tiny",""
"100","276","4.16.2017","14:23",15,"larrea","pre","wasp","parasitoid wasp","crawling","branch","parastoid, tiny, on buds",""
"101","276","4.16.2017","14:23",15,"larrea","pre","fly","fly","landing","branch","tiny",""
"102","276","4.16.2017","14:23",15,"larrea","pre","fly","fly","landing","branch","tiny",""
"103","276","4.16.2017","14:23",15,"larrea","pre","fly","fly","landing","branch","tiny",""
"104","276","4.16.2017","14:23",15,"larrea","pre","acari","acari","crawling","branch","",""
"105","276","4.16.2017","14:23",15,"larrea","pre","wasp","parasitoid wasp","crawling","branch","parastoid, tiny, on buds",""
"106","276","4.16.2017","14:23",15,"larrea","pre","wasp","parasitoid wasp","crawling","branch","parastoid, tiny, on buds",""
"107","286","4.16.2017","14:43",15,"larrea","pre","fly","fly","fly near","branch","tiny",""
"108","286","4.16.2017","14:43",15,"larrea","pre","ant","ant","crawling","branch","",""
"109","286","4.16.2017","14:43",15,"larrea","pre","syrphid","scaeva pyrastri","fly near","branch","",""
"110","286","4.16.2017","14:43",15,"larrea","pre","fly","fly","fly near","branch","",""
"111","286","4.16.2017","14:43",15,"larrea","pre","wasp","ammophila","crawling","understory","on ground, red and black thread-waisted wasp",""
"112","291","4.16.2017","15:02",15,"larrea","pre","syrphid","scaeva pyrastri","landing","branch","",""
"113","291","4.16.2017","15:02",15,"larrea","pre","fly","fly","fly near","understory","tiny",""
"114","291","4.16.2017","15:02",15,"larrea","pre","fly","fly","landing","branch","medium",""
"115","281","4.19.2017","13:37",15,"larrea","pre","syrphid","fly","fly near","branch","inspecting buds",""
"116","281","4.19.2017","13:37",15,"larrea","pre","fly","fly","fly near","branch","tiny",""
"117","281","4.19.2017","13:37",15,"larrea","pre","muscoid","Muscoidea","fly near","branch","medium",""
"118","281","4.19.2017","13:37",15,"larrea","pre","fly","fly","fly near","branch","small",""
"119","281","4.19.2017","13:37",15,"larrea","pre","fly","fly","fly near","branch","small",""
"120","281","4.19.2017","13:37",15,"larrea","pre","fly","fly","fly near","branch","small",""
"121","281","4.19.2017","13:37",15,"larrea","pre","muscoid","Muscoidea","landing","branch","medium",""
"122","281","4.19.2017","13:37",15,"larrea","pre","fly","fly","landing","branch","tiny",""
"123","281","4.19.2017","13:37",15,"larrea","pre","fly","fly","fly near","branch","over buds, tiny",""
"124","281","4.19.2017","13:37",15,"larrea","pre","fly","fly","fly near","branch","over buds, tiny",""
"125","281","4.19.2017","13:37",15,"larrea","pre","fly","fly","fly near","branch","over buds, tiny",""
"126","281","4.19.2017","13:37",15,"larrea","pre","fly","fly","fly near","branch","over buds, tiny",""
"127","198","4.19.2017","14:06",15,"larrea","pre","fly","fly","landing","branch","tiny",""
"128","198","4.19.2017","14:06",15,"larrea","pre","syrphid","Syrphidae","fly near","branch","first amsinkia, then larrea buds",""
"129","198","4.19.2017","14:06",15,"larrea","pre","fly","fly","landing","branch","tiny",""
"130","198","4.19.2017","14:06",15,"larrea","pre","crabronidae","crabronidae","crawling","understory","ground",""
"131","198","4.19.2017","14:06",15,"larrea","pre","fly","fly","landing","branch","tiny",""
"132","183","4.19.2017","14:33",15,"larrea","pre","wasp","ammophila","landing","branch","black and red thread waisted wasp",""
"133","183","4.19.2017","14:33",15,"larrea","pre","fly","fly","landing","branch","tiny",""
"134","183","4.19.2017","14:33",15,"larrea","pre","pentamoidae","Pentamoidae","crawling","branch","same as sample",""
"135","181","4.19.2017","14:58",15,"larrea","pre","hummingbird","hummingbird","perched","branch","",""
"136","181","4.19.2017","14:58",15,"larrea","pre","syrphid","Syrphidae","landing","branch","",""
"137","181","4.19.2017","14:58",15,"larrea","pre","wasp","wasp","landing","branch","black",""
"138","181","4.19.2017","14:58",15,"larrea","pre","fly","fly","landing","branch","tiny",""
"139","289","4.22.2017","14:28",15,"larrea","post","fly","fly","landing","branch","tiny",""
"140","289","4.22.2017","14:28",15,"larrea","post","fly","fly","landing","branch","tiny",""
"141","146","4.22.2017","15:07",15,"larrea","post","hemiptera","hemiptera","landing","flower","black and red, similar to boxelder",""
"142","146","4.22.2017","15:07",15,"larrea","post","fly","fly","fly near","branch","buds",""
"143","146","4.22.2017","15:07",15,"larrea","post","ant","ant","crawling","flower","old flower",""
"144","146","4.22.2017","15:07",15,"larrea","post","solitary.bee","Eucera","landing","flower","medium gray black, hairy stripes",""
"145","197","4.22.2017","15:25",15,"larrea","post",NA,NA,"","","",""
"146","195","4.22.2017","15:43",15,"larrea","post","solitary.bee","solitary.bee","landing","flower","small, escaped",""
"147","new1","4.22.2017","16:05",15,"larrea","post","spider","spider","crawling","branch","on bud",""
"148","new1","4.22.2017","16:05",15,"larrea","post","solitary.bee","solitary.bee","landing","flower","medium, gray escaped, fast",""
"149","new1","4.22.2017","16:05",15,"larrea","post","ladybeetle","lady beetle","landing","branch","",""
"150","new1","4.22.2017","16:05",15,"larrea","post","wasp","parasitoid wasp","landing","branch","black, tiny, parastoid",""
"151","new1","4.22.2017","16:05",15,"larrea","post","wasp","wasp","landing","branch","small",""
"152","new1","4.22.2017","16:05",15,"larrea","post","centris","centris rhodopus","landing","flower","",""
"153","266","4.22.2017","16:28",15,"larrea","post","solitary.bee","Eucera","fly near","flower","same as others, grey/blac k",""
"154","266","4.22.2017","16:28",15,"larrea","post","muscoid","Muscoidea","landing","branch","medium",""
"155","275","4.23.2017","12:37",15,"larrea","post","agapostemon/augochlorella","chrysididae","landing","branch","",""
"156","275","4.23.2017","12:37",15,"larrea","post","lepidoptera","Swallowtail","fly near","branch","swallowtail",""
"157","275","4.23.2017","12:37",15,"larrea","post","ladybeetle","lady beetle","landing","branch","",""
"158","275","4.23.2017","12:37",15,"larrea","post","fly","fly","landing","flower","tiny",""
"159","275","4.23.2017","12:37",15,"larrea","post","fly","fly","landing","branch","",""
"160","276","4.23.2017","12:53",15,"larrea","post","spider","spider","crawling","branch","jumping spider, hunting",""
"161","276","4.23.2017","12:53",15,"larrea","post","ladybeetle","lady beetle","landing","branch","",""
"162","276","4.23.2017","12:53",15,"larrea","post","fly","fly","landing","branch","small",""
"163","276","4.23.2017","12:53",15,"larrea","post","solitary.bee","solitary.bee","landing","flower","gray/black, same",""
"164","180","4.23.2017","13:11",15,"larrea","post","bombus?","centris rhodopus","landing","flower","",""
"165","180","4.23.2017","13:11",15,"larrea","post","solitary.bee","solitary.bee","landing","flower","gray/black, same",""
"166","180","4.23.2017","13:11",15,"larrea","post","ladybeetle","lady beetle","landing","branch","",""
"167","180","4.23.2017","13:11",15,"larrea","post","solitary.bee","solitary.bee","landing","flower","gray/black, same",""
"168","182","4.23.2017","13:29",15,"larrea","post","muscoid","Muscoidea","landing","branch","large",""
"169","182","4.23.2017","13:29",15,"larrea","post","pentamoidae","Pentamoidae","landing","branch","green, same",""
"170","194","4.23.2017","13:46",15,"larrea","post","bee","Megachile","","understory","","V"
"171","264","4.25.2017","15:36",15,"larrea","post","fly","fly","fly near","branch","black",""
"172","264","4.25.2017","15:36",15,"larrea","post","fly","fly","fly near","branch","buds, tiny",""
"173","301","4.25.2017","15:53",15,"larrea","post","centris","centris rhodopus","landing","flower","",""
"174","301","4.25.2017","15:53",15,"larrea","post","wasp","parasitoid wasp","landing","branch","buds, green/black, parasitic",""
"175","301","4.25.2017","15:53",15,"larrea","post","fly","fly","fly near","branch","small",""
"176","301","4.25.2017","15:53",15,"larrea","post","fly","fly","fly near","branch","buds, tiny",""
"177","295","4.25.2017","16:12",15,"larrea","post","solitary.bee","solitary.bee","landing","flower","medium, not gray and black",""
"178","295","4.25.2017","16:12",15,"larrea","post","solitary.bee","solitary.bee","landing","flower","medium, not gray and black",""
"179","295","4.25.2017","16:12",15,"larrea","post","solitary.bee","solitary.bee","landing","flower","medium, not gray and black",""
"180","295","4.25.2017","16:12",15,"larrea","post","solitary.bee","solitary.bee","landing","flower","medium, not gray and black",""
"181","295","4.25.2017","16:12",15,"larrea","post","solitary.bee","solitary.bee","landing","flower","medium, not gray and black",""
"182","295","4.25.2017","16:12",15,"larrea","post","solitary.bee","solitary.bee","fly near","flower","medium, not gray and black",""
"183","295","4.25.2017","16:12",15,"larrea","post","solitary.bee","solitary.bee","fly near","flower","medium, not gray and black",""
"184","295","4.25.2017","16:12",15,"larrea","post","muscoid","Muscoidea","fly near","branch","",""
"185","295","4.25.2017","16:12",15,"larrea","post","solitary.bee","solitary.bee","landing","flower","medium, not gray and black",""
"186","298","4.25.2017","16:30",15,"larrea","post","solitary.bee","solitary.bee","fly near","branch","",""
"187","298","4.25.2017","16:30",15,"larrea","post","fly","fly","landing","branch","green",""
"188","298","4.25.2017","16:30",15,"larrea","post","fly","fly","fly near","understory","",""
"189","298","4.25.2017","16:30",15,"larrea","post","syrphid","Syrphidaeae","fly near","branch","small",""
"190","298","4.25.2017","16:30",15,"larrea","post","fly","fly","fly near","branch","tiny",""
"191","298","4.25.2017","16:30",15,"larrea","post","solitary.bee","solitary.bee","fly near","branch","medium",""
"192","298","4.25.2017","16:30",15,"larrea","post","centris","centris rhodopus","fly near","","",""
"193","298","4.25.2017","16:30",15,"larrea","post","gb.solitary.bee","Eucera","fly near","understory","grey/black, yellow pollen, medium",""
"194","196","4.25.2017","16:48",15,"larrea","post","muscoid","Muscoidea","grooming","branch","",""
"195","196","4.25.2017","16:48",15,"larrea","post","wasp","parasitoid wasp","landing","branch","green/black, tiny",""
"196","196","4.25.2017","16:48",15,"larrea","post","muscoid","Muscoidea","landing","branch","",""
"197","196","4.25.2017","16:48",15,"larrea","post","pentamoidae","Pentamoidae","landing","branch","",""
"198","196","4.25.2017","16:48",15,"larrea","post","muscoid","Muscoidea","landing","branch","",""
"199","196","4.25.2017","16:48",15,"larrea","post","wasp","parasitoid wasp","landing","branch","green/black, tiny",""
"200","196","4.25.2017","16:48",15,"larrea","post","muscoid","Muscoidea","landing","branch","",""
"201","192","4.25.2017","17:05",15,"larrea","post","centris","centris rhodopus","fly near","","",""
"202","192","4.25.2017","17:05",15,"larrea","post","centris","centris rhodopus","landing","understory","",""
"203","297","4.26.2017","12:30",15,"larrea","post","apis.mellifera","Apis mellifera","landing","flowering","",""
"204","297","4.26.2017","12:30",15,"larrea","post","muscoid","Muscoidea","landing","branch","",""
"205","297","4.26.2017","12:30",15,"larrea","post","gb.solitary.bee","Eucera","landing","understory","",""
"206","297","4.26.2017","12:30",15,"larrea","post","fly?","fly?","landing","branch","",""
"207","297","4.26.2017","12:30",15,"larrea","post","bombylid","bombylidae","landing","understory","",""
"208","294","4.26.2017","12:47",15,"larrea","post","solitary.bee","solitary.bee","landing","flower","grey stripes, medium",""
"209","294","4.26.2017","12:47",15,"larrea","post","solitary.bee","solitary.bee","fly near","","grey/yellowish, medium",""
"210","294","4.26.2017","12:47",15,"larrea","post","solitary.bee","solitary.bee","fly near","","grey/yellowish, medium",""
"211","294","4.26.2017","12:47",15,"larrea","post","solitary.bee","solitary.bee","fly near","","grey/yellowish, medium",""
"212","294","4.26.2017","12:47",15,"larrea","post","centris","centris rhodopus","landing","flower","red eyes",""
"213","294","4.26.2017","12:47",15,"larrea","post","centris","centris rhodopus","fly near","","red eyes",""
"214","294","4.26.2017","12:47",15,"larrea","post","solitary.bee","Eucera","fly near","flower","black and grey, medium, white faced",""
"215","294","4.26.2017","12:47",15,"larrea","post","gb.solitary.bee","Eucera","landing","flower","",""
"216","294","4.26.2017","12:47",15,"larrea","post","?","?","fly near","branch","",""
"217","293","4.26.2017","13:04",15,"larrea","post","fly","fly","landing","branch","tiny",""
"218","293","4.26.2017","13:04",15,"larrea","post","bombylid","bombylidae","landing","understory","on ground",""
"219","293","4.26.2017","13:04",15,"larrea","post","asilid","asilidae","landing","branch","",""
"220","293","4.26.2017","13:04",15,"larrea","post","gb.solitary.bee","Eucera","fly near","branch, flower","",""
"221","188","4.26.2017","13:22",15,"larrea","post","?","?","fly near","flower","",""
"222","188","4.26.2017","13:22",15,"larrea","post","fly","fly","fly near","branch","small",""
"223","188","4.26.2017","13:22",15,"larrea","post","solitary.bee","solitary.bee","fly near","branch","medium",""
"224","188","4.26.2017","13:22",15,"larrea","post","formicidae","ant","landing","understory","many",""
"225","188","4.26.2017","13:22",15,"larrea","post","solitary.bee","solitary.bee","landing","flower","medium",""
"226","282","4.26.2017","13:39",15,"larrea","post","ladybeetle","lady beetle","landing","branch","",""
"227","262","4.26.2017","13:57",15,"larrea","post","centris","centris rhodopus","landing","flower","",""
"228","262","4.26.2017","13:57",15,"larrea","post","fly","fly","fly near","branch","tiny, hovering on buds",""
"229","262","4.26.2017","13:57",15,"larrea","post","fly","fly","fly near","branch","tiny, hovering on buds",""
"230","262","4.26.2017","13:57",15,"larrea","post","gb.solitary.bee","Eucera","fly near","flower","hovering",""
"231","262","4.26.2017","13:57",15,"larrea","post","centris","centris rhodopus","landing","flower","",""
"232","262","4.26.2017","13:57",15,"larrea","post","centris","centris rhodopus","landing","flower","",""
"233","262","4.26.2017","13:57",15,"larrea","post","pt.gb.solitary bee","solitary.bee","landing","flower","point, grey/black stripes",""
"234","262","4.26.2017","13:57",15,"larrea","post","pt.gb.solitary bee","solitary.bee","landing","flower","point, grey/black stripes",""
"235","262","4.26.2017","13:57",15,"larrea","post","pt.gb.solitary bee","solitary.bee","landing","flower","point, grey/black stripes",""
"236","262","4.26.2017","13:57",15,"larrea","post","muscoid","Muscoidea","landing","branch","large",""
"237","262","4.26.2017","13:57",15,"larrea","post","fly?","fly","fly near","flower","",""
"238","262","4.26.2017","13:57",15,"larrea","post","centris","centris rhodopus","fly near","branch","",""
"239","262","4.26.2017","13:57",15,"larrea","post","centris","centris rhodopus","landing","flower","",""
"240","262","4.26.2017","13:57",15,"larrea","post","apis.mellifera","Apis mellifera","landing","flower","",""
"241","114","4.27.2017","12:50",15,"larrea","post","solitary.bee","Calliopsis?","fly near","flower","yellow and black abdomen, not fuzzy, distinct",""
"242","114","4.27.2017","12:50",15,"larrea","post","apis.mellifera","Apis mellifera","landing","flower","",""
"243","114","4.27.2017","12:50",15,"larrea","post","centris","centris rhodopus","landing","flower","",""
"244","114","4.27.2017","12:50",15,"larrea","post","solitary.bee","Calliopsis?","fly near","flower","yellow and black abdomen",""
"245","114","4.27.2017","12:50",15,"larrea","post","fuzzygrey.solitary.bee","Hesperapis larrae","fly near","branch","small, very fuzzy, grey is like halo",""
"246","114","4.27.2017","12:50",15,"larrea","post","fly","fly","fly near","branch","tiny",""
"247","114","4.27.2017","12:50",15,"larrea","post","fly","fly","fly near","branch","tiny",""
"248","114","4.27.2017","12:50",15,"larrea","post","gb.solitary.bee","Eucera","fly near","flower","",""
"249","114","4.27.2017","12:50",15,"larrea","post","gb.solitary.bee","Eucera","fly near","flower","",""
"250","114","4.27.2017","12:50",15,"larrea","post","gb.solitary.bee","Eucera","fly near","flower","",""
"251","114","4.27.2017","12:50",15,"larrea","post","gb.solitary.bee","Eucera","landing","flower","",""
"252","269","4.27.2017","13:10",15,"larrea","post","solitary.bee","solitary.bee","fly near","flower","medium",""
"253","269","4.27.2017","13:10",15,"larrea","post","lepidoptera","lepidoptera","fly near","flower","swallowtail",""
"254","269","4.27.2017","13:10",15,"larrea","post","solitary.bee","solitary.bee","fly near","flower","medium",""
"255","269","4.27.2017","13:10",15,"larrea","post","apis.mellifera","Apis mellifera","fly near","flower","",""
"256","269","4.27.2017","13:10",15,"larrea","post","fuzzygrey.solitary.bee","Hesperapis larrae","fly near","flower","",""
"257","269","4.27.2017","13:10",15,"larrea","post","bombylid","bombylidae","landing","understory","black and white wings, brown/pink abdomen",""
"258","269","4.27.2017","13:10",15,"larrea","post","fuzzygrey.solitary.bee","Hesperapis larrae","fly near","branch","",""
"259","269","4.27.2017","13:10",15,"larrea","post","fuzzygrey.solitary.bee","Hesperapis larrae","fly near","branch","",""
"260","269","4.27.2017","13:10",15,"larrea","post","apis.mellifera","Apis mellifera","landing","flower","",""
"261","269","4.27.2017","13:10",15,"larrea","post","fly","fly","fly near","flower","",""
"262","269","4.27.2017","13:10",15,"larrea","post","fly","fly","fly near","flower","",""
"263","269","4.27.2017","13:10",15,"larrea","post","bee","hoplitis","","also photo","V",""
"264","270","4.27.2017","13:29",15,"larrea","post","apis.mellifera","Apis mellifera","landing","flower","",""
"265","270","4.27.2017","13:29",15,"larrea","post","apis.mellifera","Apis mellifera","landing","flower","",""
"266","270","4.27.2017","13:29",15,"larrea","post","ladybeetle","lady beetle","landing","flower","",""
"267","270","4.27.2017","13:29",15,"larrea","post","apis.mellifera","Apis mellifera","landing","flower","",""
"268","270","4.27.2017","13:29",15,"larrea","post","fly","diptera","fly near","branch","tiny",""
"269","270","4.27.2017","13:29",15,"larrea","post","apis.mellifera","Apis mellifera","landing","flower","",""
"270","270","4.27.2017","13:29",15,"larrea","post","fuzzygrey.solitary.bee","Hesperapis larrae","fly near","flower","",""
"271","270","4.27.2017","13:29",15,"larrea","post","apis.mellifera","Apis mellifera","landing","flower","",""
"272","270","4.27.2017","13:29",15,"larrea","post","apis.mellifera","Apis mellifera","landing","flower","",""
"273","288","4.27.2017","13:50",15,"larrea","post","syrphid","Syrphidae","fly near","flower","",""
"274","288","4.27.2017","13:50",15,"larrea","post","fuzzygrey.solitary.bee","Hesperapis larrae","fly near","flower","",""
"275","288","4.27.2017","13:50",15,"larrea","post","fuzzygrey.solitary.bee","Hesperapis larrae","fly near","flower","",""
"276","288","4.27.2017","13:50",15,"larrea","post","fuzzygrey.solitary.bee","Hesperapis larrae","fly near","flower","",""
"277","288","4.27.2017","13:50",15,"larrea","post","muscoid","Muscoidea","landing","flower","shiny blue",""
"278","288","4.27.2017","13:50",15,"larrea","post","hemiptera","Hemipteraea","landing","branch","on buds, picture, brown",""
"279","286","4.27.2017","14:07",15,"larrea","post","formicidae","ant","crawling","flower","",""
"280","190","4.27.2017","14:26",15,"larrea","post","large bee","Eucera","landing","flower","caught, new","V"
"281","190","4.27.2017","14:26",15,"larrea","post","fuzzygrey.solitary.bee","Hesperapis larrae","fly near","flower","",""
"282","190","4.27.2017","14:26",15,"larrea","post","fuzzygrey.solitary.bee","Hesperapis larrae","fly near","flower","",""
"283","190","4.27.2017","14:26",15,"larrea","post","fuzzygrey.solitary.bee","Hesperapis larrae","fly near","flower","",""
"284","190","4.27.2017","14:26",15,"larrea","post","fuzzygrey.solitary.bee","Hesperapis larrae","fly near","flower","",""
"285","190","4.27.2017","14:26",15,"larrea","post","solitary.bee","dark bee","fly near","flower","dark, fast",""
"286","181","4.29.2017","14:30",15,"larrea","post","fuzzygrey.solitary.bee","Hesperapis larrae","fly near","flower","",""
"287","181","4.29.2017","14:30",15,"larrea","post","hummingbird","hummingbird","perching","branch","purple throat",""
"288","181","4.29.2017","14:30",15,"larrea","post","fuzzygrey.solitary.bee","Hesperapis larrae","fly near","flower","",""
"289","181","4.29.2017","14:30",15,"larrea","post","fuzzygrey.solitary.bee","Hesperapis larrae","landing","flower","","V"
"290","181","4.29.2017","14:30",15,"larrea","post","fuzzygrey.solitary.bee","Hesperapis larrae","fly near","flower","",""
"291","181","4.29.2017","14:30",15,"larrea","post","centris","centris rhodopus","landing","flower","",""
"292","186","4.29.2017","14:50",15,"larrea","post","pentamoidae","Pentamoidae","landing","flower","green",""
"293","186","4.29.2017","14:50",15,"larrea","post","lepidoptera","Swallowtail","fly near","understory","swallowtail",""
"294","186","4.29.2017","14:50",15,"larrea","post","syrphid","Syrphidaeae","fly near","buds","",""
"295","272","4.29.2017","15:08",15,"larrea","post","fly","fly","landing","branch","tiny",""
"296","272","4.29.2017","15:08",15,"larrea","post","apis.mellifera","Apis mellifera","landing","flower","",""
"297","272","4.29.2017","15:08",15,"larrea","post","fuzzygrey.solitary.bee","Hesperapis larrae","fly near","flower","",""
"298","272","4.29.2017","15:08",15,"larrea","post","syrphid","Syrphidaeae","fly near","branch","",""
"299","272","4.29.2017","15:08",15,"larrea","post","muscoid","Muscoidea","landing","flower","",""
"300","268","4.29.2017","15:26",15,"larrea","post","solitary.bee","solitary.bee","landing","flower","yellow and black striped medium",""
"301","268","4.29.2017","15:26",15,"larrea","post","fuzzygrey.solitary.bee","Hesperapis larrae","landing","flower","",""
"302","268","4.29.2017","15:26",15,"larrea","post","apis.mellifera","Apis mellifera","landing","flower","",""
"303","268","4.29.2017","15:26",15,"larrea","post","apis.mellifera","Apis mellifera","landing","flower","",""
"304","268","4.29.2017","15:26",15,"larrea","post","apis.mellifera","Apis mellifera","landing","understory","",""
"305","268","4.29.2017","15:26",15,"larrea","post","asilid","asilidae","landing","branch","",""
"306","268","4.29.2017","15:26",15,"larrea","post","solitary.bee","solitary.bee","landing","flower","yellow and black striped, medium, pointy",""
"307","268","4.29.2017","15:26",15,"larrea","post","apis.mellifera","Apis mellifera","landing","flower","",""
"308","268","4.29.2017","15:26",15,"larrea","post","solitary.bee","solitary.bee","landing","flower","medium",""
"309","265","4.29.2017","15:42",15,"larrea","post","fly","fly","landing","flower","tiny",""
"310","265","4.29.2017","15:42",15,"larrea","post","flying?","?","landing","flower","",""
"311","265","4.29.2017","15:42",15,"larrea","post","syrphid","Syrphidaeae","fly near","branch","",""
"312","265","4.29.2017","15:42",15,"larrea","post","fly","fly","landing","flower","tiny white",""
"313","104","4.29.2017","15:59",15,"larrea","post","asilid","asilidae","landing","branch","",""
"314","104","4.29.2017","15:59",15,"larrea","post","fuzzygrey.solitary.bee","Hesperapis larrae","fly near","","",""
"315","104","4.29.2017","15:59",15,"larrea","post","fuzzygrey.solitary.bee","Hesperapis larrae","fly near","","",""
"316","104","4.29.2017","15:59",15,"larrea","post","fly","fly","landing","flower","tiny white",""
"317","104","4.29.2017","15:59",15,"larrea","post","fly","fly","fly near","","tiny black",""
"318","104","4.29.2017","15:59",15,"larrea","post","syrphid","Syrphidaeae","fly near","branch","",""
"319","199","4.30.2017","11:32",15,"larrea","post","fuzzygrey.solitary.bee","Hesperapis larrae","fly near","branch","",""
"320","199","4.30.2017","11:32",15,"larrea","post","fuzzygrey.solitary.bee","Hesperapis larrae","fly near","branch","",""
"321","199","4.30.2017","11:32",15,"larrea","post","fuzzygrey.solitary.bee","Hesperapis larrae","fly near","branch","",""
"322","199","4.30.2017","11:32",15,"larrea","post","fuzzygrey.solitary.bee","Hesperapis larrae","fly near","branch","",""
"323","199","4.30.2017","11:32",15,"larrea","post","fuzzygrey.solitary.bee","Hesperapis larrae","fly near","branch","",""
"324","199","4.30.2017","11:32",15,"larrea","post","fuzzygrey.solitary.bee","Hesperapis larrae","fly near","branch","",""
"325","199","4.30.2017","11:32",15,"larrea","post","fuzzygrey.solitary.bee","Hesperapis larrae","fly near","branch","",""
"326","199","4.30.2017","11:32",15,"larrea","post","apis.mellifera","Apis mellifera","landing","flower","",""
"327","199","4.30.2017","11:32",15,"larrea","post","apis.mellifera","Apis mellifera","landing","flower","",""
"328","199","4.30.2017","11:32",15,"larrea","post","centris","centris rhodopus","landing","flower","",""
"329","199","4.30.2017","11:32",15,"larrea","post","apis.mellifera","Apis mellifera","landing","flower","",""
"330","199","4.30.2017","11:32",15,"larrea","post","apis.mellifera","Apis mellifera","landing","flower","",""
"331","199","4.30.2017","11:32",15,"larrea","post","fuzzygrey.solitary.bee","Hesperapis larrae","fly near","branch","",""
"332","199","4.30.2017","11:32",15,"larrea","post","apis.mellifera","Apis mellifera","landing","flower","",""
"333","199","4.30.2017","11:32",15,"larrea","post","ladybeetle","lady beetle","landing","branch","",""
"334","199","4.30.2017","11:32",15,"larrea","post","fuzzygrey.solitary.bee","Hesperapis larrae","fly near","branch","",""
"335","199","4.30.2017","11:32",15,"larrea","post","apis.mellifera","Apis mellifera","landing","flower","",""
"336","199","4.30.2017","11:32",15,"larrea","post","centris","centris rhodopus","landing","flower","",""
"337","199","4.30.2017","11:32",15,"larrea","post","solitary.bee","solitary.bee","fly near","flower","honeybee sized, white fuzz",""
"338","199","4.30.2017","11:32",15,"larrea","post","solitary.bee","solitary.bee","landing","flower","medium",""
"339","191","4.30.2017","11:51",15,"larrea","post","fuzzygrey.solitary.bee","Hesperapis larrae","fly near","flower","",""
"340","191","4.30.2017","11:51",15,"larrea","post","fuzzygrey.solitary.bee","Hesperapis larrae","fly near","flower","",""
"341","191","4.30.2017","11:51",15,"larrea","post","fuzzygrey.solitary.bee","Hesperapis larrae","fly near","flower","",""
"342","191","4.30.2017","11:51",15,"larrea","post","solitary.bee","solitary.bee","fly near","flower","medium, white face",""
"343","191","4.30.2017","11:51",15,"larrea","post","ladybeetle","lady beetle","landing","flower","",""
"344","184","4.30.2017","12:09",15,"larrea","post","fuzzygrey.solitary.bee","Hesperapis larrae","fly near","flower","",""
"345","184","4.30.2017","12:09",15,"larrea","post","fuzzygrey.solitary.bee","Hesperapis larrae","fly near","flower","",""
"346","184","4.30.2017","12:09",15,"larrea","post","fuzzygrey.solitary.bee","Hesperapis larrae","fly near","flower","",""
"347","184","4.30.2017","12:09",15,"larrea","post","apis.mellifera","Apis mellifera","landing","flower","",""
"348","184","4.30.2017","12:09",15,"larrea","post","fly","fly","landing","flower","tiny",""
"349","296","4.30.2017","12:28",15,"larrea","post","fuzzygrey.solitary.bee","Hesperapis larrae","fly near","","",""
"350","296","4.30.2017","12:28",15,"larrea","post","fuzzygrey.solitary.bee","Hesperapis larrae","fly near","","",""
"351","296","4.30.2017","12:28",15,"larrea","post","fuzzygrey.solitary.bee","Hesperapis larrae","fly near","","",""
"352","296","4.30.2017","12:28",15,"larrea","post","apis.mellifera","Apis mellifera","landing","flower","",""
"353","296","4.30.2017","12:28",15,"larrea","post","fuzzygrey.solitary.bee","Hesperapis larrae","landing","flower","",""
"354","296","4.30.2017","12:28",15,"larrea","post","apis.mellifera","Apis mellifera","landing","flower","",""
"355","296","4.30.2017","12:28",15,"larrea","post","apis.mellifera","Apis mellifera","landing","flower","",""
"356","296","4.30.2017","12:28",15,"larrea","post","solitary.bee","solitary.bee","landing","flower","yellow and black striped abdomen, medium",""
"357","278","4.30.2017","12:46",15,"larrea","post","muscoid","Muscoidea","landing","branch","",""
"358","278","4.30.2017","12:46",15,"larrea","post","fuzzygrey.solitary.bee","Hesperapis larrae","fly near","","",""
"359","278","4.30.2017","12:46",15,"larrea","post","fuzzygrey.solitary.bee","Hesperapis larrae","fly near","","",""
"360","278","4.30.2017","12:46",15,"larrea","post","wasp","wasp","landing","understory","black, on ground",""
"361","278","4.30.2017","12:46",15,"larrea","post","fuzzygrey.solitary.bee","Hesperapis larrae","landing","buds","",""
"362","278","4.30.2017","12:46",15,"larrea","post","fuzzygrey.solitary.bee","Hesperapis larrae","landing","buds","",""
"363","278","4.30.2017","12:46",15,"larrea","post","assasin.bug","assassin bug","landing","branch","",""
"364","278","4.30.2017","12:46",15,"larrea","post","assasin.bug","assassin bug","landing","branch","",""
"365","278","4.30.2017","12:46",15,"larrea","post","apis.mellifera","Apis mellifera","landing","flower","",""
"366","271","4.30.2017","13:02",15,"larrea","post","fuzzygrey.solitary.bee","Hesperapis larrae","fly near","","",""
"367","271","4.30.2017","13:02",15,"larrea","post","solitary.bee","solitary.bee","landing","flower","black and bright yellow abdomen, medium",""
"368","271","4.30.2017","13:02",15,"larrea","post","fuzzygrey.solitary.bee","Hesperapis larrae","fly near","","",""
"369","271","4.30.2017","13:02",15,"larrea","post","fly","fly","landing","flower","drosphila",""
"370","271","4.30.2017","13:02",15,"larrea","post","apis.mellifera","Apis mellifera","landing","flower","",""
"371","183","5.1.2017","12:19",15,"larrea","post","fuzzygrey.solitary.bee","Hesperapis larrae","fly near","","",""
"372","183","5.1.2017","12:19",15,"larrea","post","fuzzygrey.solitary.bee","Hesperapis larrae","fly near","","",""
"373","183","5.1.2017","12:19",15,"larrea","post","apis.mellifera","Apis mellifera","landing","flower","",""
"374","183","5.1.2017","12:19",15,"larrea","post","solitary.bee","solitary.bee","fly near","","medium, unfamiliar",""
"375","183","5.1.2017","12:19",15,"larrea","post","apis.mellifera","Apis mellifera","landing","flower","",""
"376","183","5.1.2017","12:19",15,"larrea","post","apis.mellifera","Apis mellifera","landing","flower","",""
"377","183","5.1.2017","12:19",15,"larrea","post","apis.mellifera","Apis mellifera","landing","flower","",""
"378","183","5.1.2017","12:19",15,"larrea","post","centris","centris rhodopus","landing","flower","",""
"379","183","5.1.2017","12:19",15,"larrea","post","lepidoptera","Swallowtail","fly near","understory","swallowtail",""
"380","183","5.1.2017","12:19",15,"larrea","post","fuzzygrey.solitary.bee","Hesperapis larrae","landing","flower","",""
"381","183","5.1.2017","12:19",15,"larrea","post","ladybeetle","lady beetle","landing","branch","",""
"382","187","5.1.2017","12:36",15,"larrea","post","centris","centris rhodopus","landing","flower","",""
"383","187","5.1.2017","12:36",15,"larrea","post","fuzzygrey.solitary.bee","Hesperapis larrae","fly near","","",""
"384","187","5.1.2017","12:36",15,"larrea","post","fuzzygrey.solitary.bee","Hesperapis larrae","fly near","","",""
"385","187","5.1.2017","12:36",15,"larrea","post","fuzzygrey.solitary.bee","Hesperapis larrae","fly near","","",""
"386","187","5.1.2017","12:36",15,"larrea","post","apis.mellifera","Apis mellifera","landing","flower","",""
"387","187","5.1.2017","12:36",15,"larrea","post","centris","centris rhodopus","landing","flower","",""
"388","187","5.1.2017","12:36",15,"larrea","post","fuzzygrey.solitary.bee","Hesperapis larrae","fly near","","",""
"389","187","5.1.2017","12:36",15,"larrea","post","fuzzygrey.solitary.bee","Hesperapis larrae","fly near","","",""
"390","187","5.1.2017","12:36",15,"larrea","post","fuzzygrey.solitary.bee","Hesperapis larrae","fly near","","",""
"391","290","5.1.2017","12:52",15,"larrea","post","fuzzygrey.solitary.bee","Hesperapis larrae","fly near","","",""
"392","290","5.1.2017","12:52",15,"larrea","post","fuzzygrey.solitary.bee","Hesperapis larrae","fly near","","",""
"393","290","5.1.2017","12:52",15,"larrea","post","fuzzygrey.solitary.bee","Hesperapis larrae","fly near","","",""
"394","290","5.1.2017","12:52",15,"larrea","post","fuzzygrey.solitary.bee","Hesperapis larrae","fly near","","",""
"395","290","5.1.2017","12:52",15,"larrea","post","syrphid","Syrphidaeae","fly near","","",""
"396","290","5.1.2017","12:52",15,"larrea","post","solitary.bee","solitary.bee","fly near","","medium",""
"397","290","5.1.2017","12:52",15,"larrea","post","centris","centris rhodopus","landing","flower","",""
"398","285","5.1.2017","13:11",15,"larrea","post","fuzzygrey.solitary.bee","Hesperapis larrae","fly near","","",""
"399","285","5.1.2017","13:11",15,"larrea","post","fuzzygrey.solitary.bee","Hesperapis larrae","fly near","","",""
"400","285","5.1.2017","13:11",15,"larrea","post","formicidae","ant","crawling","old flower","",""
"401","285","5.1.2017","13:11",15,"larrea","post","ladybeetle","lady beetle","crawling","branch","",""
"402","285","5.1.2017","13:11",15,"larrea","post","centris","centris rhodopus","landing","flower","",""
"403","285","5.1.2017","13:11",15,"larrea","post","lepidoptera","butterfly","fly near","understorey","",""
"404","285","5.1.2017","13:11",15,"larrea","post","centris","centris rhodopus","landing","flower","",""
"405","274","5.1.2017","13:29",15,"larrea","post","ladybeetle","lady beetle","crawling","branch","",""
"406","274","5.1.2017","13:29",15,"larrea","post","fuzzygrey.solitary.bee","Hesperapis larrae","fly near","","",""
"407","274","5.1.2017","13:29",15,"larrea","post","fuzzygrey.solitary.bee","Hesperapis larrae","fly near","","",""
"408","274","5.1.2017","13:29",15,"larrea","post","fuzzygrey.solitary.bee","Hesperapis larrae","fly near","","",""
"409","274","5.1.2017","13:29",15,"larrea","post","fuzzygrey.solitary.bee","Hesperapis larrae","fly near","","",""
"410","274","5.1.2017","13:29",15,"larrea","post","fuzzygrey.solitary.bee","Hesperapis larrae","fly near","","",""
"411","274","5.1.2017","13:29",15,"larrea","post","fuzzygrey.solitary.bee","Hesperapis larrae","fly near","","",""
"412","274","5.1.2017","13:29",15,"larrea","post","ladybeetle","lady beetle","crawling","branch","",""
"413","274","5.1.2017","13:29",15,"larrea","post","solitary.bee","solitary.bee","landing","flower","medium, yellow and black abdomen, pointy",""
"414","274","5.1.2017","13:29",15,"larrea","post","centris","centris rhodopus","landing","flower","",""
"415","274","5.1.2017","13:29",15,"larrea","post","fly","fly","landing","bud","small",""
"416","274","5.1.2017","13:29",15,"larrea","post","ladybeetle","lady beetle","landing","flower","",""
"417","274","5.1.2017","13:29",15,"larrea","post","fuzzygrey.solitary.bee","Hesperapis larrae","fly near","","",""
"418","274","5.1.2017","13:29",15,"larrea","post","fuzzygrey.solitary.bee","Hesperapis larrae","fly near","","",""
"419","274","5.1.2017","13:29",15,"larrea","post","fuzzygrey.solitary.bee","Hesperapis larrae","fly near","","",""
"420","274","5.1.2017","13:29",15,"larrea","post","solitary.bee","solitary.bee","fly near","","medium, yellow and black abdomen, pointy",""
"421","274","5.1.2017","13:29",15,"larrea","post","wasp","parasitoid wasp","landing","bud","tiny black",""
"422","263","5.1.2017","13:46",15,"larrea","post","ladybeetle","lady beetle","crawling","branch","",""
"423","263","5.1.2017","13:46",15,"larrea","post","asilid","asilidae","landing","flower","",""
"424","263","5.1.2017","13:46",15,"larrea","post","apis.mellifera","Apis mellifera","landing","flower","",""
"425","263","5.1.2017","13:46",15,"larrea","post","gb.solitary.bee","","landing","flower","",""
"426","263","5.1.2017","13:46",15,"larrea","post","fuzzygrey.solitary.bee","Hesperapis larrae","fly near","","",""
"427","261","5.2.2017","12:12",15,"larrea","post","fly","fly","landing","bud","tiny",""
"428","261","5.2.2017","12:12",15,"larrea","post","centris","centris rhodopus","landing","flower","",""
"429","261","5.2.2017","12:12",15,"larrea","post","ladybeetle","lady beetle","landing","branch","",""
"430","273","5.2.2017","12:30",15,"larrea","post","apis.mellifera","Apis mellifera","landing","flower","",""
"431","273","5.2.2017","12:30",15,"larrea","post","fuzzygrey.solitary.bee","Hesperapis larrae","fly near","","",""
"432","273","5.2.2017","12:30",15,"larrea","post","apis.mellifera","Apis mellifera","landing","flower","",""
"433","273","5.2.2017","12:30",15,"larrea","post","fuzzygrey.solitary.bee","Hesperapis larrae","fly near","","",""
"434","273","5.2.2017","12:30",15,"larrea","post","fuzzygrey.solitary.bee","Hesperapis larrae","fly near","","",""
"435","273","5.2.2017","12:30",15,"larrea","post","fuzzygrey.solitary.bee","Hesperapis larrae","landing","flower","",""
"436","273","5.2.2017","12:30",15,"larrea","post","solitary.bee","solitary.bee","fly near","","medium",""
"437","273","5.2.2017","12:30",15,"larrea","post","ladybeetle","lady beetle","landing","branch","",""
"438","273","5.2.2017","12:30",15,"larrea","post","apis.mellifera","Apis mellifera","landing","flower","",""
"439","273","5.2.2017","12:30",15,"larrea","post","apis.mellifera","Apis mellifera","landing","flower","",""
"440","273","5.2.2017","12:30",15,"larrea","post","apis.mellifera","Apis mellifera","landing","flower","",""
"441","273","5.2.2017","12:30",15,"larrea","post","apis.mellifera","Apis mellifera","landing","flower","",""
"442","280","5.2.2017","12:46",15,"larrea","post","ladybeetle","lady beetle","landing","branch","",""
"443","280","5.2.2017","12:46",15,"larrea","post","centris","centris rhodopus","landing","flower","black eyes",""
"444","280","5.2.2017","12:46",15,"larrea","post","ladybeetle","lady beetle","landing","branch","",""
"445","280","5.2.2017","12:46",15,"larrea","post","fuzzygrey.solitary.bee","Hesperapis larrae","fly near","","",""
"446","280","5.2.2017","12:46",15,"larrea","post","fuzzygrey.solitary.bee","Hesperapis larrae","fly near","","",""
"447","280","5.2.2017","12:46",15,"larrea","post","muscoid","Muscoidea","landing","branch","",""
"448","280","5.2.2017","12:46",15,"larrea","post","fuzzygrey.solitary.bee","Hesperapis larrae","landing","flower","",""
"449","280","5.2.2017","12:46",15,"larrea","post","ladybeetle","lady beetle","landing","branch","",""
"450","280","5.2.2017","12:46",15,"larrea","post","ladybeetle","lady beetle","landing","branch","",""
"451","280","5.2.2017","12:46",15,"larrea","post","hemiptera","Hesperapis larrae","landing","branch","brown",""
"452","280","5.2.2017","12:46",15,"larrea","post","green.lacewing","green lacewing","landing","bud","","V"
"453","280","5.2.2017","12:46",15,"larrea","post","ladybeetle","lady beetle","landing","branch","",""
"454","280","5.2.2017","12:46",15,"larrea","post","formicidae","ant","landing","flower","",""
"455","283","5.2.2017","13:04",15,"larrea","post","centris","centris rhodopus","landing","flower","red eye",""
"456","283","5.2.2017","13:04",15,"larrea","post","fuzzygrey.solitary.bee","Hesperapis larrae","fly near","","",""
"457","283","5.2.2017","13:04",15,"larrea","post","fuzzygrey.solitary.bee","Hesperapis larrae","fly near","","",""
"458","283","5.2.2017","13:04",15,"larrea","post","apis.mellifera","Apis mellifera","landing","flower","",""
"459","283","5.2.2017","13:04",15,"larrea","post","ladybeetle","lady beetle","landing","branch","",""
"460","283","5.2.2017","13:04",15,"larrea","post","lepidoptera","Moth","landing","flower","moth",""
"461","283","5.2.2017","13:04",15,"larrea","post","apis.mellifera","Apis mellifera","landing","flower","",""
"462","283","5.2.2017","13:04",15,"larrea","post","gb.solitary.bee","","fly near","","",""
"463","283","5.2.2017","13:04",15,"larrea","post","gb.solitary.bee","","landing","flower","","V"
"464","283","5.2.2017","13:04",15,"larrea","post","gb.solitary.bee","","landing","flower","",""
"465","283","5.2.2017","13:04",15,"larrea","post","apis.mellifera","Apis mellifera","landing","flower","",""
"466","291","5.2.2017","13:23",15,"larrea","post","apis.mellifera","Apis mellifera","landing","flower","",""
"467","291","5.2.2017","13:23",15,"larrea","post","apis.mellifera","Apis mellifera","landing","flower","",""
"468","291","5.2.2017","13:23",15,"larrea","post","apis.mellifera","Apis mellifera","landing","flower","",""
"469","291","5.2.2017","13:23",15,"larrea","post","centris","centris rhodopus","landing","flower","",""
"470","291","5.2.2017","13:23",15,"larrea","post","solitary.bee","solitary.bee","landing","flower","grey/black, yellow and black striped abdomen, medium",""
"471","291","5.2.2017","13:23",15,"larrea","post","apis.mellifera","Apis mellifera","landing","flower","",""
"472","291","5.2.2017","13:23",15,"larrea","post","centris","centris rhodopus","landing","flower","",""
"473","291","5.2.2017","13:23",15,"larrea","post","ladybeetle","lady beetle","landing","branch","",""
"474","291","5.2.2017","13:23",15,"larrea","post","fuzzygrey.solitary.bee","Hesperapis larrae","fly near","","",""
"475","291","5.2.2017","13:23",15,"larrea","post","ladybeetle","lady beetle","landing","branch","",""
"476","199","5.2.2017","13:41",15,"larrea","post","fuzzygrey.solitary.bee","Hesperapis larrae","fly near","","",""
"477","199","5.2.2017","13:41",15,"larrea","post","fuzzygrey.solitary.bee","Hesperapis larrae","fly near","","",""
"478","199","5.2.2017","13:41",15,"larrea","post","fuzzygrey.solitary.bee","Hesperapis larrae","fly near","","",""
"479","199","5.2.2017","13:41",15,"larrea","post","fuzzygrey.solitary.bee","Hesperapis larrae","fly near","","",""
"480","199","5.2.2017","13:41",15,"larrea","post","centris","centris rhodopus","landing","flower","",""
"481","199","5.2.2017","13:41",15,"larrea","post","fuzzygrey.solitary.bee","Hesperapis larrae","landing","flower","",""
"482","199","5.2.2017","13:41",15,"larrea","post","fuzzygrey.solitary.bee","Hesperapis larrae","landing","flower","",""
"483","199","5.2.2017","13:41",15,"larrea","post","centris","centris rhodopus","landing","flower","black eyes",""
"484","199","5.2.2017","13:41",15,"larrea","post","apis.mellifera","Apis mellifera","landing","flower","",""
"485","199","5.2.2017","13:41",15,"larrea","post","centris","centris rhodopus","landing","flower","red eyes",""
"486","199","5.2.2017","13:41",15,"larrea","post","apis.mellifera","Apis mellifera","landing","flower","",""
"487","281","5.3.2017","10:57",15,"larrea","post","fuzzygrey.solitary.bee","Hesperapis larrae","fly near","","",""
"488","281","5.3.2017","10:57",15,"larrea","post","fuzzygrey.solitary.bee","Hesperapis larrae","fly near","","",""
"489","281","5.3.2017","10:57",15,"larrea","post","fuzzygrey.solitary.bee","Hesperapis larrae","fly near","","",""
"490","185","5.3.2017","11:16",15,"larrea","post","fuzzygrey.solitary.bee","Hesperapis larrae","fly near","","",""
"491","185","5.3.2017","11:16",15,"larrea","post","fuzzygrey.solitary.bee","Hesperapis larrae","fly near","","",""
"492","185","5.3.2017","11:16",15,"larrea","post","fuzzygrey.solitary.bee","Hesperapis larrae","fly near","","",""
"493","185","5.3.2017","11:16",15,"larrea","post","centris","centris rhodopus","landing","flower","","V"
"494","185","5.3.2017","11:16",15,"larrea","post","centris","centris rhodopus","landing","flower","",""
"495","185","5.3.2017","11:16",15,"larrea","post","fuzzygrey.solitary.bee","Hesperapis larrae","fly near","","",""
"496","185","5.3.2017","11:16",15,"larrea","post","fuzzygrey.solitary.bee","Hesperapis larrae","fly near","","",""
"497","185","5.3.2017","11:16",15,"larrea","post","fuzzygrey.solitary.bee","Hesperapis larrae","fly near","","",""
"498","185","5.3.2017","11:16",15,"larrea","post","solitary.bee","solitary.bee","landing","flower","hairy yellow striped abdomen, medium",""
"499","185","5.3.2017","11:16",15,"larrea","post","gb.solitary.bee","Eucera","landing","flower","",""
"500","185","5.3.2017","11:16",15,"larrea","post","solitary.bee","solitary.bee","landing","flower","small/medium, yellow fuzzy thorax, whitish black striped long abdomen, halictus?",""
"501","185","5.3.2017","11:16",15,"larrea","post","solitary.bee","solitary.bee","landing","flower","small/medium, yellow fuzzy thorax, whitish black striped long abdomen, halictus?",""
"502","193","5.3.2017","11:34",15,"larrea","post","hemiptera","hemiptera","landing","branch","brown",""
"503","193","5.3.2017","11:34",15,"larrea","post","centris","centris rhodopus","landing","flower","",""
"504","193","5.3.2017","11:34",15,"larrea","post","fly","diptera","landing","branch","tiny",""
"505","193","5.3.2017","11:34",15,"larrea","post","bombylid","bombylidae","landing","understory","on ground",""
"506","198","5.3.2017","11:51",15,"larrea","post","solitary.bee","solitary bee","fly near","flower","small, hovering over flowers",""
"507","198","5.3.2017","11:51",15,"larrea","post","apis.mellifera","Apis mellifera","landing","flower","",""
"508","198","5.3.2017","11:51",15,"larrea","post","apis.mellifera","Apis mellifera","landing","flower","",""
"509","198","5.3.2017","11:51",15,"larrea","post","centris","centris rhodopus","landing","flower","",""
"510","198","5.3.2017","11:51",15,"larrea","post","apis.mellifera","Apis mellifera","landing","flower","",""
"511","198","5.3.2017","11:51",15,"larrea","post","wasp","ammophila","fly near","buds","thread waisted, black and red",""
"512","198","5.3.2017","11:51",15,"larrea","post","apis.mellifera","Apis mellifera","landing","flower","",""
"513","198","5.3.2017","11:51",15,"larrea","post","apis.mellifera","Apis mellifera","landing","flower","",""
"514","198","5.3.2017","11:51",15,"larrea","post","centris","centris rhodopus","landing","flower","",""
"515","198","5.3.2017","11:51",15,"larrea","post","solitary.bee","solitary bee","landing","flower","small, dark",""
"516","300","5.3.2017","12:08",15,"larrea","post","muscoid","Muscoidea","landing","branch","",""
"517","300","5.3.2017","12:08",15,"larrea","post","fuzzygrey.solitary.bee","Hesperapis larrae","landing","flower","",""
"518","300","5.3.2017","12:08",15,"larrea","post","centris","centris rhodopus","landing","flower","",""
"519","300","5.3.2017","12:08",15,"larrea","post","solitary.bee","solitary bee","fly near","","yellow and black bee, small",""
"520","300","5.3.2017","12:08",15,"larrea","post","centris","centris rhodopus","landing","flower","",""
"521","300","5.3.2017","12:08",15,"larrea","post","green.wasp?","chrysididae","landing","branch","chrysops?",""
"522","300","5.3.2017","12:08",15,"larrea","post","fuzzygrey.solitary.bee","Hesperapis larrae","landing","flower","",""
"523","300","5.3.2017","12:08",15,"larrea","post","fuzzygrey.solitary.bee","Hesperapis larrae","landing","flower","",""
"524","300","5.3.2017","12:08",15,"larrea","post","ladybeetle","lady beetle","landing","branch","",""
"525","300","5.3.2017","12:08",15,"larrea","post","apis.mellifera","Apis mellifera","landing","flower","",""
"526","300","5.3.2017","12:08",15,"larrea","post","ladybeetle","lady beetle","landing","branch","",""
"527","302","5.3.2017","12:33",15,"larrea","post","fuzzygrey.solitary.bee","Hesperapis larrae","fly near","","",""
"528","302","5.3.2017","12:33",15,"larrea","post","fuzzygrey.solitary.bee","Hesperapis larrae","fly near","","",""
"529","302","5.3.2017","12:33",15,"larrea","post","wasp","ammophila","fly near","buds","thread-waisted, red and black",""
"530","302","5.3.2017","12:33",15,"larrea","post","asilid","asilidae","landing","branch",">2cm",""
"531","302","5.3.2017","12:33",15,"larrea","post","centris","centris rhodopus","landing","flower","",""
"532","302","5.3.2017","12:33",15,"larrea","post","wasp","parasitoid wasp","landing","branch","small, black",""
"533","302","5.3.2017","12:33",15,"larrea","post","apis.mellifera","Apis mellifera","landing","flower","",""
"534","302","5.3.2017","12:33",15,"larrea","post","fuzzygrey.solitary.bee","Hesperapis larrae","fly near","","",""
"535","302","5.3.2017","12:33",15,"larrea","post","fuzzygrey.solitary.bee","Hesperapis larrae","fly near","","",""
"536","302","5.3.2017","12:33",15,"larrea","post","hemiptera","Hemiptera","landing","branch","brown",""
"537","302","5.3.2017","12:33",15,"larrea","post","wasp","parasitoid wasp","landing","bud","tiny black, parastoid",""
"538","302","5.3.2017","12:33",15,"larrea","post","solitary.bee","Halicitidae?","landing","flower","halicitid? yellow and black abdomen sparse yellow fuzz on thorax and abdomen",""
"539","302","5.3.2017","12:33",15,"larrea","post","lepidoptera","Swallowtail","fly near","","swallowtail",""
